-- phpMyAdmin SQL Dump
-- version 3.4.11.1deb2+deb7u1
-- http://www.phpmyadmin.net
--
-- Host: localhost
-- Generation Time: Nov 14, 2014 at 08:52 PM
-- Server version: 5.5.37
-- PHP Version: 5.4.4-14+deb7u12

SET SQL_MODE="NO_AUTO_VALUE_ON_ZERO";
SET time_zone = "+00:00";


/*!40101 SET @OLD_CHARACTER_SET_CLIENT=@@CHARACTER_SET_CLIENT */;
/*!40101 SET @OLD_CHARACTER_SET_RESULTS=@@CHARACTER_SET_RESULTS */;
/*!40101 SET @OLD_COLLATION_CONNECTION=@@COLLATION_CONNECTION */;
/*!40101 SET NAMES utf8 */;

--
-- Database: `c1lpa`
--

-- --------------------------------------------------------

--
-- Table structure for table `apl_acte`
--

DROP TABLE IF EXISTS `apl_acte`;
CREATE TABLE IF NOT EXISTS `apl_acte` (
  `id` int(11) NOT NULL AUTO_INCREMENT,
  `doc_nr` varchar(50) NOT NULL,
  `title` varchar(500) NOT NULL,
  `type` enum('Dispoziție','Decizie') NOT NULL DEFAULT 'Decizie',
  `date_upload` timestamp NOT NULL DEFAULT CURRENT_TIMESTAMP,
  `emitent` enum('Primaria','Consiliu Local') NOT NULL,
  PRIMARY KEY (`id`)
) ENGINE=InnoDB DEFAULT CHARSET=utf8 AUTO_INCREMENT=1 ;

-- --------------------------------------------------------

--
-- Table structure for table `apl_calendar_group`
--

DROP TABLE IF EXISTS `apl_calendar_group`;
CREATE TABLE IF NOT EXISTS `apl_calendar_group` (
  `id` int(11) NOT NULL AUTO_INCREMENT,
  `name` varchar(250) NOT NULL,
  `date_created` timestamp NOT NULL DEFAULT CURRENT_TIMESTAMP,
  PRIMARY KEY (`id`)
) ENGINE=InnoDB DEFAULT CHARSET=utf8 AUTO_INCREMENT=1 ;

-- --------------------------------------------------------

--
-- Table structure for table `apl_calendar_item`
--

DROP TABLE IF EXISTS `apl_calendar_item`;
CREATE TABLE IF NOT EXISTS `apl_calendar_item` (
  `id` int(11) NOT NULL AUTO_INCREMENT,
  `calendar_group_id` int(11) NOT NULL DEFAULT '0',
  `event_date` datetime NOT NULL,
  `created_at` timestamp NOT NULL DEFAULT CURRENT_TIMESTAMP,
  `user_id` int(11) NOT NULL,
  `period` varchar(250) NOT NULL,
  `enabled` int(1) NOT NULL DEFAULT '1',
  `repeat_frequency` enum('none','zilnic','saptaminal','lunar','anual') NOT NULL DEFAULT 'none',
  `repeat_to_date` timestamp NOT NULL DEFAULT '0000-00-00 00:00:00',
  `person_id` int(11) NOT NULL DEFAULT '0',
  `post_id` int(11) NOT NULL DEFAULT '0',
  PRIMARY KEY (`id`)
) ENGINE=InnoDB DEFAULT CHARSET=utf8 AUTO_INCREMENT=1 ;

-- --------------------------------------------------------

--
-- Table structure for table `apl_calendar_item_lang`
--

DROP TABLE IF EXISTS `apl_calendar_item_lang`;
CREATE TABLE IF NOT EXISTS `apl_calendar_item_lang` (
  `id` int(11) NOT NULL AUTO_INCREMENT,
  `calendar_item_id` int(11) NOT NULL,
  `lang_id` int(11) NOT NULL,
  `title` varchar(250) NOT NULL,
  `location` varchar(500) NOT NULL,
  PRIMARY KEY (`id`)
) ENGINE=InnoDB DEFAULT CHARSET=utf8 AUTO_INCREMENT=1 ;

-- --------------------------------------------------------

--
-- Table structure for table `apl_calendar_post`
--

DROP TABLE IF EXISTS `apl_calendar_post`;
CREATE TABLE IF NOT EXISTS `apl_calendar_post` (
  `id` int(11) NOT NULL AUTO_INCREMENT,
  `post_id` int(11) NOT NULL,
  `calendar_group_id` int(11) NOT NULL,
  PRIMARY KEY (`id`)
) ENGINE=InnoDB DEFAULT CHARSET=utf8 AUTO_INCREMENT=1 ;

-- --------------------------------------------------------

--
-- Table structure for table `apl_category_lang`
--

DROP TABLE IF EXISTS `apl_category_lang`;
CREATE TABLE IF NOT EXISTS `apl_category_lang` (
  `id` int(11) NOT NULL AUTO_INCREMENT,
  `category_id` int(11) NOT NULL,
  `title` varchar(250) NOT NULL,
  `uri` varchar(250) NOT NULL,
  `enabled` int(1) NOT NULL DEFAULT '1',
  PRIMARY KEY (`id`)
) ENGINE=InnoDB DEFAULT CHARSET=utf8 AUTO_INCREMENT=1 ;

-- --------------------------------------------------------

--
-- Table structure for table `apl_complaint`
--

DROP TABLE IF EXISTS `apl_complaint`;
CREATE TABLE IF NOT EXISTS `apl_complaint` (
  `id` int(11) NOT NULL AUTO_INCREMENT,
  `post_id` int(11) NOT NULL,
  `username` varchar(255) NOT NULL,
  `email` varchar(150) NOT NULL,
  `address` varchar(255) NOT NULL,
  `title` varchar(255) NOT NULL,
  `text` text NOT NULL,
  `response` text NOT NULL,
  `date_created` timestamp NOT NULL DEFAULT CURRENT_TIMESTAMP,
  `is_private` int(1) NOT NULL DEFAULT '1',
  `enabled` int(1) NOT NULL DEFAULT '0',
  PRIMARY KEY (`id`)
) ENGINE=InnoDB DEFAULT CHARSET=utf8 AUTO_INCREMENT=1 ;

-- --------------------------------------------------------

--
-- Table structure for table `apl_feed`
--

DROP TABLE IF EXISTS `apl_feed`;
CREATE TABLE IF NOT EXISTS `apl_feed` (
  `id` int(11) NOT NULL AUTO_INCREMENT,
  `name` varchar(250) NOT NULL,
  `enabled` int(1) NOT NULL DEFAULT '1',
  `limit_value` int(11) NOT NULL DEFAULT '10' COMMENT '0 - unlimited; n - limited',
  `limit_type` enum('none','pagination','strictlimit') NOT NULL DEFAULT 'none' COMMENT '0 - pagination; 1 - strict limit',
  `order_by` enum('title','created_at','views','none') NOT NULL DEFAULT 'none' COMMENT 'feed_field_id',
  `order_type` enum('asc','desc','none') NOT NULL DEFAULT 'none' COMMENT 'none - disable order',
  PRIMARY KEY (`id`)
) ENGINE=InnoDB  DEFAULT CHARSET=utf8 AUTO_INCREMENT=22 ;

--
-- Dumping data for table `apl_feed`
--

INSERT INTO `apl_feed` (`id`, `name`, `enabled`, `limit_value`, `limit_type`, `order_by`, `order_type`) VALUES
(1, 'Grădinițe, gimnazii, licee', 1, 0, 'strictlimit', 'title', 'asc'),
(2, 'FAQ', 1, 0, 'none', 'created_at', 'desc'),
(3, 'Orase', 1, 100, 'none', 'title', 'asc'),
(4, 'Autorizația de Construcție', 1, 0, 'none', 'none', 'none'),
(5, 'Contacte Utile', 1, 0, 'none', 'none', 'none'),
(6, 'Discursuri si prelegeri publice', 1, 10, 'pagination', 'title', 'desc'),
(7, 'Cadrul legal al APL', 1, 0, 'none', 'created_at', 'desc'),
(8, 'Lista de fisiere', 1, 0, 'none', 'none', 'none'),
(9, 'Posturi vacante', 1, 3, 'pagination', 'created_at', 'desc'),
(10, 'Achiziții publice', 1, 1, 'strictlimit', 'created_at', 'desc'),
(11, 'Proiecte curente', 1, 0, 'none', 'created_at', 'desc'),
(12, 'Dosare secretar', 1, 0, 'none', 'title', 'desc'),
(13, 'Video', 1, 15, 'pagination', 'created_at', 'desc'),
(14, 'Anunturi', 1, 10, 'pagination', 'created_at', 'desc'),
(15, 'Noutățile primăriei', 1, 6, 'pagination', 'created_at', 'desc'),
(16, 'Sendințe', 1, 0, 'none', 'created_at', 'desc'),
(17, 'Planuri de actiune', 1, 10, 'strictlimit', 'created_at', 'asc'),
(18, 'Regulamentul cu privire la modul de stabilire şi plată a ajutorului social.', 1, 0, 'none', 'none', 'none'),
(19, 'Consultari publice', 1, 6, 'pagination', 'created_at', 'desc');

-- --------------------------------------------------------

--
-- Table structure for table `apl_feed_field`
--

DROP TABLE IF EXISTS `apl_feed_field`;
CREATE TABLE IF NOT EXISTS `apl_feed_field` (
  `id` int(11) NOT NULL AUTO_INCREMENT,
  `title` varchar(300) NOT NULL,
  `fkey` varchar(50) NOT NULL,
  `gkeys` text NOT NULL,
  `field_html` text NOT NULL,
  `lang_dependent` int(1) NOT NULL DEFAULT '0',
  `in_form` int(1) NOT NULL DEFAULT '1',
  `value_filter` varchar(200) NOT NULL,
  `check_filter` varchar(200) NOT NULL,
  `get_filter` varchar(200) NOT NULL,
  PRIMARY KEY (`id`)
) ENGINE=InnoDB  DEFAULT CHARSET=utf8 AUTO_INCREMENT=25 ;

--
-- Dumping data for table `apl_feed_field`
--

INSERT INTO `apl_feed_field` (`id`, `title`, `fkey`, `gkeys`, `field_html`, `lang_dependent`, `in_form`, `value_filter`, `check_filter`, `get_filter`) VALUES
(4, 'Adresa 1', 'address_one', 'locations,towns', '<input type="text" value="{value}" class="{class}" name="{name}" /> ', 1, 1, '', '', ''),
(5, 'Adresa 2', 'address_two', 'locations', '<input type="text" value="{value}" class="{class}" name="{name}" /> ', 1, 1, '', '', ''),
(6, 'Telefon 1', 'phone_one', 'locations,phones', '<input type="text" value="{value}" class="{class}" name="{name}" /> ', 0, 1, '', '', ''),
(7, 'Telefon 2', 'phone_two', 'locations', '<input type="text" value="{value}" class="{class}" name="{name}" /> ', 0, 1, '', '', ''),
(8, 'Fax', 'fax', 'locations', '<input type="text" value="{value}" class="{class}" name="{name}" /> ', 0, 1, '', '', ''),
(9, 'Website', 'website', 'locations,towns', '<input type="text" value="{value}" class="{class}" name="{name}" /> ', 0, 1, '', '', ''),
(10, 'Documente', 'docs', 'docs,acts,project', '{value}', 1, 0, 'fileListValue', '', 'fileListPrepare'),
(11, 'Data', 'date_point', 'jobs,acts', '    <div class="input-group date datetimepicker  col-lg-6">        <input type="text" class="form-control" value="{value}" name="{name}" data-date-format="YYYY-MM-DD hh:mm:ss" />		<span class="input-group-addon"><span class="glyphicon-calendar glyphicon"></span></span>    </div>', 0, 1, '', '', ''),
(12, 'Interval proiect', 'pr_date_interval', 'project', '<input type="text" value="{value}" class="{class}" name="{name}" /> ', 0, 1, '', '', ''),
(13, 'Domeniul proiectului', 'pr_domain', 'project', '<textarea name="{name}" class="ckeditor-run {class}">{value}</textarea>', 1, 1, '', '', ''),
(14, 'Starea proiectului', 'pr_state', 'project', '<input type="text" value="{value}" class="{class}" name="{name}" />', 1, 1, '', '', ''),
(15, 'Valoarea proiectului', 'pr_value', 'project', '<input type="text" value="{value}" class="{class}" name="{name}" /> ', 1, 1, '', '', ''),
(16, 'Partenerii proiectului', 'pr_partners', 'project', '<textarea name="{name}" class="ckeditor-run {class}">{value}</textarea>', 1, 1, '', '', ''),
(17, 'Activitatea in proiect', 'pr_activites', 'project', '<textarea name="{name}" class="ckeditor-run {class}">{value}</textarea>', 1, 1, '', '', ''),
(18, 'Produsele proiectului', 'pr_products', 'project', '<textarea name="{name}" class="ckeditor-run {class}">{value}</textarea>', 1, 1, '', '', ''),
(19, 'Rezultatele proiectului', 'pr_results', 'project', '<textarea name="{name}" class="ckeditor-run {class}">{value}</textarea>', 1, 1, '', '', ''),
(20, 'Obiectivele proiectului', 'pr_objectives', 'project', '<textarea name="{name}" class="ckeditor-run {class}">{value}</textarea>', 1, 1, '', '', ''),
(22, 'Interval Ora', 'hours', 'sessions', '<input type="text" value="{value}" class="{class}" name="{name}" /> ', 1, 1, '', '', ''),
(23, 'Locatia', 'location', 'sessions', '<input type="text" value="{value}" class="{class}" name="{name}" /> ', 1, 1, '', '', ''),
(24, 'Cîmpuri adiționale', 'pr_aditional_fields', 'project', '{value}', 0, 1, 'addFieldsValue', 'addFieldsPrepare', 'addFieldsPrepare');

-- --------------------------------------------------------

--
-- Table structure for table `apl_feed_field_group`
--

DROP TABLE IF EXISTS `apl_feed_field_group`;
CREATE TABLE IF NOT EXISTS `apl_feed_field_group` (
  `key` varchar(100) NOT NULL,
  `name` varchar(255) NOT NULL,
  PRIMARY KEY (`key`)
) ENGINE=InnoDB DEFAULT CHARSET=utf8;

--
-- Dumping data for table `apl_feed_field_group`
--

INSERT INTO `apl_feed_field_group` (`key`, `name`) VALUES
('acts', 'Achizitii'),
('docs', 'Documente / Dosare'),
('jobs', 'Posturi vacante'),
('locations', 'Locatii/Intreprinderi/Institutii'),
('phones', 'Numere de telefon'),
('project', 'Proiect'),
('sessions', 'Sedinte'),
('towns', 'Orase');

-- --------------------------------------------------------

--
-- Table structure for table `apl_feed_field_value`
--

DROP TABLE IF EXISTS `apl_feed_field_value`;
CREATE TABLE IF NOT EXISTS `apl_feed_field_value` (
  `id` int(11) NOT NULL AUTO_INCREMENT,
  `lang_id` int(11) NOT NULL DEFAULT '0',
  `feed_field_id` int(11) NOT NULL,
  `post_id` int(11) NOT NULL,
  `value` text NOT NULL,
  PRIMARY KEY (`id`)
) ENGINE=InnoDB DEFAULT CHARSET=utf8 AUTO_INCREMENT=1 ;

-- --------------------------------------------------------

--
-- Table structure for table `apl_feed_post`
--

DROP TABLE IF EXISTS `apl_feed_post`;
CREATE TABLE IF NOT EXISTS `apl_feed_post` (
  `id` int(11) NOT NULL AUTO_INCREMENT,
  `feed_id` int(11) NOT NULL,
  `post_id` int(11) NOT NULL,
  PRIMARY KEY (`id`)
) ENGINE=InnoDB DEFAULT CHARSET=utf8 AUTO_INCREMENT=1 ;

-- --------------------------------------------------------

--
-- Table structure for table `apl_feed_rel`
--

DROP TABLE IF EXISTS `apl_feed_rel`;
CREATE TABLE IF NOT EXISTS `apl_feed_rel` (
  `id` int(11) NOT NULL AUTO_INCREMENT,
  `feed_id` int(11) NOT NULL,
  `feed_field_id` int(11) NOT NULL,
  PRIMARY KEY (`id`)
) ENGINE=InnoDB  DEFAULT CHARSET=utf8 AUTO_INCREMENT=37 ;

--
-- Dumping data for table `apl_feed_rel`
--

INSERT INTO `apl_feed_rel` (`id`, `feed_id`, `feed_field_id`) VALUES
(1, 1, 4),
(2, 1, 5),
(3, 1, 6),
(4, 1, 7),
(5, 1, 8),
(6, 1, 9),
(8, 3, 9),
(9, 5, 6),
(10, 7, 9),
(11, 8, 10),
(12, 10, 10),
(13, 10, 11),
(14, 11, 10),
(15, 11, 12),
(16, 11, 13),
(17, 11, 14),
(18, 11, 15),
(19, 11, 16),
(20, 11, 17),
(21, 11, 18),
(22, 11, 19),
(23, 11, 20),
(24, 11, 21),
(25, 9, 11),
(26, 12, 10),
(28, 16, 22),
(29, 16, 23),
(30, 19, 10),
(31, 19, 11),
(32, 11, 24),
(33, 20, 6),
(36, 3, 4);

-- --------------------------------------------------------

--
-- Table structure for table `apl_file`
--

DROP TABLE IF EXISTS `apl_file`;
CREATE TABLE IF NOT EXISTS `apl_file` (
  `id` int(11) NOT NULL AUTO_INCREMENT,
  `name` varchar(250) NOT NULL,
  `path` text NOT NULL,
  `type` varchar(20) NOT NULL,
  `extension` varchar(10) NOT NULL,
  `size` decimal(10,2) NOT NULL,
  `date_uploaded` timestamp NOT NULL DEFAULT CURRENT_TIMESTAMP,
  `module_name` varchar(20) NOT NULL,
  `module_id` int(11) NOT NULL,
  `status` tinyint(1) NOT NULL DEFAULT '1',
  `ord` int(11) NOT NULL,
  PRIMARY KEY (`id`)
) ENGINE=InnoDB  DEFAULT CHARSET=utf8 AUTO_INCREMENT=463 ;

--
-- Dumping data for table `apl_file`
--

INSERT INTO `apl_file` (`id`, `name`, `path`, `type`, `extension`, `size`, `date_uploaded`, `module_name`, `module_id`) VALUES
(451, 'b1.png', 'upload/icons/b1.png', 'image', 'png', 1761.00, '2014-11-14 18:28:04', 'page_icon_big', 103),
(452, 's1.jpg', 'upload/icons/s1.jpg', 'image', 'jpg', 1952.00, '2014-11-14 18:28:17', 'page_icon', 103),
(453, 'h1.jpg', 'upload/icons/h1.jpg', 'image', 'jpg', 2097.00, '2014-11-14 18:29:55', 'page_icon_active', 103),
(454, 'b2.png', 'upload/icons/b2.png', 'image', 'png', 1924.00, '2014-11-14 18:30:21', 'page_icon_big', 104),
(455, 's2.jpg', 'upload/icons/s2.jpg', 'image', 'jpg', 2058.00, '2014-11-14 18:30:30', 'page_icon', 104),
(456, 'h2.jpg', 'upload/icons/h2.jpg', 'image', 'jpg', 2239.00, '2014-11-14 18:30:36', 'page_icon_active', 104),
(457, 'b3.png', 'upload/icons/b3.png', 'image', 'png', 2082.00, '2014-11-14 18:30:59', 'page_icon_big', 105),
(458, 's3.jpg', 'upload/icons/s3.jpg', 'image', 'jpg', 2117.00, '2014-11-14 18:32:13', 'page_icon', 105),
(459, 'h3.jpg', 'upload/icons/h3.jpg', 'image', 'jpg', 2287.00, '2014-11-14 18:32:22', 'page_icon_active', 105),
(460, 'b4.png', 'upload/icons/b4.png', 'image', 'png', 1386.00, '2014-11-14 18:32:42', 'page_icon_big', 106),
(461, 's4.jpg', 'upload/icons/s4.jpg', 'image', 'jpg', 1978.00, '2014-11-14 18:32:51', 'page_icon', 106),
(462, 'h4.jpg', 'upload/icons/h4.jpg', 'image', 'jpg', 2150.00, '2014-11-14 18:33:22', 'page_icon_active', 106),
(481, 'defaultLogo.JPG', 'upload/defaultLogo.JPG', 'image', 'JPG', 42061.00, '2014-11-19 15:46:41', 'website_logo_ro', 1),
(482, 'defaultLogo.JPG', 'upload/defaultLogo.JPG', 'image', 'JPG', 42061.00, '2014-11-19 15:46:51', 'website_logo_sm_ro', 1),
(483, 'defaultLogo.JPG', 'upload/defaultLogo.JPG', 'image', 'JPG', 42061.00, '2014-11-19 15:47:15', 'website_logo_ru', 1),
(484, 'defaultLogo.JPG', 'upload/defaultLogo.JPG', 'image', 'JPG', 42061.00, '2014-11-19 15:47:20', 'website_logo_sm_ru', 1),
(485, 'defaultLogo.JPG', 'upload/defaultLogo.JPG', 'image', 'JPG', 42061.00, '2014-11-19 15:47:26', 'website_logo_en', 1),
(486, 'defaultLogo.JPG', 'upload/defaultLogo.JPG', 'image', 'JPG', 42061.00, '2014-11-19 15:47:31', 'website_logo_sm_en', 1),
(487, 'defaultLogo.JPG', 'upload/defaultLogo.JPG', 'image', 'JPG', 42061.00, '2014-11-19 15:47:36', 'website_logo_bg', 1),
(488, 'defaultLogo.JPG', 'upload/defaultLogo.JPG', 'image', 'JPG', 42061.00, '2014-11-19 15:47:40', 'website_logo_sm_bg', 1),
(492, 'Theme1-33.jpg', 'upload/Background/Theme1-33.jpg', 'image', 'jpg', 782012.00, '2014-11-19 15:49:13', 'page_bg', 106),
(493, 'Theme1-31.jpg', 'upload/Background/Theme1-31.jpg', 'image', 'jpg', 303963.00, '2014-11-19 15:49:34', 'page_bg', 105),
(494, 'Theme1-13.JPG', 'upload/Background/Theme1-13.JPG', 'image', 'JPG', 767435.00, '2014-11-19 15:49:50', 'page_bg', 104),
(495, 'Theme1-07.JPG', 'upload/Background/Theme1-07.JPG', 'image', 'JPG', 1017852.00, '2014-11-19 15:50:36', 'page_bg', 103),
(496, 'Theme2-Interior-12.JPG', 'upload/Background/Theme2-Interior-12.JPG', 'image', 'JPG', 640001.00, '2014-11-19 15:57:23', 'page_bg', 107),
(497, 'Theme2-Interior-35.JPG', 'upload/Background/Theme2-Interior-35.JPG', 'image', 'JPG', 325721.00, '2014-11-19 15:57:54', 'page_bg', 116),
(498, 'Theme2-Interior-48.JPG', 'upload/Background/Theme2-Interior-48.JPG', 'image', 'JPG', 280672.00, '2014-11-19 15:58:17', 'page_bg', 119),
(499, 'Theme2-Interior-50.JPG', 'upload/Background/Theme2-Interior-50.JPG', 'image', 'JPG', 722232.00, '2014-11-19 16:00:59', 'page_bg', 122);

-- --------------------------------------------------------

--
-- Table structure for table `apl_firechat`
--

DROP TABLE IF EXISTS `apl_firechat`;
CREATE TABLE IF NOT EXISTS `apl_firechat` (
  `id` int(11) NOT NULL AUTO_INCREMENT,
  `active` int(1) NOT NULL DEFAULT '1',
  `date_created` timestamp NOT NULL DEFAULT CURRENT_TIMESTAMP,
  `person_id` int(11) NOT NULL,
  `user_name` varchar(100) NOT NULL,
  `user_email` varchar(100) NOT NULL,
  `roomId` varchar(50) NOT NULL,
  `userId` varchar(50) NOT NULL,
  PRIMARY KEY (`id`)
) ENGINE=InnoDB DEFAULT CHARSET=utf8 AUTO_INCREMENT=1 ;

-- --------------------------------------------------------

--
-- Table structure for table `apl_gallery`
--

DROP TABLE IF EXISTS `apl_gallery`;
CREATE TABLE IF NOT EXISTS `apl_gallery` (
  `id` int(11) NOT NULL AUTO_INCREMENT,
  `name` varchar(250) NOT NULL,
  `folder` varchar(250) NOT NULL,
  PRIMARY KEY (`id`)
) ENGINE=InnoDB DEFAULT CHARSET=utf8 AUTO_INCREMENT=1 ;

-- --------------------------------------------------------

--
-- Table structure for table `apl_gallery_post`
--

DROP TABLE IF EXISTS `apl_gallery_post`;
CREATE TABLE IF NOT EXISTS `apl_gallery_post` (
  `id` int(11) NOT NULL AUTO_INCREMENT,
  `post_id` int(11) NOT NULL,
  `gallery_id` int(11) NOT NULL,
  PRIMARY KEY (`id`)
) ENGINE=InnoDB DEFAULT CHARSET=utf8 AUTO_INCREMENT=1 ;

-- --------------------------------------------------------

--
-- Table structure for table `apl_job_requests`
--

DROP TABLE IF EXISTS `apl_job_requests`;
CREATE TABLE IF NOT EXISTS `apl_job_requests` (
  `id` int(11) NOT NULL AUTO_INCREMENT,
  `post_id` int(11) NOT NULL,
  `name` varchar(200) NOT NULL,
  `cv_path` varchar(500) NOT NULL,
  `date_created` timestamp NOT NULL DEFAULT CURRENT_TIMESTAMP,
  PRIMARY KEY (`id`)
) ENGINE=InnoDB DEFAULT CHARSET=utf8 AUTO_INCREMENT=1 ;

-- --------------------------------------------------------

--
-- Table structure for table `apl_lang`
--

DROP TABLE IF EXISTS `apl_lang`;
CREATE TABLE IF NOT EXISTS `apl_lang` (
  `id` int(11) NOT NULL AUTO_INCREMENT,
  `name` varchar(50) NOT NULL,
  `ext` varchar(2) NOT NULL,
  `enabled` int(1) NOT NULL DEFAULT '1',
  PRIMARY KEY (`id`)
) ENGINE=InnoDB  DEFAULT CHARSET=utf8 AUTO_INCREMENT=8 ;

--
-- Dumping data for table `apl_lang`
--

INSERT INTO `apl_lang` (`id`, `name`, `ext`, `enabled`) VALUES
(1, 'Română', 'ro', 1),
(2, 'Руский', 'ru', 1),
(6, 'English', 'en', 1),
(7, 'Български', 'bg', 1);

-- --------------------------------------------------------

--
-- Table structure for table `apl_logs`
--

DROP TABLE IF EXISTS `apl_logs`;
CREATE TABLE IF NOT EXISTS `apl_logs` (
  `id` int(11) NOT NULL AUTO_INCREMENT,
  `event_date` timestamp NOT NULL DEFAULT CURRENT_TIMESTAMP,
  `level` varchar(10) NOT NULL,
  `message` text NOT NULL,
  `url` varchar(500) NOT NULL,
  `ip` varchar(50) NOT NULL,
  `user_id` int(11) NOT NULL,
  PRIMARY KEY (`id`)
) ENGINE=InnoDB  DEFAULT CHARSET=utf8 AUTO_INCREMENT=49 ;

--
-- Dumping data for table `apl_logs`
--

INSERT INTO `apl_logs` (`id`, `event_date`, `level`, `message`, `url`, `ip`, `user_id`) VALUES
(1, '2014-11-14 14:20:11', 'error', 'exception ''Symfony\\Component\\HttpKernel\\Exception\\NotFoundHttpException'' in /var/www/clients/client1/web21/lpa/vendor/laravel/framework/src/Illuminate/Routing/RouteCollection.php:148\nStack trace:\n#0 /var/www/clients/client1/web21/lpa/vendor/laravel/framework/src/Illuminate/Routing/Router.php(1049): Illuminate\\Routing\\RouteCollection->match(Object(Illuminate\\Http\\Request))\n#1 /var/www/clients/client1/web21/lpa/vendor/laravel/framework/src/Illuminate/Routing/Router.php(1017): Illuminate\\Routing\\Router->findRoute(Object(Illuminate\\Http\\Request))\n#2 /var/www/clients/client1/web21/lpa/vendor/laravel/framework/src/Illuminate/Routing/Router.php(996): Illuminate\\Routing\\Router->dispatchToRoute(Object(Illuminate\\Http\\Request))\n#3 /var/www/clients/client1/web21/lpa/vendor/laravel/framework/src/Illuminate/Foundation/Application.php(776): Illuminate\\Routing\\Router->dispatch(Object(Illuminate\\Http\\Request))\n#4 /var/www/clients/client1/web21/lpa/vendor/laravel/framework/src/Illuminate/Foundation/Application.php(746): Illuminate\\Foundation\\Application->dispatch(Object(Illuminate\\Http\\Request))\n#5 /var/www/clients/client1/web21/lpa/vendor/barryvdh/laravel-debugbar/src/Barryvdh/Debugbar/Middleware.php(34): Illuminate\\Foundation\\Application->handle(Object(Illuminate\\Http\\Request), 1, true)\n#6 /var/www/clients/client1/web21/lpa/vendor/laravel/framework/src/Illuminate/Session/Middleware.php(72): Barryvdh\\Debugbar\\Middleware->handle(Object(Illuminate\\Http\\Request), 1, true)\n#7 /var/www/clients/client1/web21/lpa/vendor/laravel/framework/src/Illuminate/Cookie/Queue.php(47): Illuminate\\Session\\Middleware->handle(Object(Illuminate\\Http\\Request), 1, true)\n#8 /var/www/clients/client1/web21/lpa/vendor/laravel/framework/src/Illuminate/Cookie/Guard.php(51): Illuminate\\Cookie\\Queue->handle(Object(Illuminate\\Http\\Request), 1, true)\n#9 /var/www/clients/client1/web21/lpa/vendor/stack/builder/src/Stack/StackedHttpKernel.php(23): Illuminate\\Cookie\\Guard->handle(Object(Illuminate\\Http\\Request), 1, true)\n#10 /var/www/clients/client1/web21/lpa/vendor/laravel/framework/src/Illuminate/Foundation/Application.php(642): Stack\\StackedHttpKernel->handle(Object(Illuminate\\Http\\Request))\n#11 /var/www/clients/client1/web21/lpa/index.php(60): Illuminate\\Foundation\\Application->run()\n#12 {main}', 'http://lpa.devebs.net/apps/backend/views/templates/Default/assets/img/pattern/black_paper.png', '92.115.237.211', 0),
(2, '2014-11-14 15:53:51', 'error', 'exception ''Symfony\\Component\\HttpKernel\\Exception\\NotFoundHttpException'' in /var/www/clients/client1/web21/lpa/vendor/laravel/framework/src/Illuminate/Routing/RouteCollection.php:148\nStack trace:\n#0 /var/www/clients/client1/web21/lpa/vendor/laravel/framework/src/Illuminate/Routing/Router.php(1049): Illuminate\\Routing\\RouteCollection->match(Object(Illuminate\\Http\\Request))\n#1 /var/www/clients/client1/web21/lpa/vendor/laravel/framework/src/Illuminate/Routing/Router.php(1017): Illuminate\\Routing\\Router->findRoute(Object(Illuminate\\Http\\Request))\n#2 /var/www/clients/client1/web21/lpa/vendor/laravel/framework/src/Illuminate/Routing/Router.php(996): Illuminate\\Routing\\Router->dispatchToRoute(Object(Illuminate\\Http\\Request))\n#3 /var/www/clients/client1/web21/lpa/vendor/laravel/framework/src/Illuminate/Foundation/Application.php(776): Illuminate\\Routing\\Router->dispatch(Object(Illuminate\\Http\\Request))\n#4 /var/www/clients/client1/web21/lpa/vendor/laravel/framework/src/Illuminate/Foundation/Application.php(746): Illuminate\\Foundation\\Application->dispatch(Object(Illuminate\\Http\\Request))\n#5 /var/www/clients/client1/web21/lpa/vendor/barryvdh/laravel-debugbar/src/Barryvdh/Debugbar/Middleware.php(34): Illuminate\\Foundation\\Application->handle(Object(Illuminate\\Http\\Request), 1, true)\n#6 /var/www/clients/client1/web21/lpa/vendor/laravel/framework/src/Illuminate/Session/Middleware.php(72): Barryvdh\\Debugbar\\Middleware->handle(Object(Illuminate\\Http\\Request), 1, true)\n#7 /var/www/clients/client1/web21/lpa/vendor/laravel/framework/src/Illuminate/Cookie/Queue.php(47): Illuminate\\Session\\Middleware->handle(Object(Illuminate\\Http\\Request), 1, true)\n#8 /var/www/clients/client1/web21/lpa/vendor/laravel/framework/src/Illuminate/Cookie/Guard.php(51): Illuminate\\Cookie\\Queue->handle(Object(Illuminate\\Http\\Request), 1, true)\n#9 /var/www/clients/client1/web21/lpa/vendor/stack/builder/src/Stack/StackedHttpKernel.php(23): Illuminate\\Cookie\\Guard->handle(Object(Illuminate\\Http\\Request), 1, true)\n#10 /var/www/clients/client1/web21/lpa/vendor/laravel/framework/src/Illuminate/Foundation/Application.php(642): Stack\\StackedHttpKernel->handle(Object(Illuminate\\Http\\Request))\n#11 /var/www/clients/client1/web21/lpa/index.php(60): Illuminate\\Foundation\\Application->run()\n#12 {main}', 'http://lpa.devebs.net/apps/backend/views/templates/Default/assets/img/pattern/black_paper.png', '92.115.237.211', 0),
(3, '2014-11-14 15:57:00', 'info', 'User login', 'http://lpa.devebs.net/admin/auth/take', '92.115.237.211', 1),
(4, '2014-11-14 15:57:34', 'info', 'Edit settings {"pos_lat":"46.879907","pos_long":"28.714485"}', 'http://lpa.devebs.net/admin/settings/save', '92.115.237.211', 1),
(5, '2014-11-14 15:57:43', 'info', 'Edit settings {"pos_lat":"47.021461","pos_long":"28.855934"}', 'http://lpa.devebs.net/admin/settings/save', '92.115.237.211', 1),
(6, '2014-11-14 15:57:54', 'info', 'Edit settings {"pos_lat":"47.015902","pos_long":"28.845892"}', 'http://lpa.devebs.net/admin/settings/save', '92.115.237.211', 1),
(7, '2014-11-14 16:40:25', 'info', 'Edit page #285', 'http://lpa.devebs.net/admin/page/save', '92.115.237.211', 1),
(8, '2014-11-14 16:40:31', 'info', 'Edit page #285', 'http://lpa.devebs.net/admin/page/save', '92.115.237.211', 1),
(9, '2014-11-14 16:40:39', 'info', 'Edit page #285', 'http://lpa.devebs.net/admin/page/save', '92.115.237.211', 1),
(10, '2014-11-14 16:40:44', 'info', 'Edit page #285', 'http://lpa.devebs.net/admin/page/save', '92.115.237.211', 1),
(11, '2014-11-14 16:40:46', 'info', 'Edit page #285', 'http://lpa.devebs.net/admin/page/save', '92.115.237.211', 1),
(12, '2014-11-14 18:27:32', 'error', 'exception ''Symfony\\Component\\HttpKernel\\Exception\\NotFoundHttpException'' in /var/www/clients/client1/web21/lpa/vendor/laravel/framework/src/Illuminate/Routing/RouteCollection.php:148\nStack trace:\n#0 /var/www/clients/client1/web21/lpa/vendor/laravel/framework/src/Illuminate/Routing/Router.php(1049): Illuminate\\Routing\\RouteCollection->match(Object(Illuminate\\Http\\Request))\n#1 /var/www/clients/client1/web21/lpa/vendor/laravel/framework/src/Illuminate/Routing/Router.php(1017): Illuminate\\Routing\\Router->findRoute(Object(Illuminate\\Http\\Request))\n#2 /var/www/clients/client1/web21/lpa/vendor/laravel/framework/src/Illuminate/Routing/Router.php(996): Illuminate\\Routing\\Router->dispatchToRoute(Object(Illuminate\\Http\\Request))\n#3 /var/www/clients/client1/web21/lpa/vendor/laravel/framework/src/Illuminate/Foundation/Application.php(776): Illuminate\\Routing\\Router->dispatch(Object(Illuminate\\Http\\Request))\n#4 /var/www/clients/client1/web21/lpa/vendor/laravel/framework/src/Illuminate/Foundation/Application.php(746): Illuminate\\Foundation\\Application->dispatch(Object(Illuminate\\Http\\Request))\n#5 /var/www/clients/client1/web21/lpa/vendor/barryvdh/laravel-debugbar/src/Barryvdh/Debugbar/Middleware.php(34): Illuminate\\Foundation\\Application->handle(Object(Illuminate\\Http\\Request), 1, true)\n#6 /var/www/clients/client1/web21/lpa/vendor/laravel/framework/src/Illuminate/Session/Middleware.php(72): Barryvdh\\Debugbar\\Middleware->handle(Object(Illuminate\\Http\\Request), 1, true)\n#7 /var/www/clients/client1/web21/lpa/vendor/laravel/framework/src/Illuminate/Cookie/Queue.php(47): Illuminate\\Session\\Middleware->handle(Object(Illuminate\\Http\\Request), 1, true)\n#8 /var/www/clients/client1/web21/lpa/vendor/laravel/framework/src/Illuminate/Cookie/Guard.php(51): Illuminate\\Cookie\\Queue->handle(Object(Illuminate\\Http\\Request), 1, true)\n#9 /var/www/clients/client1/web21/lpa/vendor/stack/builder/src/Stack/StackedHttpKernel.php(23): Illuminate\\Cookie\\Guard->handle(Object(Illuminate\\Http\\Request), 1, true)\n#10 /var/www/clients/client1/web21/lpa/vendor/laravel/framework/src/Illuminate/Foundation/Application.php(642): Stack\\StackedHttpKernel->handle(Object(Illuminate\\Http\\Request))\n#11 /var/www/clients/client1/web21/lpa/index.php(60): Illuminate\\Foundation\\Application->run()\n#12 {main}', 'http://lpa.devebs.net/apps/frontend/views/templates/Default/help/publicConsultations.png', '92.115.237.211', 0),
(13, '2014-11-14 18:27:40', 'error', 'exception ''Symfony\\Component\\HttpKernel\\Exception\\NotFoundHttpException'' in /var/www/clients/client1/web21/lpa/vendor/laravel/framework/src/Illuminate/Routing/RouteCollection.php:148\nStack trace:\n#0 /var/www/clients/client1/web21/lpa/vendor/laravel/framework/src/Illuminate/Routing/Router.php(1049): Illuminate\\Routing\\RouteCollection->match(Object(Illuminate\\Http\\Request))\n#1 /var/www/clients/client1/web21/lpa/vendor/laravel/framework/src/Illuminate/Routing/Router.php(1017): Illuminate\\Routing\\Router->findRoute(Object(Illuminate\\Http\\Request))\n#2 /var/www/clients/client1/web21/lpa/vendor/laravel/framework/src/Illuminate/Routing/Router.php(996): Illuminate\\Routing\\Router->dispatchToRoute(Object(Illuminate\\Http\\Request))\n#3 /var/www/clients/client1/web21/lpa/vendor/laravel/framework/src/Illuminate/Foundation/Application.php(776): Illuminate\\Routing\\Router->dispatch(Object(Illuminate\\Http\\Request))\n#4 /var/www/clients/client1/web21/lpa/vendor/laravel/framework/src/Illuminate/Foundation/Application.php(746): Illuminate\\Foundation\\Application->dispatch(Object(Illuminate\\Http\\Request))\n#5 /var/www/clients/client1/web21/lpa/vendor/barryvdh/laravel-debugbar/src/Barryvdh/Debugbar/Middleware.php(34): Illuminate\\Foundation\\Application->handle(Object(Illuminate\\Http\\Request), 1, true)\n#6 /var/www/clients/client1/web21/lpa/vendor/laravel/framework/src/Illuminate/Session/Middleware.php(72): Barryvdh\\Debugbar\\Middleware->handle(Object(Illuminate\\Http\\Request), 1, true)\n#7 /var/www/clients/client1/web21/lpa/vendor/laravel/framework/src/Illuminate/Cookie/Queue.php(47): Illuminate\\Session\\Middleware->handle(Object(Illuminate\\Http\\Request), 1, true)\n#8 /var/www/clients/client1/web21/lpa/vendor/laravel/framework/src/Illuminate/Cookie/Guard.php(51): Illuminate\\Cookie\\Queue->handle(Object(Illuminate\\Http\\Request), 1, true)\n#9 /var/www/clients/client1/web21/lpa/vendor/stack/builder/src/Stack/StackedHttpKernel.php(23): Illuminate\\Cookie\\Guard->handle(Object(Illuminate\\Http\\Request), 1, true)\n#10 /var/www/clients/client1/web21/lpa/vendor/laravel/framework/src/Illuminate/Foundation/Application.php(642): Stack\\StackedHttpKernel->handle(Object(Illuminate\\Http\\Request))\n#11 /var/www/clients/client1/web21/lpa/index.php(60): Illuminate\\Foundation\\Application->run()\n#12 {main}', 'http://lpa.devebs.net/apps/frontend/views/templates/Default/help/publicConsultations.png', '92.115.237.211', 0),
(14, '2014-11-14 18:27:49', 'warning', 'Drop file #221 - upload/541bf5db4259e_db140c73a9ab7821ad07baa490cb8bfe.png', 'http://lpa.devebs.net/admin/uploader/delete', '92.115.237.211', 1),
(15, '2014-11-14 18:28:04', 'info', 'File added #451 - ''upload/icons/b1.png''', 'http://lpa.devebs.net/admin/uploader/add', '92.115.237.211', 1),
(16, '2014-11-14 18:28:09', 'warning', 'Drop file #262 - upload/cetateni-si-business-jpg_c656c5a2192c1e6f5e2929082966123dc5ccdd95.jpg', 'http://lpa.devebs.net/admin/uploader/delete', '92.115.237.211', 1),
(17, '2014-11-14 18:28:17', 'info', 'File added #452 - ''upload/icons/s1.jpg''', 'http://lpa.devebs.net/admin/uploader/add', '92.115.237.211', 1),
(18, '2014-11-14 18:28:19', 'warning', 'Drop file #263 - upload/cetateni-si-business-hoverjpg_0c8a789d8d6f0bc7e16ccc3c9395f0b6dc874998.jpg', 'http://lpa.devebs.net/admin/uploader/delete', '92.115.237.211', 1),
(19, '2014-11-14 18:29:55', 'info', 'File added #453 - ''upload/icons/h1.jpg''', 'http://lpa.devebs.net/admin/uploader/add', '92.115.237.211', 1),
(20, '2014-11-14 18:30:00', 'error', 'exception ''Symfony\\Component\\HttpKernel\\Exception\\NotFoundHttpException'' in /var/www/clients/client1/web21/lpa/vendor/laravel/framework/src/Illuminate/Routing/RouteCollection.php:148\nStack trace:\n#0 /var/www/clients/client1/web21/lpa/vendor/laravel/framework/src/Illuminate/Routing/Router.php(1049): Illuminate\\Routing\\RouteCollection->match(Object(Illuminate\\Http\\Request))\n#1 /var/www/clients/client1/web21/lpa/vendor/laravel/framework/src/Illuminate/Routing/Router.php(1017): Illuminate\\Routing\\Router->findRoute(Object(Illuminate\\Http\\Request))\n#2 /var/www/clients/client1/web21/lpa/vendor/laravel/framework/src/Illuminate/Routing/Router.php(996): Illuminate\\Routing\\Router->dispatchToRoute(Object(Illuminate\\Http\\Request))\n#3 /var/www/clients/client1/web21/lpa/vendor/laravel/framework/src/Illuminate/Foundation/Application.php(776): Illuminate\\Routing\\Router->dispatch(Object(Illuminate\\Http\\Request))\n#4 /var/www/clients/client1/web21/lpa/vendor/laravel/framework/src/Illuminate/Foundation/Application.php(746): Illuminate\\Foundation\\Application->dispatch(Object(Illuminate\\Http\\Request))\n#5 /var/www/clients/client1/web21/lpa/vendor/barryvdh/laravel-debugbar/src/Barryvdh/Debugbar/Middleware.php(34): Illuminate\\Foundation\\Application->handle(Object(Illuminate\\Http\\Request), 1, true)\n#6 /var/www/clients/client1/web21/lpa/vendor/laravel/framework/src/Illuminate/Session/Middleware.php(72): Barryvdh\\Debugbar\\Middleware->handle(Object(Illuminate\\Http\\Request), 1, true)\n#7 /var/www/clients/client1/web21/lpa/vendor/laravel/framework/src/Illuminate/Cookie/Queue.php(47): Illuminate\\Session\\Middleware->handle(Object(Illuminate\\Http\\Request), 1, true)\n#8 /var/www/clients/client1/web21/lpa/vendor/laravel/framework/src/Illuminate/Cookie/Guard.php(51): Illuminate\\Cookie\\Queue->handle(Object(Illuminate\\Http\\Request), 1, true)\n#9 /var/www/clients/client1/web21/lpa/vendor/stack/builder/src/Stack/StackedHttpKernel.php(23): Illuminate\\Cookie\\Guard->handle(Object(Illuminate\\Http\\Request), 1, true)\n#10 /var/www/clients/client1/web21/lpa/vendor/laravel/framework/src/Illuminate/Foundation/Application.php(642): Stack\\StackedHttpKernel->handle(Object(Illuminate\\Http\\Request))\n#11 /var/www/clients/client1/web21/lpa/index.php(60): Illuminate\\Foundation\\Application->run()\n#12 {main}', 'http://lpa.devebs.net/apps/frontend/views/templates/Default/help/publicConsultations.png', '92.115.237.211', 0),
(21, '2014-11-14 18:30:13', 'warning', 'Drop file #224 - upload/541bf602047ea_0ef6901075ef279dea587dc2a1aed80f.png', 'http://lpa.devebs.net/admin/uploader/delete', '92.115.237.211', 1),
(22, '2014-11-14 18:30:21', 'info', 'File added #454 - ''upload/icons/b2.png''', 'http://lpa.devebs.net/admin/uploader/add', '92.115.237.211', 1),
(23, '2014-11-14 18:30:23', 'warning', 'Drop file #265 - upload/primariajpg_1b1d8aae3918a494620577d1ea0b301b58b22304.jpg', 'http://lpa.devebs.net/admin/uploader/delete', '92.115.237.211', 1),
(24, '2014-11-14 18:30:30', 'info', 'File added #455 - ''upload/icons/s2.jpg''', 'http://lpa.devebs.net/admin/uploader/add', '92.115.237.211', 1),
(25, '2014-11-14 18:30:32', 'warning', 'Drop file #266 - upload/primaria-hoverjpg_1d61363ba0473eca95264eea3258f32951df4f3f.jpg', 'http://lpa.devebs.net/admin/uploader/delete', '92.115.237.211', 1),
(26, '2014-11-14 18:30:37', 'info', 'File added #456 - ''upload/icons/h2.jpg''', 'http://lpa.devebs.net/admin/uploader/add', '92.115.237.211', 1),
(27, '2014-11-14 18:30:41', 'error', 'exception ''Symfony\\Component\\HttpKernel\\Exception\\NotFoundHttpException'' in /var/www/clients/client1/web21/lpa/vendor/laravel/framework/src/Illuminate/Routing/RouteCollection.php:148\nStack trace:\n#0 /var/www/clients/client1/web21/lpa/vendor/laravel/framework/src/Illuminate/Routing/Router.php(1049): Illuminate\\Routing\\RouteCollection->match(Object(Illuminate\\Http\\Request))\n#1 /var/www/clients/client1/web21/lpa/vendor/laravel/framework/src/Illuminate/Routing/Router.php(1017): Illuminate\\Routing\\Router->findRoute(Object(Illuminate\\Http\\Request))\n#2 /var/www/clients/client1/web21/lpa/vendor/laravel/framework/src/Illuminate/Routing/Router.php(996): Illuminate\\Routing\\Router->dispatchToRoute(Object(Illuminate\\Http\\Request))\n#3 /var/www/clients/client1/web21/lpa/vendor/laravel/framework/src/Illuminate/Foundation/Application.php(776): Illuminate\\Routing\\Router->dispatch(Object(Illuminate\\Http\\Request))\n#4 /var/www/clients/client1/web21/lpa/vendor/laravel/framework/src/Illuminate/Foundation/Application.php(746): Illuminate\\Foundation\\Application->dispatch(Object(Illuminate\\Http\\Request))\n#5 /var/www/clients/client1/web21/lpa/vendor/barryvdh/laravel-debugbar/src/Barryvdh/Debugbar/Middleware.php(34): Illuminate\\Foundation\\Application->handle(Object(Illuminate\\Http\\Request), 1, true)\n#6 /var/www/clients/client1/web21/lpa/vendor/laravel/framework/src/Illuminate/Session/Middleware.php(72): Barryvdh\\Debugbar\\Middleware->handle(Object(Illuminate\\Http\\Request), 1, true)\n#7 /var/www/clients/client1/web21/lpa/vendor/laravel/framework/src/Illuminate/Cookie/Queue.php(47): Illuminate\\Session\\Middleware->handle(Object(Illuminate\\Http\\Request), 1, true)\n#8 /var/www/clients/client1/web21/lpa/vendor/laravel/framework/src/Illuminate/Cookie/Guard.php(51): Illuminate\\Cookie\\Queue->handle(Object(Illuminate\\Http\\Request), 1, true)\n#9 /var/www/clients/client1/web21/lpa/vendor/stack/builder/src/Stack/StackedHttpKernel.php(23): Illuminate\\Cookie\\Guard->handle(Object(Illuminate\\Http\\Request), 1, true)\n#10 /var/www/clients/client1/web21/lpa/vendor/laravel/framework/src/Illuminate/Foundation/Application.php(642): Stack\\StackedHttpKernel->handle(Object(Illuminate\\Http\\Request))\n#11 /var/www/clients/client1/web21/lpa/index.php(60): Illuminate\\Foundation\\Application->run()\n#12 {main}', 'http://lpa.devebs.net/apps/frontend/views/templates/Default/help/publicConsultations.png', '92.115.237.211', 0),
(28, '2014-11-14 18:30:53', 'warning', 'Drop file #227 - upload/541bf6211c8d4_8711ce617ea57dc6a9d7eb988a8ec09d.png', 'http://lpa.devebs.net/admin/uploader/delete', '92.115.237.211', 1),
(29, '2014-11-14 18:30:59', 'info', 'File added #457 - ''upload/icons/b3.png''', 'http://lpa.devebs.net/admin/uploader/add', '92.115.237.211', 1),
(30, '2014-11-14 18:32:07', 'warning', 'Drop file #267 - upload/consiliul-localjpg_706df97c829943cecc90c1ed718fefc09bfc1374.jpg', 'http://lpa.devebs.net/admin/uploader/delete', '92.115.237.211', 1),
(31, '2014-11-14 18:32:13', 'info', 'File added #458 - ''upload/icons/s3.jpg''', 'http://lpa.devebs.net/admin/uploader/add', '92.115.237.211', 1),
(32, '2014-11-14 18:32:17', 'warning', 'Drop file #268 - upload/consiliul-local-hoverjpg_e15a7694a8e7fff8e9c7b657d3d2db6392d6ee6c.jpg', 'http://lpa.devebs.net/admin/uploader/delete', '92.115.237.211', 1),
(33, '2014-11-14 18:32:22', 'info', 'File added #459 - ''upload/icons/h3.jpg''', 'http://lpa.devebs.net/admin/uploader/add', '92.115.237.211', 1),
(34, '2014-11-14 18:32:31', 'error', 'exception ''Symfony\\Component\\HttpKernel\\Exception\\NotFoundHttpException'' in /var/www/clients/client1/web21/lpa/vendor/laravel/framework/src/Illuminate/Routing/RouteCollection.php:148\nStack trace:\n#0 /var/www/clients/client1/web21/lpa/vendor/laravel/framework/src/Illuminate/Routing/Router.php(1049): Illuminate\\Routing\\RouteCollection->match(Object(Illuminate\\Http\\Request))\n#1 /var/www/clients/client1/web21/lpa/vendor/laravel/framework/src/Illuminate/Routing/Router.php(1017): Illuminate\\Routing\\Router->findRoute(Object(Illuminate\\Http\\Request))\n#2 /var/www/clients/client1/web21/lpa/vendor/laravel/framework/src/Illuminate/Routing/Router.php(996): Illuminate\\Routing\\Router->dispatchToRoute(Object(Illuminate\\Http\\Request))\n#3 /var/www/clients/client1/web21/lpa/vendor/laravel/framework/src/Illuminate/Foundation/Application.php(776): Illuminate\\Routing\\Router->dispatch(Object(Illuminate\\Http\\Request))\n#4 /var/www/clients/client1/web21/lpa/vendor/laravel/framework/src/Illuminate/Foundation/Application.php(746): Illuminate\\Foundation\\Application->dispatch(Object(Illuminate\\Http\\Request))\n#5 /var/www/clients/client1/web21/lpa/vendor/barryvdh/laravel-debugbar/src/Barryvdh/Debugbar/Middleware.php(34): Illuminate\\Foundation\\Application->handle(Object(Illuminate\\Http\\Request), 1, true)\n#6 /var/www/clients/client1/web21/lpa/vendor/laravel/framework/src/Illuminate/Session/Middleware.php(72): Barryvdh\\Debugbar\\Middleware->handle(Object(Illuminate\\Http\\Request), 1, true)\n#7 /var/www/clients/client1/web21/lpa/vendor/laravel/framework/src/Illuminate/Cookie/Queue.php(47): Illuminate\\Session\\Middleware->handle(Object(Illuminate\\Http\\Request), 1, true)\n#8 /var/www/clients/client1/web21/lpa/vendor/laravel/framework/src/Illuminate/Cookie/Guard.php(51): Illuminate\\Cookie\\Queue->handle(Object(Illuminate\\Http\\Request), 1, true)\n#9 /var/www/clients/client1/web21/lpa/vendor/stack/builder/src/Stack/StackedHttpKernel.php(23): Illuminate\\Cookie\\Guard->handle(Object(Illuminate\\Http\\Request), 1, true)\n#10 /var/www/clients/client1/web21/lpa/vendor/laravel/framework/src/Illuminate/Foundation/Application.php(642): Stack\\StackedHttpKernel->handle(Object(Illuminate\\Http\\Request))\n#11 /var/www/clients/client1/web21/lpa/index.php(60): Illuminate\\Foundation\\Application->run()\n#12 {main}', 'http://lpa.devebs.net/apps/frontend/views/templates/Default/help/publicConsultations.png', '92.115.237.211', 0),
(35, '2014-11-14 18:32:37', 'warning', 'Drop file #234 - upload/541bf959017a4_805ba18032ce8599484ad3ce6fee80f4.png', 'http://lpa.devebs.net/admin/uploader/delete', '92.115.237.211', 1),
(36, '2014-11-14 18:32:42', 'info', 'File added #460 - ''upload/icons/b4.png''', 'http://lpa.devebs.net/admin/uploader/add', '92.115.237.211', 1),
(37, '2014-11-14 18:32:46', 'warning', 'Drop file #269 - upload/transparentajpg_d5928d33b66f98fb32cc0cbd943551fd5ee37856.jpg', 'http://lpa.devebs.net/admin/uploader/delete', '92.115.237.211', 1),
(38, '2014-11-14 18:32:51', 'info', 'File added #461 - ''upload/icons/s4.jpg''', 'http://lpa.devebs.net/admin/uploader/add', '92.115.237.211', 1),
(39, '2014-11-14 18:33:07', 'warning', 'Drop file #270 - upload/transparenta-hovertjpg_f06184fe6e6ef727aab912981312c6b66480211d.jpg', 'http://lpa.devebs.net/admin/uploader/delete', '92.115.237.211', 1),
(40, '2014-11-14 18:33:22', 'info', 'File added #462 - ''upload/icons/h4.jpg''', 'http://lpa.devebs.net/admin/uploader/add', '92.115.237.211', 1),
(41, '2014-11-14 18:49:04', 'warning', 'Drop file #291 - upload/logo-homejpg_55a0f7adf41a8ff201d00c01b6cddaa689acbab4.jpg', 'http://lpa.devebs.net/admin/uploader/delete', '92.115.237.211', 1),
(42, '2014-11-14 18:49:06', 'warning', 'Drop file #292 - upload/logo-interiorjpg_eef6411e3444c7efe0e93df519d98248a2e7074a.jpg', 'http://lpa.devebs.net/admin/uploader/delete', '92.115.237.211', 1),
(43, '2014-11-14 18:49:07', 'warning', 'Drop file #368 - upload/logo-homejpg_55a0f7adf41a8ff201d00c01b6cddaa689acbab4.jpg', 'http://lpa.devebs.net/admin/uploader/delete', '92.115.237.211', 1),
(44, '2014-11-14 18:49:09', 'warning', 'Drop file #369 - upload/logo-interiorjpg_eef6411e3444c7efe0e93df519d98248a2e7074a.jpg', 'http://lpa.devebs.net/admin/uploader/delete', '92.115.237.211', 1),
(45, '2014-11-14 18:49:11', 'warning', 'Drop file #370 - upload/logo-homejpg_55a0f7adf41a8ff201d00c01b6cddaa689acbab4.jpg', 'http://lpa.devebs.net/admin/uploader/delete', '92.115.237.211', 1),
(46, '2014-11-14 18:49:14', 'warning', 'Drop file #371 - upload/logo-interiorjpg_eef6411e3444c7efe0e93df519d98248a2e7074a.jpg', 'http://lpa.devebs.net/admin/uploader/delete', '92.115.237.211', 1),
(47, '2014-11-14 18:49:16', 'warning', 'Drop file #372 - upload/logo-homejpg_55a0f7adf41a8ff201d00c01b6cddaa689acbab4.jpg', 'http://lpa.devebs.net/admin/uploader/delete', '92.115.237.211', 1),
(48, '2014-11-14 18:49:17', 'warning', 'Drop file #373 - upload/logo-interiorjpg_eef6411e3444c7efe0e93df519d98248a2e7074a.jpg', 'http://lpa.devebs.net/admin/uploader/delete', '92.115.237.211', 1);

-- --------------------------------------------------------

--
-- Table structure for table `apl_module`
--

DROP TABLE IF EXISTS `apl_module`;
CREATE TABLE IF NOT EXISTS `apl_module` (
  `id` int(11) NOT NULL AUTO_INCREMENT,
  `name` text NOT NULL,
  `extension` varchar(100) NOT NULL,
  `settings_page` varchar(255) NOT NULL,
  `enabled` int(1) NOT NULL DEFAULT '0',
  PRIMARY KEY (`id`)
) ENGINE=InnoDB  DEFAULT CHARSET=utf8 AUTO_INCREMENT=11 ;

--
-- Dumping data for table `apl_module`
--

INSERT INTO `apl_module` (`id`, `name`, `extension`, `settings_page`, `enabled`) VALUES
(2, 'Gallery', 'gallery', '', 1),
(3, 'Newsletter', 'newsletter', '', 1),
(4, 'Modul persoane', 'person', '', 1),
(5, 'Calendar', 'calendar', '', 1),
(6, 'Social complaints', 'socialcomplaints', '', 1),
(7, 'Job REquests', 'jobrequest', '', 1),
(8, 'Poll', 'poll', '', 1),
(9, 'Chat', 'firechat', 'firechat/settings', 1),
(10, 'Acte locale', 'actelocale', '', 1),
(11, 'Parteneri','partners','',1);

-- --------------------------------------------------------

--
-- Table structure for table `apl_newsletter`
--

DROP TABLE IF EXISTS `apl_newsletter`;
CREATE TABLE IF NOT EXISTS `apl_newsletter` (
  `id` int(11) NOT NULL AUTO_INCREMENT,
  `email` varchar(100) NOT NULL,
  `enabled` int(1) NOT NULL DEFAULT '1',
  `hash` varchar(50) NOT NULL,
  `subscribe_date` timestamp NOT NULL DEFAULT CURRENT_TIMESTAMP,
  PRIMARY KEY (`id`)
) ENGINE=InnoDB DEFAULT CHARSET=utf8 AUTO_INCREMENT=1 ;

-- --------------------------------------------------------

--
-- Table structure for table `apl_person`
--

DROP TABLE IF EXISTS `apl_person`;
CREATE TABLE IF NOT EXISTS `apl_person` (
  `id` int(11) NOT NULL AUTO_INCREMENT,
  `feed_id` int(11) NOT NULL DEFAULT '0',
  `user_id` int(11) NOT NULL,
  `phone` varchar(100) NOT NULL,
  `email` varchar(100) NOT NULL,
  `date_birth` date NOT NULL,
  `for_audience` int(1) NOT NULL DEFAULT '0',
  `dynamic_fields` text NOT NULL,
  PRIMARY KEY (`id`)
) ENGINE=InnoDB DEFAULT CHARSET=utf8 AUTO_INCREMENT=1 ;

-- --------------------------------------------------------

--
-- Table structure for table `apl_person_audience`
--

DROP TABLE IF EXISTS `apl_person_audience`;
CREATE TABLE IF NOT EXISTS `apl_person_audience` (
  `id` int(11) NOT NULL AUTO_INCREMENT,
  `person_id` int(11) NOT NULL,
  `name` varchar(100) NOT NULL,
  `phone` varchar(50) NOT NULL,
  `email` varchar(50) NOT NULL,
  `date_created` timestamp NOT NULL DEFAULT CURRENT_TIMESTAMP,
  PRIMARY KEY (`id`)
) ENGINE=InnoDB DEFAULT CHARSET=utf8 AUTO_INCREMENT=1 ;

-- --------------------------------------------------------

--
-- Table structure for table `apl_person_group`
--

DROP TABLE IF EXISTS `apl_person_group`;
CREATE TABLE IF NOT EXISTS `apl_person_group` (
  `id` int(11) NOT NULL AUTO_INCREMENT,
  `date_created` timestamp NOT NULL DEFAULT CURRENT_TIMESTAMP,
  PRIMARY KEY (`id`)
) ENGINE=InnoDB  DEFAULT CHARSET=utf8 AUTO_INCREMENT=23 ;

--
-- Dumping data for table `apl_person_group`
--

INSERT INTO `apl_person_group` (`id`, `date_created`) VALUES
(16, '2014-08-28 09:29:29'),
(17, '2014-08-28 09:49:19'),
(18, '2014-08-30 10:07:17'),
(19, '2014-08-30 10:07:58'),
(20, '2014-09-06 05:57:33'),
(21, '2014-09-06 06:37:30'),
(22, '2014-09-11 11:27:57');

-- --------------------------------------------------------

--
-- Table structure for table `apl_person_group_lang`
--

DROP TABLE IF EXISTS `apl_person_group_lang`;
CREATE TABLE IF NOT EXISTS `apl_person_group_lang` (
  `id` int(11) NOT NULL AUTO_INCREMENT,
  `group_id` int(11) NOT NULL,
  `lang_id` int(11) NOT NULL,
  `name` varchar(200) NOT NULL,
  `description` text NOT NULL,
  PRIMARY KEY (`id`)
) ENGINE=InnoDB  DEFAULT CHARSET=utf8 AUTO_INCREMENT=71 ;

--
-- Dumping data for table `apl_person_group_lang`
--

INSERT INTO `apl_person_group_lang` (`id`, `group_id`, `lang_id`, `name`, `description`) VALUES
(27, 16, 1, 'Consilieri și domenii de acțiune', ''),
(30, 16, 2, 'Consilieri si domenii de actiune', ''),
(31, 17, 1, 'Comisia de urbanism', 'Comisia de urbanism e constituita din 3 membri, inclusiv:'),
(34, 17, 2, 'Comisia de specialitate', ''),
(35, 19, 1, 'Personalități', ''),
(36, 19, 2, 'Personalitati', ''),
(37, 20, 1, 'Viceprimari', ''),
(38, 20, 2, 'Viceprimari', ''),
(39, 21, 1, 'Primar', ''),
(40, 21, 2, 'Primar', ''),
(41, 22, 1, 'Secretar', ''),
(42, 22, 2, 'Secretar', ''),
(57, 16, 6, '', ''),
(58, 17, 6, '', ''),
(59, 18, 6, '', ''),
(60, 19, 6, '', ''),
(61, 20, 6, '', ''),
(62, 21, 6, '', ''),
(63, 22, 6, '', ''),
(64, 16, 7, '', ''),
(65, 17, 7, '', ''),
(66, 18, 7, '', ''),
(67, 19, 7, '', ''),
(68, 20, 7, '', ''),
(69, 21, 7, '', ''),
(70, 22, 7, '', '');

-- --------------------------------------------------------

--
-- Table structure for table `apl_person_group_post`
--

DROP TABLE IF EXISTS `apl_person_group_post`;
CREATE TABLE IF NOT EXISTS `apl_person_group_post` (
  `id` int(11) NOT NULL AUTO_INCREMENT,
  `post_id` int(11) NOT NULL,
  `group_id` int(11) NOT NULL,
  PRIMARY KEY (`id`)
) ENGINE=InnoDB  DEFAULT CHARSET=utf8 AUTO_INCREMENT=63 ;

--
-- Dumping data for table `apl_person_group_post`
--

INSERT INTO `apl_person_group_post` (`id`, `post_id`, `group_id`) VALUES
(4, 29, 16),
(5, 29, 17),
(6, 42, 19),
(8, 58, 20),
(9, 59, 21),
(10, 80, 22),
(14, 96, 20),
(15, 96, 21),
(16, 96, 22),
(23, 208, 20),
(24, 215, 22),
(25, 216, 16),
(30, 224, 19),
(31, 225, 19),
(32, 226, 19),
(33, 198, 20),
(35, 305, 16),
(44, 183, 19),
(59, 223, 17),
(62, 204, 21);

-- --------------------------------------------------------

--
-- Table structure for table `apl_person_lang`
--

DROP TABLE IF EXISTS `apl_person_lang`;
CREATE TABLE IF NOT EXISTS `apl_person_lang` (
  `id` int(11) NOT NULL AUTO_INCREMENT,
  `lang_id` int(11) NOT NULL,
  `person_id` int(11) NOT NULL,
  `first_name` varchar(250) NOT NULL,
  `last_name` varchar(250) NOT NULL,
  `text` text NOT NULL,
  `function` varchar(500) NOT NULL,
  `civil_state` varchar(500) NOT NULL,
  `studies` text NOT NULL,
  `activity` text NOT NULL,
  `motto` text NOT NULL,
  PRIMARY KEY (`id`)
) ENGINE=InnoDB DEFAULT CHARSET=utf8 AUTO_INCREMENT=1 ;

-- --------------------------------------------------------

--
-- Table structure for table `apl_person_rel`
--

DROP TABLE IF EXISTS `apl_person_rel`;
CREATE TABLE IF NOT EXISTS `apl_person_rel` (
  `id` int(11) NOT NULL AUTO_INCREMENT,
  `person_id` int(11) NOT NULL,
  `group_id` int(11) NOT NULL,
  PRIMARY KEY (`id`)
) ENGINE=InnoDB DEFAULT CHARSET=utf8 AUTO_INCREMENT=1 ;

-- --------------------------------------------------------

--
-- Table structure for table `apl_poll`
--

DROP TABLE IF EXISTS `apl_poll`;
CREATE TABLE IF NOT EXISTS `apl_poll` (
  `id` int(11) NOT NULL AUTO_INCREMENT,
  `date_created` timestamp NOT NULL DEFAULT CURRENT_TIMESTAMP,
  `author_id` int(11) NOT NULL DEFAULT '1',
  `enabled` int(1) NOT NULL DEFAULT '1',
  `active` int(1) NOT NULL DEFAULT '1',
  PRIMARY KEY (`id`)
) ENGINE=InnoDB DEFAULT CHARSET=utf8 AUTO_INCREMENT=1 ;

-- --------------------------------------------------------

--
-- Table structure for table `apl_poll_answer`
--

DROP TABLE IF EXISTS `apl_poll_answer`;
CREATE TABLE IF NOT EXISTS `apl_poll_answer` (
  `id` int(11) NOT NULL AUTO_INCREMENT,
  `poll_id` int(11) NOT NULL,
  `ord` int(11) NOT NULL DEFAULT '0',
  `date_created` timestamp NOT NULL DEFAULT CURRENT_TIMESTAMP,
  PRIMARY KEY (`id`)
) ENGINE=InnoDB DEFAULT CHARSET=utf8 AUTO_INCREMENT=1 ;

-- --------------------------------------------------------

--
-- Table structure for table `apl_poll_answer_lang`
--

DROP TABLE IF EXISTS `apl_poll_answer_lang`;
CREATE TABLE IF NOT EXISTS `apl_poll_answer_lang` (
  `id` int(11) NOT NULL AUTO_INCREMENT,
  `lang_id` int(11) NOT NULL,
  `answer_id` int(11) NOT NULL,
  `title` text NOT NULL,
  PRIMARY KEY (`id`)
) ENGINE=InnoDB DEFAULT CHARSET=utf8 AUTO_INCREMENT=1 ;

-- --------------------------------------------------------

--
-- Table structure for table `apl_poll_question`
--

DROP TABLE IF EXISTS `apl_poll_question`;
CREATE TABLE IF NOT EXISTS `apl_poll_question` (
  `id` int(11) NOT NULL AUTO_INCREMENT,
  `title` TEXT NOT NULL,
  `poll_id` int(11) NOT NULL,
  `lang_id` int(11) NOT NULL,
  PRIMARY KEY (`id`)
) ENGINE=InnoDB DEFAULT CHARSET=utf8 AUTO_INCREMENT=1 ;

-- --------------------------------------------------------

--
-- Table structure for table `apl_poll_votes`
--

DROP TABLE IF EXISTS `apl_poll_votes`;
CREATE TABLE IF NOT EXISTS `apl_poll_votes` (
  `id` int(11) NOT NULL AUTO_INCREMENT,
  `ip` varchar(100) NOT NULL,
  `poll_id` int(11) NOT NULL,
  `answer_id` int(11) NOT NULL,
  `date_created` timestamp NOT NULL DEFAULT CURRENT_TIMESTAMP,
  PRIMARY KEY (`id`)
) ENGINE=InnoDB DEFAULT CHARSET=utf8 AUTO_INCREMENT=1 ;

-- --------------------------------------------------------

--
-- Table structure for table `apl_post`
--

DROP TABLE IF EXISTS `apl_post`;
CREATE TABLE IF NOT EXISTS `apl_post` (
  `id` int(11) NOT NULL AUTO_INCREMENT,
  `created_at` timestamp NOT NULL DEFAULT CURRENT_TIMESTAMP,
  `updated_at` timestamp NOT NULL DEFAULT '0000-00-00 00:00:00',
  `author_id` int(11) DEFAULT NULL,
  `taxonomy_id` int(11) DEFAULT NULL,
  `feed_id` int(11) NOT NULL DEFAULT '0',
  `clone_id` int(11) NOT NULL DEFAULT '0',
  `ord_num` int(11) NOT NULL,
  `views` int(11) NOT NULL DEFAULT '0',
  `view_mod` varchar(100) NOT NULL,
  `have_socials` int(1) NOT NULL DEFAULT '1',
  `have_comments` int(1) NOT NULL DEFAULT '0',
  `show_files` int(1) NOT NULL DEFAULT '1',
  `show_file_search` int(1) NOT NULL DEFAULT '0',
  `show_pcomment` int(1) NOT NULL DEFAULT '0',
  `parent` int(11) DEFAULT '0',
  `general_node` int(1) NOT NULL DEFAULT '0',
  `is_home_page` int(1) NOT NULL DEFAULT '0',
  `is_trash` int(1) NOT NULL DEFAULT '0',
  `is_alert` int(1) NOT NULL DEFAULT '0',
  `alert_expire` timestamp NULL DEFAULT NULL,
  `redirect_to` int(11) NOT NULL DEFAULT '0',
  `to_home` int(1) NOT NULL DEFAULT '0',
  PRIMARY KEY (`id`)
) ENGINE=InnoDB  DEFAULT CHARSET=utf8 AUTO_INCREMENT=316 ;

--
-- Dumping data for table `apl_post`
--

INSERT INTO `apl_post` (`id`, `created_at`, `updated_at`, `author_id`, `taxonomy_id`, `feed_id`, `clone_id`, `ord_num`, `views`, `view_mod`, `have_socials`, `have_comments`, `show_files`, `show_file_search`, `show_pcomment`, `parent`, `general_node`, `is_home_page`, `is_trash`, `is_alert`, `alert_expire`, `redirect_to`, `to_home`) VALUES
(95, '2014-09-15 13:37:13', '2014-11-14 07:45:15', 1, 1, 5, 0, 128, 647, 'contactsView', 1, 0, 1, 0, 0, 0, 0, 0, 0, 0, NULL, 0, 0),
(102, '2014-09-17 08:41:53', '2014-09-25 14:29:45', 1, 1, 0, 0, 102, 1, '', 1, 0, 1, 0, 0, 130, 0, 0, 0, 0, NULL, 0, 0),
(103, '2014-09-17 08:42:18', '2014-11-14 16:22:42', 1, 1, 0, 0, 101, 4682, '', 1, 0, 0, 0, 0, 0, 1, 1, 0, 0, NULL, 0, 0),
(104, '2014-09-17 08:48:41', '2014-11-14 16:49:21', 1, 1, 0, 0, 103, 1026, '', 1, 0, 1, 0, 0, 0, 1, 0, 0, 0, NULL, 0, 0),
(105, '2014-09-17 08:49:21', '2014-11-14 15:38:10', 1, 1, 0, 0, 104, 765, '', 1, 0, 1, 0, 0, 0, 1, 0, 0, 0, NULL, 0, 0),
(106, '2014-09-17 08:49:37', '2014-11-14 15:38:12', 1, 1, 0, 0, 105, 821, '', 1, 0, 1, 0, 0, 0, 1, 0, 0, 0, NULL, 0, 0),
(107, '2014-09-17 08:50:08', '2014-09-25 08:43:20', 1, 1, 0, 0, 107, 3, '', 1, 0, 1, 0, 0, 103, 0, 0, 0, 0, NULL, 132, 0),
(108, '2014-09-17 08:51:20', '2014-11-07 13:39:33', 1, 1, 0, 0, 109, 2, '', 1, 0, 1, 0, 0, 103, 0, 0, 0, 0, NULL, 145, 0),
(109, '2014-09-17 08:51:42', '2014-11-07 13:39:12', 1, 1, 0, 0, 110, 0, '', 1, 0, 1, 0, 0, 103, 0, 0, 0, 0, NULL, 158, 0),
(110, '2014-09-17 08:52:21', '2014-11-07 13:39:33', 1, 1, 0, 0, 108, 3, '', 1, 0, 1, 0, 0, 103, 0, 0, 0, 0, NULL, 163, 0),
(111, '2014-09-17 08:52:50', '2014-11-08 18:58:05', 1, 1, 0, 0, 111, 0, '', 1, 0, 1, 0, 0, 103, 0, 0, 0, 0, NULL, 171, 0),
(112, '2014-09-17 08:53:24', '2014-11-08 18:58:05', 1, 1, 0, 0, 112, 0, '', 1, 0, 1, 0, 0, 103, 0, 0, 0, 0, NULL, 185, 0),
(113, '2014-09-17 08:53:42', '2014-09-18 06:44:02', 1, 1, 0, 0, 113, 1, '', 1, 0, 1, 0, 0, 103, 0, 0, 0, 0, NULL, 188, 0),
(114, '2014-09-17 08:54:05', '2014-09-18 06:52:45', 1, 1, 0, 0, 114, 2, '', 1, 0, 1, 0, 0, 103, 0, 0, 0, 0, NULL, 193, 0),
(115, '2014-09-17 08:54:27', '2014-11-03 12:28:34', 1, 1, 0, 0, 115, 2, '', 1, 0, 1, 0, 0, 104, 0, 0, 0, 0, NULL, 197, 0),
(116, '2014-09-17 08:54:53', '2014-09-21 16:09:07', 1, 1, 0, 0, 116, 5, '', 1, 0, 1, 0, 0, 104, 0, 0, 0, 0, NULL, 210, 0),
(117, '2014-09-17 08:55:14', '2014-09-18 11:26:29', 1, 1, 0, 0, 117, 2, '0', 1, 0, 1, 0, 0, 104, 0, 0, 0, 0, NULL, 211, 0),
(118, '2014-09-17 08:55:44', '2014-09-18 11:27:31', 1, 1, 0, 0, 118, 0, '0', 1, 0, 1, 0, 0, 105, 0, 0, 0, 0, NULL, 213, 0),
(119, '2014-09-17 08:55:56', '2014-09-18 11:41:13', 1, 1, 0, 0, 119, 1, '', 1, 0, 1, 0, 0, 105, 0, 0, 0, 0, NULL, 223, 0),
(120, '2014-09-17 08:56:13', '2014-09-18 11:41:27', 1, 1, 0, 0, 120, 2, '', 1, 0, 1, 0, 0, 105, 0, 0, 0, 0, NULL, 227, 0),
(121, '2014-09-17 08:56:43', '2014-09-18 11:51:16', 1, 1, 0, 0, 121, 1, '', 1, 0, 1, 0, 0, 106, 0, 0, 0, 0, NULL, 235, 0),
(122, '2014-09-17 08:57:08', '2014-09-18 11:51:30', 1, 1, 0, 0, 122, 1, '', 1, 0, 1, 0, 0, 106, 0, 0, 0, 0, NULL, 237, 0),
(123, '2014-09-17 08:57:26', '2014-09-18 11:51:43', 1, 1, 0, 0, 123, 0, '', 1, 0, 1, 0, 0, 106, 0, 0, 0, 0, NULL, 239, 0),
(124, '2014-09-17 08:57:47', '2014-09-18 11:51:53', 1, 1, 0, 0, 124, 0, '', 1, 0, 1, 0, 0, 106, 0, 0, 0, 0, NULL, 243, 0),
(125, '2014-09-17 08:58:27', '2014-09-18 11:52:05', 1, 1, 0, 0, 125, 2, '', 1, 0, 1, 0, 0, 106, 0, 0, 0, 0, NULL, 247, 0),
(126, '2014-09-17 08:58:48', '2014-09-18 11:52:19', 1, 1, 0, 0, 126, 1, '', 1, 0, 1, 0, 0, 106, 0, 0, 0, 0, NULL, 251, 0),
(127, '2014-09-17 08:59:09', '2014-11-11 06:44:56', 1, 1, 5, 0, 127, 95, 'urgentNumbers', 1, 0, 1, 0, 0, 270, 0, 0, 0, 0, NULL, 0, 0),
(128, '2014-09-17 08:59:51', '2014-11-14 07:07:35', 1, 1, 0, 0, 130, 136, 'mapPage', 1, 0, 1, 0, 0, 0, 0, 0, 0, 0, NULL, 0, 0),
(129, '2014-09-17 09:00:08', '2014-11-09 19:04:55', 1, 1, 12, 0, 239, 61, 'fileFolders', 1, 0, 1, 0, 0, 123, 0, 0, 0, 0, NULL, 0, 0),
(130, '2014-09-17 09:00:23', '2014-11-10 12:22:47', 1, 1, 0, 0, 270, 1, '', 0, 0, 1, 0, 0, 0, 0, 0, 0, 0, NULL, 103, 0),
(131, '2014-09-17 09:00:36', '2014-11-14 16:32:31', 1, 1, 0, 0, 131, 2643, 'error404', 0, 0, 1, 0, 0, 130, 0, 0, 0, 0, NULL, 0, 0),
(132, '2014-09-17 09:01:18', '2014-11-14 16:19:37', 1, 1, 18, 0, 132, 347, 'accordion_list', 1, 0, 1, 0, 0, 107, 0, 0, 0, 0, NULL, 0, 0),
(133, '2014-09-17 09:02:01', '2014-11-11 20:17:40', 1, 1, 0, 0, 133, 142, '', 1, 1, 0, 0, 0, 107, 0, 0, 0, 0, NULL, 0, 0),
(134, '2014-09-17 09:02:25', '2014-11-11 12:35:53', 1, 1, 0, 0, 135, 70, '', 1, 0, 1, 0, 0, 107, 0, 0, 0, 0, NULL, 0, 0),
(135, '2014-09-17 09:02:53', '2014-11-10 15:32:04', 1, 1, 0, 0, 136, 87, '', 1, 0, 1, 0, 0, 107, 0, 0, 0, 0, NULL, 0, 0),
(136, '2014-09-17 09:03:16', '2014-11-10 15:33:02', 1, 1, 0, 0, 134, 35, '', 1, 0, 1, 0, 0, 107, 0, 0, 0, 0, NULL, 0, 0),
(137, '2014-09-17 09:03:42', '2014-11-10 15:32:49', 1, 1, 0, 0, 137, 35, '', 1, 0, 1, 0, 0, 107, 0, 0, 0, 0, NULL, 0, 0),
(138, '2014-09-17 09:04:18', '2014-11-10 15:33:51', 1, 1, 0, 0, 138, 35, '', 1, 0, 1, 0, 0, 107, 0, 0, 0, 0, NULL, 0, 0),
(139, '2014-09-17 09:04:56', '2014-11-10 15:39:53', 1, 1, 0, 0, 139, 40, '', 1, 0, 1, 0, 0, 107, 0, 0, 0, 0, NULL, 0, 0),
(140, '2014-09-17 09:05:31', '2014-11-10 15:42:00', 1, 1, 0, 0, 140, 27, '', 1, 0, 1, 0, 0, 107, 0, 0, 0, 0, NULL, 0, 0),
(141, '2014-09-17 09:06:13', '2014-11-11 18:31:41', 1, 1, 0, 0, 141, 85, 'promisiuni_primar_page', 0, 0, 0, 0, 0, 107, 0, 0, 0, 0, NULL, 0, 0),
(142, '2014-09-17 09:06:52', '2014-11-11 18:32:00', 1, 1, 2, 0, 142, 60, 'accordion_list', 1, 0, 1, 0, 0, 141, 0, 0, 0, 0, NULL, 0, 0),
(143, '2014-09-17 09:07:24', '2014-11-12 21:44:16', 1, 1, 10, 0, 143, 59, '', 1, 0, 1, 1, 0, 141, 0, 0, 0, 0, NULL, 0, 0),
(144, '2014-09-17 09:07:41', '2014-11-11 18:46:34', 1, 1, 0, 0, 144, 34, '', 1, 0, 1, 0, 0, 141, 0, 0, 0, 0, NULL, 0, 0),
(145, '2014-09-17 09:08:01', '2014-11-10 18:05:11', 1, 1, 0, 0, 145, 209, '', 1, 1, 1, 0, 0, 108, 0, 0, 0, 0, NULL, 0, 0),
(146, '2014-09-17 09:20:28', '2014-11-10 05:51:27', 1, 1, 0, 0, 146, 139, '', 1, 0, 1, 0, 0, 108, 0, 0, 0, 0, NULL, 0, 0),
(147, '2014-09-17 09:20:52', '2014-11-10 07:39:21', 1, 1, 0, 0, 147, 105, '', 1, 0, 1, 0, 0, 108, 0, 0, 0, 0, NULL, 0, 0),
(148, '2014-09-17 09:25:09', '2014-11-11 06:56:02', 1, 1, 0, 0, 148, 33, '', 1, 0, 1, 0, 0, 108, 0, 0, 0, 0, NULL, 0, 0),
(149, '2014-09-17 09:26:01', '2014-11-10 16:57:36', 1, 1, 0, 0, 149, 21, '', 1, 0, 1, 0, 0, 108, 0, 0, 0, 0, NULL, 0, 0),
(150, '2014-09-17 09:26:22', '2014-11-10 05:42:04', 1, 1, 0, 0, 150, 16, '', 1, 0, 1, 0, 0, 108, 0, 0, 0, 0, NULL, 0, 0),
(151, '2014-09-17 09:26:36', '2014-11-10 16:58:07', 1, 1, 0, 0, 151, 25, '', 1, 0, 1, 0, 0, 108, 0, 0, 0, 0, NULL, 0, 0),
(152, '2014-09-17 09:26:51', '2014-11-10 16:58:09', 1, 1, 0, 0, 152, 69, '', 1, 0, 1, 0, 0, 108, 0, 0, 0, 0, NULL, 0, 0),
(153, '2014-09-17 09:27:12', '2014-11-10 16:57:35', 1, 1, 0, 0, 153, 20, '', 1, 0, 1, 0, 0, 108, 0, 0, 0, 0, NULL, 0, 0),
(154, '2014-09-17 09:27:37', '2014-11-07 06:49:23', 1, 1, 0, 0, 154, 37, 'promisiuni_primar_page', 1, 0, 1, 0, 0, 108, 0, 0, 0, 0, NULL, 0, 0),
(155, '2014-09-17 09:28:25', '2014-11-03 08:28:04', 1, 1, 2, 0, 155, 15, 'accordion_list', 1, 0, 1, 0, 0, 154, 0, 0, 0, 0, NULL, 0, 0),
(156, '2014-09-17 09:28:41', '2014-11-14 15:38:07', 1, 1, 0, 0, 156, 12, '', 1, 0, 1, 1, 0, 154, 0, 0, 0, 0, NULL, 0, 0),
(157, '2014-09-17 09:29:04', '2014-11-10 18:38:20', 1, 1, 0, 0, 157, 13, '', 1, 0, 1, 0, 0, 154, 0, 0, 0, 0, NULL, 0, 0),
(158, '2014-09-17 09:29:42', '2014-11-11 06:26:37', 1, 1, 0, 0, 158, 73, '', 1, 0, 1, 0, 0, 109, 0, 0, 0, 0, NULL, 0, 0),
(159, '2014-09-17 09:30:34', '2014-11-10 18:06:43', 1, 1, 0, 0, 159, 50, '', 1, 0, 1, 0, 0, 109, 0, 0, 0, 0, NULL, 0, 0),
(160, '2014-09-17 09:31:15', '2014-11-10 15:48:16', 1, 1, 0, 0, 161, 36, '', 1, 0, 1, 0, 0, 109, 0, 0, 0, 0, NULL, 0, 0),
(161, '2014-09-17 09:31:34', '2014-11-10 18:07:08', 1, 1, 0, 0, 160, 48, '', 1, 0, 1, 0, 0, 109, 0, 0, 0, 0, NULL, 0, 0),
(162, '2014-09-17 09:32:04', '2014-11-10 18:06:10', 1, 1, 1, 0, 162, 55, 'locations_list', 1, 0, 1, 0, 0, 109, 0, 0, 0, 0, NULL, 0, 0),
(163, '2014-09-17 09:32:36', '2014-11-13 15:43:02', 1, 1, 4, 0, 163, 150, 'tablePosts', 1, 0, 0, 0, 0, 110, 0, 0, 0, 0, NULL, 0, 0),
(164, '2014-09-17 09:33:12', '2014-11-11 05:57:14', 1, 1, 0, 0, 164, 36, '', 1, 0, 1, 0, 0, 110, 0, 0, 0, 0, NULL, 0, 0),
(165, '2014-09-17 09:33:30', '2014-11-11 07:21:46', 1, 1, 0, 0, 165, 30, '', 1, 0, 1, 0, 0, 110, 0, 0, 0, 0, NULL, 0, 0),
(166, '2014-09-17 09:34:50', '2014-11-10 05:51:02', 1, 1, 0, 0, 166, 24, '', 1, 0, 1, 0, 0, 110, 0, 0, 0, 0, NULL, 0, 0),
(167, '2014-09-17 09:35:21', '2014-11-07 13:33:32', 1, 1, 0, 0, 168, 18, '', 1, 0, 1, 0, 0, 110, 0, 0, 0, 0, NULL, 0, 0),
(168, '2014-09-17 09:36:00', '2014-11-07 13:33:17', 1, 1, 0, 0, 169, 26, '', 1, 0, 1, 0, 0, 110, 0, 0, 0, 0, NULL, 0, 0),
(169, '2014-09-17 09:36:35', '2014-11-10 15:46:54', 1, 1, 0, 0, 167, 18, '', 1, 0, 1, 0, 0, 110, 0, 0, 0, 0, NULL, 0, 0),
(171, '2014-09-17 09:38:01', '2014-11-12 21:40:36', 1, 1, 1, 0, 171, 107, 'locations_list', 1, 0, 1, 0, 0, 111, 0, 0, 0, 0, NULL, 0, 0),
(172, '2014-09-17 09:38:20', '2014-11-10 15:47:16', 1, 1, 0, 0, 306, 38, 'promisiuni_primar_page', 1, 0, 1, 0, 0, 110, 0, 0, 0, 0, NULL, 0, 0),
(173, '2014-09-17 09:38:52', '2014-10-20 16:16:32', 1, 1, 2, 0, 173, 8, 'accordion_list', 1, 0, 1, 0, 0, 172, 0, 0, 0, 0, NULL, 0, 0),
(174, '2014-09-17 09:39:05', '2014-11-13 15:35:34', 1, 1, 0, 0, 174, 37, '', 1, 0, 1, 1, 0, 172, 0, 0, 0, 0, NULL, 0, 0),
(175, '2014-09-17 09:39:34', '2014-11-10 15:47:18', 1, 1, 0, 0, 175, 9, '', 1, 0, 1, 0, 0, 172, 0, 0, 0, 0, NULL, 0, 0),
(176, '2014-09-17 09:40:33', '2014-11-11 06:00:54', 1, 1, 1, 0, 176, 61, 'locations_list', 1, 0, 1, 0, 0, 111, 0, 0, 0, 0, NULL, 0, 0),
(177, '2014-09-17 09:41:14', '2014-11-09 20:15:31', 1, 1, 1, 0, 177, 28, 'locations_list', 1, 0, 1, 0, 0, 111, 0, 0, 0, 0, NULL, 0, 0),
(178, '2014-09-17 09:42:05', '2014-11-11 20:17:45', 1, 1, 1, 0, 178, 23, 'locations_list', 1, 0, 1, 0, 0, 111, 0, 0, 0, 0, NULL, 0, 0),
(179, '2014-09-17 09:44:34', '2014-11-11 19:08:42', 1, 1, 1, 0, 179, 15, 'locations_list', 1, 0, 1, 0, 0, 111, 0, 0, 0, 0, NULL, 0, 0),
(180, '2014-09-17 09:44:59', '2014-11-10 18:10:31', 1, 1, 0, 0, 180, 68, 'promisiuni_primar_page', 1, 0, 1, 0, 0, 111, 0, 0, 0, 0, NULL, 0, 0),
(181, '2014-09-17 09:45:29', '2014-11-10 18:11:05', 1, 1, 0, 0, 181, 59, '', 1, 0, 1, 0, 0, 180, 0, 0, 0, 0, NULL, 0, 0),
(182, '2014-09-17 09:46:05', '2014-11-10 18:11:24', 1, 1, 0, 0, 182, 34, '', 1, 0, 1, 0, 0, 180, 0, 0, 0, 0, NULL, 0, 0),
(183, '2014-09-17 09:46:34', '2014-11-10 18:11:41', 1, 1, 0, 0, 183, 56, 'persons_with_photo', 1, 0, 0, 0, 0, 180, 0, 0, 0, 0, NULL, 0, 0),
(184, '2014-09-17 09:46:57', '2014-11-10 18:12:44', 1, 1, 3, 0, 184, 44, 'town_list', 1, 0, 1, 0, 0, 180, 0, 0, 0, 0, NULL, 0, 0),
(185, '2014-09-17 09:47:21', '2014-11-12 21:40:41', 1, 1, 0, 0, 185, 46, '', 1, 0, 1, 0, 0, 112, 0, 0, 0, 0, NULL, 0, 0),
(186, '2014-09-17 09:47:42', '2014-11-12 21:40:51', 1, 1, 0, 0, 186, 25, '', 1, 0, 1, 0, 0, 112, 0, 0, 0, 0, NULL, 0, 0),
(187, '2014-09-17 09:48:05', '2014-11-12 21:40:46', 1, 1, 0, 0, 187, 32, '', 1, 0, 1, 0, 0, 112, 0, 0, 0, 0, NULL, 0, 0),
(188, '2014-09-17 09:51:29', '2014-11-12 21:40:12', 1, 1, 0, 0, 188, 112, '', 1, 0, 0, 0, 0, 113, 0, 0, 0, 0, NULL, 0, 0),
(189, '2014-09-17 09:51:59', '2014-11-14 12:12:11', 1, 1, 0, 0, 189, 112, 'page_calendar', 1, 0, 1, 0, 0, 113, 0, 0, 0, 0, NULL, 0, 0),
(190, '2014-09-17 09:52:21', '2014-11-12 21:40:21', 1, 1, 0, 0, 190, 45, '', 1, 0, 1, 0, 0, 113, 0, 0, 0, 0, NULL, 0, 0),
(191, '2014-09-17 09:52:58', '2014-11-12 21:40:16', 1, 1, 0, 0, 191, 152, 'secial_complaints_list', 1, 0, 0, 0, 0, 113, 0, 0, 0, 0, NULL, 0, 0),
(192, '2014-09-17 09:53:25', '2014-11-07 06:51:03', 1, 1, 2, 0, 192, 24, 'accordion_list', 1, 0, 1, 0, 0, 113, 0, 0, 0, 0, NULL, 0, 0),
(193, '2014-09-17 09:56:22', '2014-11-10 18:36:13', 1, 1, 0, 143, 193, 73, '', 1, 0, 1, 1, 0, 114, 0, 0, 0, 0, NULL, 0, 0),
(194, '2014-09-17 09:57:22', '2014-11-10 18:36:57', 1, 1, 0, 174, 194, 42, '', 1, 0, 1, 1, 0, 114, 0, 0, 0, 0, NULL, 0, 0),
(195, '2014-09-17 09:57:50', '2014-11-10 18:37:12', 1, 1, 0, 156, 195, 30, '', 1, 0, 1, 1, 0, 114, 0, 0, 0, 0, NULL, 0, 0),
(196, '2014-09-17 09:58:15', '2014-11-12 21:44:17', 1, 1, 0, 0, 196, 32, '', 1, 0, 1, 1, 0, 114, 0, 0, 0, 0, NULL, 0, 0),
(197, '2014-09-17 09:58:48', '2014-11-13 07:11:45', 1, 1, 0, 0, 197, 215, 'promisiuni_primar_page', 1, 0, 1, 0, 0, 115, 0, 0, 0, 0, NULL, 0, 0),
(198, '2014-09-17 09:59:04', '2014-11-10 18:26:08', 1, 1, 0, 0, 198, 175, 'persons_big', 1, 0, 0, 0, 0, 115, 0, 0, 0, 0, NULL, 0, 0),
(199, '2014-09-17 09:59:33', '2014-11-14 07:24:43', 1, 1, 0, 0, 199, 109, '', 1, 0, 1, 0, 0, 115, 0, 0, 0, 0, NULL, 0, 0),
(200, '2014-09-17 10:00:01', '2014-11-14 07:24:39', 1, 1, 0, 0, 200, 58, '', 1, 0, 1, 0, 0, 115, 0, 0, 0, 0, NULL, 0, 0),
(201, '2014-09-17 10:00:26', '2014-11-10 18:29:49', 1, 1, 7, 0, 201, 57, 'externLinks', 1, 0, 1, 0, 0, 115, 0, 0, 0, 0, NULL, 0, 0),
(202, '2014-09-17 10:00:47', '2014-11-10 18:30:18', 1, 1, 8, 0, 202, 42, 'fileFolders', 1, 0, 1, 0, 0, 115, 0, 0, 0, 0, NULL, 0, 0),
(203, '2014-09-17 10:01:09', '2014-11-12 21:44:46', 1, 1, 15, 0, 203, 1183, 'newsList', 0, 0, 0, 0, 0, 115, 0, 0, 0, 0, NULL, 0, 0),
(204, '2014-09-17 10:01:24', '2014-11-11 12:46:39', 1, 1, 0, 0, 204, 127, 'persons_mayor', 1, 0, 1, 0, 0, 197, 0, 0, 0, 0, NULL, 0, 0),
(205, '2014-09-17 10:02:22', '2014-11-10 18:34:52', 1, 1, 0, 0, 205, 45, '', 1, 0, 1, 0, 0, 197, 0, 0, 0, 0, NULL, 0, 0),
(206, '2014-09-17 10:03:09', '2014-11-10 15:25:28', 1, 1, 0, 0, 206, 36, '', 1, 0, 1, 0, 0, 197, 0, 0, 0, 0, NULL, 0, 0),
(207, '2014-09-17 10:30:23', '2014-11-11 12:45:47', 1, 1, 0, 0, 207, 42, '', 1, 0, 1, 0, 0, 197, 0, 0, 0, 0, NULL, 0, 0),
(210, '2014-09-17 10:31:33', '2014-11-14 11:23:40', 1, 1, 17, 0, 210, 200, 'acticles', 0, 0, 1, 0, 0, 116, 0, 0, 0, 0, NULL, 0, 0),
(211, '2014-09-17 10:32:03', '2014-11-09 18:28:13', 1, 1, 1, 0, 211, 63, 'locations_list', 1, 0, 1, 0, 0, 117, 0, 0, 0, 0, NULL, 0, 0),
(212, '2014-09-17 10:32:26', '2014-11-02 07:00:04', 1, 1, 1, 0, 212, 26, 'locations_list', 1, 0, 1, 0, 0, 117, 0, 0, 0, 0, NULL, 0, 0),
(213, '2014-09-17 10:32:47', '2014-11-14 11:03:41', 1, 1, 0, 0, 213, 99, '', 1, 1, 1, 0, 0, 118, 0, 0, 0, 0, NULL, 0, 0),
(214, '2014-09-17 10:33:07', '2014-11-12 15:53:18', 1, 1, 0, 0, 214, 103, 'promisiuni_primar_page', 1, 0, 1, 0, 0, 118, 0, 0, 0, 0, NULL, 0, 0),
(215, '2014-09-17 10:33:31', '2014-11-10 18:41:13', 1, 1, 0, 0, 215, 109, 'persons_secretar', 1, 0, 1, 0, 0, 118, 0, 0, 0, 0, NULL, 0, 0),
(216, '2014-09-17 10:33:57', '2014-11-14 11:03:53', 1, 1, 0, 0, 216, 133, 'city_councilors', 1, 0, 0, 0, 0, 118, 0, 0, 0, 0, NULL, 0, 0),
(217, '2014-09-17 10:34:31', '2014-11-12 06:28:00', 1, 1, 0, 0, 217, 90, 'page_calendar', 1, 0, 1, 0, 0, 118, 0, 0, 0, 0, NULL, 0, 0),
(218, '2014-09-17 10:35:06', '2014-11-10 18:55:55', 1, 1, 0, 0, 218, 189, 'acteList', 1, 0, 1, 0, 0, 118, 0, 0, 0, 0, NULL, 0, 0),
(219, '2014-11-16 23:35:30', '2014-11-12 20:00:12', 1, 1, 16, 0, 219, 78, 'meetingFuture', 1, 0, 0, 0, 0, 214, 0, 0, 0, 0, NULL, 0, 0),
(220, '2014-09-17 10:36:25', '2014-11-14 11:20:16', 1, 1, 16, 0, 220, 151, 'meetingPast', 1, 0, 1, 0, 0, 214, 0, 0, 0, 0, NULL, 0, 0),
(221, '2014-09-17 10:37:05', '2014-11-14 11:19:46', 1, 1, 0, 0, 221, 128, 'page_calendar', 1, 0, 0, 0, 0, 214, 0, 0, 0, 0, NULL, 0, 0),
(222, '2014-09-17 10:37:42', '2014-11-11 12:53:07', 1, 1, 0, 0, 222, 28, '', 1, 0, 1, 0, 0, 214, 0, 0, 0, 0, NULL, 0, 0),
(223, '2014-09-17 10:38:46', '2014-11-14 11:23:46', 1, 1, 0, 0, 223, 120, 'group_with_persons', 1, 0, 1, 0, 0, 119, 0, 0, 0, 0, NULL, 0, 0),
(224, '2014-09-17 10:39:11', '2014-11-08 19:19:29', 1, 1, 0, 0, 224, 49, 'group_with_persons', 1, 0, 1, 0, 0, 119, 0, 0, 0, 0, NULL, 0, 0),
(225, '2014-09-17 10:39:38', '2014-11-08 19:19:29', 1, 1, 0, 0, 225, 20, 'group_with_persons', 1, 0, 1, 0, 0, 119, 0, 0, 0, 0, NULL, 0, 0),
(226, '2014-09-17 10:39:56', '2014-11-14 11:23:49', 1, 1, 0, 0, 226, 35, 'group_with_persons', 1, 0, 1, 0, 0, 119, 0, 0, 0, 0, NULL, 0, 0),
(227, '2014-09-17 10:43:22', '2014-11-10 18:43:48', 1, 1, 15, 0, 227, 74, 'acticles', 1, 0, 1, 0, 0, 120, 0, 0, 0, 0, NULL, 0, 0),
(228, '2014-09-17 10:45:37', '2014-10-31 06:34:48', 1, 1, 15, 0, 228, 27, 'acticles', 1, 0, 1, 0, 0, 120, 0, 0, 0, 0, NULL, 0, 0),
(229, '2014-09-17 10:45:57', '2014-10-31 06:34:51', 1, 1, 15, 0, 229, 23, 'acticles', 1, 0, 1, 0, 0, 120, 0, 0, 0, 0, NULL, 0, 0),
(230, '2014-09-17 10:46:26', '2014-11-03 09:46:01', 1, 1, 15, 0, 230, 22, 'acticles', 1, 0, 1, 0, 0, 120, 0, 0, 0, 0, NULL, 0, 0),
(231, '2014-09-17 10:47:11', '2014-10-31 06:34:55', 1, 1, 15, 0, 231, 22, 'acticles', 1, 0, 1, 0, 0, 120, 0, 0, 0, 0, NULL, 0, 0),
(232, '2014-09-17 10:47:37', '2014-11-03 13:21:11', 1, 1, 15, 0, 232, 24, 'acticles', 1, 0, 1, 0, 0, 120, 0, 0, 0, 0, NULL, 0, 0),
(233, '2014-09-17 10:48:16', '2014-10-31 06:35:10', 1, 1, 15, 0, 233, 17, 'acticles', 1, 0, 1, 0, 0, 120, 0, 0, 0, 0, NULL, 0, 0),
(234, '2014-09-17 10:48:48', '2014-10-31 06:35:12', 1, 1, 15, 0, 234, 27, 'acticles', 1, 0, 1, 0, 0, 120, 0, 0, 0, 0, NULL, 0, 0),
(235, '2014-09-17 10:49:23', '2014-11-07 08:14:05', 1, 1, 2, 0, 235, 53, 'accordion_list', 1, 0, 1, 0, 0, 121, 0, 0, 0, 0, NULL, 0, 0),
(236, '2014-09-17 10:49:51', '2014-11-10 05:41:14', 1, 1, 7, 0, 236, 62, 'externLinks', 1, 0, 1, 0, 0, 121, 0, 0, 0, 0, NULL, 0, 0),
(237, '2014-09-17 10:50:36', '2014-11-12 11:48:26', 1, 1, 13, 0, 237, 178, 'videoList', 1, 0, 1, 0, 0, 122, 0, 0, 0, 0, NULL, 0, 0),
(238, '2014-09-17 10:51:06', '2014-11-10 14:31:32', 1, 1, 0, 0, 238, 45, 'secial_complaints_list', 1, 0, 1, 0, 0, 122, 0, 0, 0, 0, NULL, 0, 0),
(239, '2014-09-17 10:51:30', '2014-11-12 21:44:56', 1, 1, 14, 0, 251, 268, 'adsList', 0, 0, 1, 0, 0, 123, 0, 0, 0, 0, NULL, 0, 0),
(240, '2014-09-17 10:51:53', '2014-11-10 18:59:36', 1, 1, 10, 0, 240, 157, 'acquisitionsList', 0, 0, 0, 0, 0, 123, 0, 0, 0, 0, NULL, 0, 0),
(241, '2014-09-17 10:53:08', '2014-11-10 18:46:46', 1, 1, 9, 0, 241, 147, 'posturi_vacante', 0, 0, 1, 0, 0, 123, 0, 0, 0, 0, NULL, 0, 0),
(242, '2014-09-17 10:53:31', '2014-11-07 19:07:16', 1, 1, 0, 0, 242, 75, 'acticles', 0, 0, 1, 0, 0, 123, 0, 0, 0, 0, NULL, 0, 0),
(243, '2014-09-17 10:54:11', '2014-11-10 16:28:50', 1, 1, 15, 0, 243, 91, 'acticles', 1, 0, 1, 0, 0, 124, 0, 0, 0, 0, NULL, 0, 0),
(244, '2014-09-17 10:54:39', '2014-11-10 16:28:59', 1, 1, 15, 0, 244, 42, 'acticles', 1, 0, 1, 0, 0, 124, 0, 0, 0, 0, NULL, 0, 0),
(245, '2014-09-17 10:55:25', '2014-11-01 06:19:30', 1, 1, 15, 0, 245, 35, 'acticles', 1, 0, 1, 0, 0, 124, 0, 0, 0, 0, NULL, 0, 0),
(246, '2014-09-17 10:56:26', '2014-11-10 16:29:03', 1, 1, 15, 0, 246, 30, 'acticles', 1, 0, 1, 0, 0, 124, 0, 0, 0, 0, NULL, 0, 0),
(247, '2014-09-17 10:56:52', '2014-11-11 18:47:02', 1, 1, 19, 0, 247, 154, 'publicConsultations', 0, 0, 1, 0, 0, 125, 0, 0, 0, 0, NULL, 0, 0),
(248, '2014-09-17 10:57:39', '2014-11-12 05:42:30', 1, 1, 15, 0, 248, 43, 'acticles', 1, 0, 1, 0, 0, 125, 0, 0, 0, 0, NULL, 0, 0),
(249, '2014-09-17 10:58:33', '2014-11-10 06:05:40', 1, 1, 15, 0, 249, 42, 'acticles', 1, 0, 1, 0, 0, 125, 0, 0, 0, 0, NULL, 0, 0),
(250, '2014-09-17 10:58:52', '2014-11-10 19:08:01', 1, 1, 0, 0, 250, 257, 'pollList', 0, 0, 0, 0, 0, 125, 0, 0, 0, 0, NULL, 0, 0),
(251, '2014-09-17 10:59:11', '2014-11-10 18:50:33', 1, 1, 11, 0, 252, 118, 'projectsList', 1, 0, 1, 0, 0, 126, 0, 0, 0, 0, NULL, 0, 0),
(252, '2014-09-17 10:59:37', '2014-11-10 06:03:15', 1, 1, 11, 0, 129, 43, 'projectsList', 1, 0, 1, 0, 0, 126, 0, 0, 0, 0, NULL, 0, 0),
(262, '2014-09-18 07:03:06', '2014-11-10 01:02:51', 1, 1, 17, 0, 262, 81, 'acticles', 1, 0, 1, 0, 0, 116, 0, 0, 0, 0, NULL, 0, 0),
(270, '2014-09-25 14:40:13', '2014-11-10 12:22:53', 1, 1, 0, 0, 274, 4, '', 0, 0, 0, 0, 0, 0, 0, 0, 0, 0, NULL, 0, 0),
(274, '2014-10-03 11:22:49', '2014-11-10 16:21:52', 4, 1, 15, 0, 106, 2, 'newsList', 0, 0, 1, 0, 0, 0, 0, 0, 0, 0, NULL, 203, 0),
(285, '2014-10-31 15:17:33', '2014-11-14 15:37:58', 1, 1, 0, 0, 285, 102, 'urgentNumbers', 0, 0, 1, 0, 0, 0, 0, 0, 0, 0, NULL, 0, 0),
(286, '2014-11-03 07:08:21', '2014-11-10 08:02:02', 1, 1, 0, 0, 286, 5, '', 1, 0, 1, 0, 0, 270, 0, 0, 0, 0, NULL, 0, 0),
(305, '2014-11-04 21:46:58', '2014-11-10 12:23:11', 1, 1, 0, 0, 305, 8, '', 1, 1, 0, 0, 0, 0, 0, 0, 0, 0, NULL, 0, 0),
(306, '2014-11-07 13:28:35', '2014-11-07 13:33:06', 5, 1, 0, 0, 172, 0, '', 1, 0, 1, 0, 0, 110, 0, 0, 0, 0, NULL, 0, 0);

-- --------------------------------------------------------

--
-- Table structure for table `apl_post_lang`
--

DROP TABLE IF EXISTS `apl_post_lang`;
CREATE TABLE IF NOT EXISTS `apl_post_lang` (
  `id` int(11) NOT NULL AUTO_INCREMENT,
  `title` text NOT NULL,
  `text` text NOT NULL,
  `uri` varchar(200) NOT NULL,
  `post_id` int(11) NOT NULL,
  `lang_id` int(11) NOT NULL,
  `enabled` int(1) NOT NULL DEFAULT '0',
  PRIMARY KEY (`id`)
) ENGINE=InnoDB  DEFAULT CHARSET=utf8 AUTO_INCREMENT=1328 ;

--
-- Dumping data for table `apl_post_lang`
--

INSERT INTO `apl_post_lang` (`id`, `title`, `text`, `uri`, `post_id`, `lang_id`, `enabled`) VALUES
(34, 'sdfgsdfg', '', 'sdfgsdfg', 0, 0, 1),
(168, 'Contacte', '', 'contacte', 95, 1, 1),
(169, 'Контактные данные', '', 'kontaktn-dann', 95, 2, 1),
(182, 'Eroare de sistem', '', 'eroare-de-sistem', 102, 1, 1),
(183, 'Системная ошибка', '', 'sistmnaya-oshibka', 102, 2, 1),
(184, 'Cetățeni și business  ', '', 'cetateni-si-business', 103, 1, 1),
(185, 'Граждане и  бизнес', '', 'grazhdan-i-bizns', 103, 2, 1),
(186, 'Primăria', '', 'primaria', 104, 1, 1),
(187, 'Примэрия', '', 'primriya', 104, 2, 1),
(188, 'Consiliul local', '', 'consiliul-local', 105, 1, 1),
(189, 'Местный совет', '', 'mstny-sovt', 105, 2, 1),
(190, 'Transparența', '', 'transparenta', 106, 1, 1),
(191, 'Прозрачность', '', 'prozrachnosty', 106, 2, 1),
(192, 'Beneficii sociale și ajutoare', '', 'beneficii-sociale-si-ajutoare', 107, 1, 1),
(193, 'Социальные льготы и помощь', '', 'sotsialyn-lygot-i-pomoshty', 107, 2, 1),
(194, 'Impozite și taxe locale', '', 'impozite-si-taxe-locale', 108, 1, 1),
(195, 'Сборы и налоги', '', 'sbor-i-nalogi', 108, 2, 1),
(196, 'Business și antreprenoriat', '', 'business-si-antreprenoriat', 109, 1, 1),
(197, 'Бизнес и предпринимательская деятельность', '', 'bizns-i-prdprinimatlyskaya-dyatlynosty', 109, 2, 1),
(198, 'Autorizații și certificate', '', 'autorizatii-si-certificate', 110, 1, 1),
(199, 'Авторизации (разрешения) и сертификаты', '', 'avtorizatsii-razrshniya-i-srtifikat', 110, 2, 1),
(200, 'Educație, cultură, turism și sport', '', 'educatie-cultura-turism-si-sport', 111, 1, 1),
(201, 'Образование, культура, туризм и спорт', '', 'obrazovani-kulytura-turizm-i-sport', 111, 2, 1),
(202, 'Implicarea cetățenilor', '', 'implicarea-cetatenilor', 112, 1, 1),
(203, 'Вовлечение граждан', '', 'vovlchni-grazhdan', 112, 2, 1),
(204, 'Audierea cetățenilor', '', 'audierea-cetatenilor', 113, 1, 1),
(205, 'Приём граждан', '', 'prim-grazhdan', 113, 2, 1),
(206, 'Modele de acte / formulare', '', 'modele-de-acte-formulare', 114, 1, 1),
(207, 'Образцы документов / бланков', '', 'obrazts-dokumntov-blankov', 114, 2, 1),
(208, 'Primăria', '', 'primaria-208', 115, 1, 1),
(209, 'Примэрия', '', 'primriya-209', 115, 2, 1),
(210, 'Rapoarte și planuri de activitate', '', 'rapoarte-si-planuri-de-activitate', 116, 1, 1),
(211, 'Отчёты и планы действий', '', 'otcht-i-plan-dystviy', 116, 2, 1),
(212, 'Întreprinderi  subordonate', '', 'intreprinderi-subordonate', 117, 1, 1),
(213, 'Подчинённые предприятия', '', 'podchinnn-prdpriyatiya', 117, 2, 1),
(214, 'Consiliul local', '', 'consiliul-local-214', 118, 1, 1),
(215, 'Местный совет', '', 'mstny-sovt-215', 118, 2, 1),
(216, 'Comisiile de specialitate', '', 'comisiile-de-specialitate', 119, 1, 1),
(217, 'Специализированные комиссии', '', 'sptsializirovann-komissii', 119, 2, 1),
(218, 'Strategii, planuri și politici', '', 'strategii-planuri-si-politici', 120, 1, 1),
(219, 'Стратегии, планы и политики', '', 'stratgii-plan-i-politiki', 120, 2, 1),
(220, 'Ce este transparența?', '', 'ce-este-transparenta', 121, 1, 1),
(221, 'Что такое прозрачность?', '', 'chto-tako-prozrachnosty', 121, 2, 1),
(222, 'Dialogul cu cetățenii', '', 'dialogul-cu-cetatenii', 122, 1, 1),
(223, 'Диалог с гражданами', '', 'dialog-s-grazhdanami', 122, 2, 1),
(224, 'Informații de interes public', '', 'informatii-de-interes-public', 123, 1, 1),
(225, 'Публичная информация', '', 'publichnaya-informatsiya', 123, 2, 1),
(226, 'Finanțele publice locale', '', 'finantele-publice-locale', 124, 1, 1),
(227, 'Местные государственные финансы', '', 'mstn-gosudarstvnn-finans', 124, 2, 1),
(228, 'Consultări publice', '', 'consultari-publice', 125, 1, 1),
(229, 'Общественные консультации', '', 'obshtstvnn-konsulytatsii', 125, 2, 1),
(230, 'Proiecte locale', '', 'proiecte-locale', 126, 1, 1),
(231, 'Местные проекты', '', 'mstn-prokt', 126, 2, 1),
(232, 'Contacte și adrese utile', '', 'contacte-si-adrese-utile', 127, 1, 1),
(233, 'Контакты и полезные адреса', '', 'kontakt-i-polzn-adrsa', 127, 2, 1),
(234, 'Harta site-ului', '', 'harta-site-ului', 128, 1, 1),
(235, 'Карта сайта', '', 'karta-sayta', 128, 2, 1),
(236, 'Declarații anuale de venituri și interese', '', 'declaratii-anuale-de-venituri-si-interese', 129, 1, 1),
(237, 'Заявления о доходах и имуществе', '', 'zayavlniya-o-dohodah-i-imushtstv', 129, 2, 1),
(238, 'Erori', '', 'erori', 130, 1, 1),
(239, 'Ошибки', '', 'oshibki', 130, 2, 1),
(240, 'Pagina nu a fost gasita', '', 'pagina-nu-a-fost-gasita', 131, 1, 1),
(241, 'Страница не найдена', '', 'stranitsa-n-naydna', 131, 2, 1),
(242, 'Ajutoare sociale familiale', '', 'ajutoare-sociale-familiale', 132, 1, 1),
(243, 'Социальная поддержка семей', '', 'sotsialynaya-poddrzhka-smy', 132, 2, 1),
(244, 'Ajutorul de șomaj', '', 'ajutorul-de-somaj', 133, 1, 1),
(245, 'Пособие по безработице', '', 'posobi-po-bzrabotits', 133, 2, 1),
(246, 'Pensionarea și ajutorul social', '', 'pensionarea-si-ajutorul-social', 134, 1, 1),
(247, 'Уход на пенсию и социальная помощь', '', 'uhod-na-pnsiyu-i-sotsialynaya-pomoshty', 134, 2, 1),
(248, 'Consiliere socială', '', 'consiliere-sociala', 135, 1, 1),
(249, 'Социальное консультирование', '', 'sotsialyno-konsulytirovani', 135, 2, 1),
(250, 'Puncte medicale locale', '', 'puncte-medicale-locale', 136, 1, 1),
(251, 'Местные медицинские учреждения', '', 'mstn-mditsinski-uchrzhdniya', 136, 2, 1),
(252, 'Ajutorul de deces', '', 'ajutorul-de-deces', 137, 1, 1),
(253, 'Материальная помощь в связи со смертью', '', 'matrialynaya-pomoshty-v-svyazi-so-smrtyyu', 137, 2, 1),
(254, 'Adăposturi sociale și case de bătrâni', '', 'adaposturi-sociale-si-case-de-batrani', 138, 1, 1),
(255, 'Социальные приюты и дома для престарелых', '', 'sotsialyn-priyut-i-doma-dlya-prstarlh', 138, 2, 1),
(256, 'Violența domestică / cazuri de urgență', '', 'violenta-domestica-cazuri-de-urgenta', 139, 1, 1),
(257, 'Домашнее насилие / экстренные случаи', '', 'domashn-nasili-kstrnn-sluchai', 139, 2, 1),
(258, 'Raportează o fraudă socială', '', 'raporteaza-o-frauda-sociala', 140, 1, 1),
(259, 'Сообщите о социальном мошенничестве', '', 'soobshtit-o-sotsialynom-moshnnichstv', 140, 2, 1),
(260, 'Întrebări frecvente / modele de cereri', '', 'intrebari-frecvente-modele-de-cereri', 141, 1, 1),
(261, 'Часто задаваемые вопросы / образцы заявлений', '', 'chasto-zadavam-vopros-obrazts-zayavlniy', 141, 2, 1),
(262, 'Întrebări frecvente', '', 'intrebari-frecvente', 142, 1, 1),
(263, 'Часто задаваемые вопросы', '', 'chasto-zadavam-vopros', 142, 2, 1),
(264, 'Formulare de cereri', '', 'formulare-de-cereri-264', 143, 1, 1),
(265, 'Образцы заявлений', '', 'obrazts-zayavlniy', 143, 2, 1),
(266, 'Ghid de completare a cererii', '', 'ghid-de-completare-a-cererii', 144, 1, 1),
(267, 'Инструкция по заполнению заявления', '', 'instruktsiya-po-zapolnniyu-zayavlniya', 144, 2, 1),
(268, 'Impozite și taxe locale', '', 'impozite-si-taxe-locale-1', 145, 1, 1),
(269, 'Сборы и налоги', '', 'sbor-i-nalogi-269', 145, 2, 1),
(270, 'Taxa de publicitate', '', 'taxa-de-publicitate', 146, 1, 1),
(271, 'Сбор за размещение рекламы', '', 'sbor-za-razmshtni-rklam', 146, 2, 1),
(272, 'Taxa de organizare a licitațiilor / loteriilor', '', 'taxa-de-organizare-a-licitatiilor-loteriilor', 147, 1, 1),
(273, 'Сбор за организацию аукционов и лотерей', '', 'sbor-za-organizatsiyu-auktsionov-i-lotry', 147, 2, 1),
(274, 'Taxa pentru unități comerciale', '', 'taxa-pentru-unitati-comerciale', 148, 1, 1),
(275, 'Сбор за объекты торговли', '', 'sbor-za-obakt-torgovli', 148, 2, 1),
(276, 'Taxa de piață', '', 'taxa-de-piata', 149, 1, 1),
(277, 'Рыночный сбор', '', 'rnochny-sbor', 149, 2, 1),
(278, 'Taxa de cazare', '', 'taxa-de-cazare', 150, 1, 1),
(279, 'Сбор за временное проживание', '', 'sbor-za-vrmnno-prozhivani', 150, 2, 1),
(280, 'Taxa de parcare', '', 'taxa-de-parcare', 151, 1, 1),
(281, 'Сбор за парковку автотранспорта', '', 'sbor-za-parkovku-avtotransporta', 151, 2, 1),
(282, 'Taxa pentru unități stradale', '', 'taxa-pentru-unitati-stradale', 152, 1, 1),
(283, 'Сбор за уличные объекты', '', 'sbor-za-ulichn-obakt', 152, 2, 1),
(284, 'Impozitul pe bunuri imobiliare', '', 'impozitul-pe-bunuri-imobiliare', 153, 1, 1),
(285, 'Налог на недвижимость', '', 'nalog-na-ndvizhimosty', 153, 2, 1),
(286, 'Întrebări frecvente / modele de documente', '', 'intrebari-frecvente-modele-de-documente', 154, 1, 1),
(287, 'Часто задаваемые вопросы / образцы документов / инструкция по заполнению расчетных документов для уплаты налогов и сборов', '', 'chasto-zadavam-vopros-obrazts-dokumntov-instruktsiya-po-zapolnniyu-raschtnh-dokumntov-dlya-uplat-nalogov-i-sborov', 154, 2, 1),
(288, 'Întrebări frecvente', '', 'intrebari-frecvente-288', 155, 1, 1),
(289, 'Часто задаваемые вопросы', '', 'chasto-zadavam-vopros-289', 155, 2, 1),
(290, 'Formulare pentru taxe', '', 'modele-de-documente', 156, 1, 1),
(291, 'Образцы документов', '', 'obrazts-dokumntov', 156, 2, 1),
(292, 'Ghid de achitare a impozitelor', '', 'ghid-de-achitare-a-impozitelor', 157, 1, 1),
(293, 'Инструкция по заполнению расчетных документов для уплаты налогов и сборов', '', 'instruktsiya-po-zapolnniyu-raschtnh-dokumntov-dlya-uplat-nalogov-i-sborov', 157, 2, 1),
(294, 'Investește în orașul tău', '', 'investeste-in-orasul-tau', 158, 1, 1),
(295, 'Инвестируйте в город xxxxxxxxx', '', 'invstiruyt-v-gorod-xxxxxxxxx', 158, 2, 1),
(296, 'Cum să înregistrezi o societate comercială', '', 'cum-sa-inregistrezi-o-societate-comerciala', 159, 1, 1),
(297, 'Как зарегистрировать компанию', '', 'kak-zargistrirovaty-kompaniyu', 159, 2, 1),
(298, 'Cum să înregistrezi o gospodărie de fermeri', '', 'cum-sa-inregistrezi-o-gospodarie-de-fermeri', 160, 1, 1),
(299, 'Как зарегистрировать фермерское хозяйство', '', 'kak-zargistrirovaty-frmrsko-hozyaystvo', 160, 2, 1),
(300, 'Cum să înregistrezi o întreprindere individuală', '', 'cum-sa-inregistrezi-o-intreprindere-individuala', 161, 1, 1),
(301, 'Как зарегистрировать индивидуальное предприятие', '', 'kak-zargistrirovaty-individualyno-prdpriyati', 161, 2, 1),
(302, 'Incubatoare de afaceri și companii de consultanță', '', 'incubatoare-de-afaceri-si-companii-de-consultanta', 162, 1, 1),
(303, 'Бизнес-инкубаторы и консалтинговые компании', '', 'bizns-inkubator-i-konsaltingov-kompanii', 162, 2, 1),
(304, 'Autorizația pentru unități comerciale', '', 'autorizatia-pentru-unitati-comerciale', 163, 1, 1),
(305, 'Авторизация для размещения торгового объекта', '', 'avtorizatsiya-dlya-razmshtniya-torgovogo-obakta', 163, 2, 1),
(306, 'Autorizația de construcție', '', 'autorizatia-de-constructie', 164, 1, 1),
(307, 'Разрешение на строительство', '', 'razrshni-na-stroitlystvo', 164, 2, 1),
(308, 'Autorizația de desființare', '', 'autorizatia-de-desfiintare', 165, 1, 1),
(309, 'Разрешение на снос', '', 'razrshni-na-snos', 165, 2, 1),
(310, 'Certificatul de urbanism pentru proiectare', '', 'certificatul-de-urbanism-pentru-proiectare', 166, 1, 1),
(311, 'Градостроительный сертификат для проектирования', '', 'gradostroitlyny-srtifikat-dlya-proktirovaniya', 166, 2, 1),
(312, 'Certificat privind lipsa / existența restanțelor', '', 'certificat-privind-lipsa-existenta-restantelor', 167, 1, 1),
(313, 'Сертификат об отсутствии / наличии задолженности', '', 'srtifikat-ob-otsutstvii-nalichii-zadolzhnnosti', 167, 2, 1),
(314, 'Certificat privind componența familiei', '', 'certificat-privind-componenta-familiei', 168, 1, 1),
(315, 'Удостоверение о составе семьи', '', 'udostovrni-o-sostav-smyi', 168, 2, 1),
(316, 'Certificate necesare pentru construcția casei sau a unui obiectiv comercial', '', 'certificate-necesare-pentru-constructia-casei-sau-a-unui-obiectiv-comercial', 169, 1, 1),
(317, 'Необходимые сертификаты для строительства дома или коммерческого объекта', '', 'nobhodim-srtifikat-dlya-stroitlystva-doma-ili-kommrchskogo-obakta', 169, 2, 1),
(320, 'Biblioteca, muzeul și teatrul', '', 'biblioteca-muzeul-si-teatrul', 171, 1, 1),
(321, 'Библиотека, музей и театр', '', 'bibliotka-muzy-i-tatr', 171, 2, 1),
(322, 'Întrebări frecvente / modele de cereri', '', 'intrebari-frecvente-modele-de-cereri-322', 172, 1, 1),
(323, 'Часто задаваемые вопросы / образцы заявлений / инструкция по заполнению заявления', '', 'chasto-zadavam-vopros-obrazts-zayavlniy-instruktsiya-po-zapolnniyu-zayavlniya', 172, 2, 1),
(324, 'Întrebări frecvente', '', 'intrebari-frecvente-324', 173, 1, 1),
(325, 'Часто задаваемые вопросы', '', 'chasto-zadavam-vopros-325', 173, 2, 1),
(326, 'Formulare pentru certificate', '', 'formulare-pentru-certificate-326', 174, 1, 1),
(327, 'Образцы заявлений', '', 'obrazts-zayavlniy-327', 174, 2, 1),
(328, 'Ghid completare a cererii', '', 'ghid-completare-a-cererii', 175, 1, 1),
(329, 'Инструкция по заполнению заявления', '', 'instruktsiya-po-zapolnniyu-zayavlniya-329', 175, 2, 1),
(330, 'Grădinițe, gimnazii, licee', '', 'gradinite-gimnazii-licee', 176, 1, 1),
(331, 'Детские сады, гимназии, лицеи', '', 'dtski-sad-gimnazii-litsi', 176, 2, 1),
(332, 'Colegiul și universitatea', '', 'colegiul-si-universitatea', 177, 1, 1),
(333, 'Колледж и университет', '', 'kolldzh-i-univrsitt', 177, 2, 1),
(334, 'Parcuri, zone de odihnă și sport', '', 'parcuri-zone-de-odihna-si-sport', 178, 1, 1),
(335, 'Парки, зоны отдыха и спорт', '', 'parki-zon-otdha-i-sport', 178, 2, 1),
(336, 'Atracții turistice', '', 'atractii-turistice', 179, 1, 1),
(337, 'Достопримечательности', '', 'dostoprimchatlynosti', 179, 2, 1),
(338, 'Despre oraș', '', 'despre-oras', 180, 1, 1),
(339, 'О городе', '', 'o-gorod', 180, 2, 1),
(340, 'Cum să ajungi în oraș / amplasarea geografică', '', 'cum-sa-ajungi-in-oras-amplasarea-geografica', 181, 1, 1),
(341, 'Как попасть в город / географическое расположение', '', 'kak-popasty-v-gorod-gografichsko-raspolozhni', 181, 2, 1),
(342, 'Istoria orașului', '', 'istoria-orasului', 182, 1, 1),
(343, 'История города', '', 'istoriya-goroda', 182, 2, 1),
(344, 'Personalități marcante', '', 'personalitati-marcante', 183, 1, 1),
(345, 'Выдающиеся личности', '', 'vdayushtisya-lichnosti', 183, 2, 1),
(346, 'Orașe înfrățite', '', 'orase-infratite', 184, 1, 1),
(347, 'Города побратимы', '', 'goroda-pobratim', 184, 2, 1),
(348, 'Consiliul cetățenilor', '', 'consiliul-cetatenilor', 185, 1, 1),
(349, 'Гражданский совет', '', 'grazhdanskiy-sovt', 185, 2, 1),
(350, 'Consiliul tinerilor', '', 'consiliul-tinerilor', 186, 1, 1),
(351, 'Молодежный совет', '', 'molodzhny-sovt', 186, 2, 1),
(352, 'Comitetele de cartier / de stradă', '', 'comitetele-de-cartier-de-strada', 187, 1, 1),
(353, 'Местные комитеты', '', 'mstn-komitt', 187, 2, 1),
(354, 'Programează-te on-line pentru o audiență', '', 'programeaza-te-on-line-pentru-o-audienta', 188, 1, 1),
(355, 'Зарегистрируйтесь онлайн на приём', '', 'zargistriruytsy-onlayn-na-prim', 188, 2, 1),
(356, 'Orarul audierilor', '', 'orarul-audierilor', 189, 1, 1),
(357, 'График приема граждан', '', 'grafik-prima-grazhdan', 189, 2, 1),
(358, 'Discută on-line cu primarul și consilieri locali', '', 'discuta-on-line-cu-primarul-si-consilieri-locali', 190, 1, 1),
(359, 'Общайтесь в режиме онлайн с мэром и местными советниками', '', 'obshtaytsy-v-rzhim-onlayn-s-mrom-i-mstnmi-sovtnikami', 190, 2, 1),
(360, 'Depune o petiție', '', 'depune-o-plangere', 191, 1, 1),
(361, 'Подайте жалобу', '', 'podayt-zhalobu', 191, 2, 1),
(362, 'Întrebări frecvente', '', 'intrebari-frecvente-362', 192, 1, 1),
(363, 'Часто задаваемые вопросы', '', 'chasto-zadavam-vopros-363', 192, 2, 1),
(364, 'Formulare de cereri', '', 'formulare-de-cereri-264-143', 193, 1, 1),
(365, 'Образцы заявлений', '', 'obrazts-zayavlniy-143', 193, 2, 1),
(366, 'Formulare pentru certificate', '', 'formulare-pentru-certificate-326-174', 194, 1, 1),
(367, 'Образцы заявлений', '', 'obrazts-zayavlniy-327-174', 194, 2, 1),
(368, 'Formulare pentru taxe', '', 'modele-de-documente-156', 195, 1, 1),
(369, 'Образцы документов', '', 'obrazts-dokumntov-156', 195, 2, 1),
(370, 'Modele de cereri / plângeri', '', 'modele-de-cereri-plangeri', 196, 1, 1),
(371, 'Образцы заявлений / жалоб', '', 'obrazts-zayavlniy-zhalob', 196, 2, 1),
(372, 'Primarul', '', 'primarul', 197, 1, 1),
(373, 'Примар', '', 'primar', 197, 2, 1),
(374, 'Viceprimari', '', 'viceprimari', 198, 1, 1),
(375, 'Заместитель примара', '', 'zamstitly-primara', 198, 2, 1),
(376, 'Aparatul primăriei', '', 'aparatul-primariei', 199, 1, 1),
(377, 'Аппарат примэрии', '', 'apparat-primrii', 199, 2, 1),
(378, 'Organigrama primăriei', '', 'organigrama-primariei', 200, 1, 1),
(379, 'Схема организационной структуры примэрии', '', 'shma-organizatsionnoy-struktur-primrii', 200, 2, 1),
(380, 'Cadrul legal al apl', '', 'cadrul-legal-al-apl', 201, 1, 1),
(381, 'Правовая база мов', '', 'pravovaya-baza-mov', 201, 2, 1),
(382, 'Regulamente interne', '', 'regulamente-interne', 202, 1, 1),
(383, 'Внутренние регламенты', '', 'vnutrnni-rglamnt', 202, 2, 1),
(384, 'Noutățile primăriei', '', 'noutatile-primariei-384', 203, 1, 1),
(385, 'Новости мэрии', '', 'novosti-mrii', 203, 2, 1),
(386, 'Biografia primarului', '', 'biografia-primarului', 204, 1, 1),
(387, 'Биография примара', '', 'biografiya-primara', 204, 2, 1),
(388, 'Planuri de acțiuni pe anul curent', '', 'planuri-de-actiuni-pe-anul-curent', 205, 1, 1),
(389, 'План действий на текущий год', '', 'plan-dystviy-na-tkushtiy-god', 205, 2, 1),
(390, 'Programul de activitate al primarului', '', 'programul-de-activitate-al-primarului', 206, 1, 1),
(391, 'Программа действий примара', '', 'programma-dystviy-primara', 206, 2, 1),
(392, 'Raportul anual al primarului', '', 'raportul-anual-al-primarului', 207, 1, 1),
(393, 'Годовой отчёт примара', '', 'godovoy-otcht-primara', 207, 2, 1),
(398, 'Planuri de acțiune', '', 'planuri-de-actiune', 210, 1, 1),
(399, 'Планы действий', '', 'plan-dystviy', 210, 2, 1),
(400, 'Servicii comunale', '', 'servicii-comunale', 211, 1, 1),
(401, 'Коммунальные услуги', '', 'kommunalyn-uslugi', 211, 2, 1),
(402, 'Alte entități', '', 'alte-entitati', 212, 1, 1),
(403, 'Другие субъекты', '', 'drugi-subakt', 212, 2, 1),
(404, 'Ce este consiliul local?', '', 'ce-este-consiliul-local', 213, 1, 1),
(405, 'Что такое местный совет?', '', 'chto-tako-mstny-sovt', 213, 2, 1),
(406, 'Ședințele consiliului', '', 'sedintele-consiliului', 214, 1, 1),
(407, 'Заседания совета', '', 'zasdaniya-sovta', 214, 2, 1),
(408, 'Secretarul consiliului local', '', 'secretarul-consiliului-local', 215, 1, 1),
(409, 'Секретарь местного совета', '', 'skrtary-mstnogo-sovta', 215, 2, 1),
(410, 'Consilieri locali și domeniile de responsabilitate', '', 'consilieri-locali-si-domeniile-de-responsabilitate', 216, 1, 1),
(411, 'Местные советники и сферы ответственности', '', 'mstn-sovtniki-i-sfr-otvtstvnnosti', 216, 2, 1),
(412, 'Programul de audiență al consilierilor locali', '', 'programul-de-audienta-al-consilierilor-locali', 217, 1, 1),
(413, 'График приёма местных советников', '', 'grafik-prima-mstnh-sovtnikov', 217, 2, 1),
(414, 'Arhiva deciziilor anterioare', '', 'arhiva-deciziilor-anterioare', 218, 1, 1),
(415, 'Архив предыдущих решений', '', 'arhiv-prddushtih-rshniy', 218, 2, 1),
(416, 'Ordinea de zi', '', 'ordinea-de-zi', 219, 1, 1),
(417, 'Повестка дня следующего заседания', '', 'povstka-dnya-slduyushtgo-zasdaniya', 219, 2, 1),
(418, 'Ședințe anterioare', '', 'sedinte-anterioare', 220, 1, 1),
(419, 'Предыдущие заседания', '', 'prddushti-zasdaniya', 220, 2, 1),
(420, 'Calendarul ședințelor viitoare', '', 'calendarul-sedintelor-viitoare', 221, 1, 1),
(421, 'График будущих заседаний', '', 'grafik-budushtih-zasdaniy', 221, 2, 1),
(422, 'Privește on-line ședințele consiliului', '', 'priveste-on-line-sedintele-consiliului', 222, 1, 1),
(423, 'Смотрите в режиме онлайн заседания совета', '', 'smotrit-v-rzhim-onlayn-zasdaniya-sovta', 222, 2, 1),
(424, 'Comisia urbanism', '', 'comisia-urbanism', 223, 1, 1),
(425, 'Комиссия по градостроительству', '', 'komissiya-po-gradostroitlystvu', 223, 2, 1),
(426, 'Comisia buget, finanțe și economie', '', 'comisia-buget-finante-si-economie', 224, 1, 1),
(427, 'Комиссия по бюджету, финансам и экономике', '', 'komissiya-po-byudzhtu-finansam-i-konomik', 224, 2, 1),
(428, 'Comisia juridică', '', 'comisia-juridica', 225, 1, 1),
(429, 'Комиссия по правовым вопросам', '', 'komissiya-po-pravovm-voprosam', 225, 2, 1),
(430, 'Comisia socială', '', 'comisia-sociala', 226, 1, 1),
(431, 'Комиссия по социальным вопросам', '', 'komissiya-po-sotsialynm-voprosam', 226, 2, 1),
(432, 'Strategia de dezvoltare socio-economică a orașului', '', 'strategia-de-dezvoltare-socio-economica-a-orasului', 227, 1, 1),
(433, 'Стратегия социально-экономического развития города', '', 'stratgiya-sotsialyno-konomichskogo-razvitiya-goroda', 227, 2, 1),
(434, 'Planul urbanistic general', '', 'planul-urbanistic-general', 228, 1, 1),
(435, 'Генеральный план градостроительства', '', 'gnralyny-plan-gradostroitlystva', 228, 2, 1),
(436, 'Planul de acțiuni privind eficiența energatică', '', 'planul-de-actiuni-privind-eficienta-energatica', 229, 1, 1),
(437, 'Планы действий по энергоэффективности', '', 'plan-dystviy-po-nrgoffktivnosti', 229, 2, 1),
(438, 'Programul local de eficiență energetică', '', 'programul-local-de-eficienta-energetica', 230, 1, 1),
(439, 'Местная программа энергоэффективности', '', 'mstnaya-programma-nrgoffktivnosti', 230, 2, 1),
(440, 'Politici de protecție a mediului', '', 'politici-de-protectie-a-mediului', 231, 1, 1),
(441, 'Политики охраны окружающей среды', '', 'politiki-ohran-okruzhayushty-srd', 231, 2, 1),
(442, 'Planul de îmbunătățire a serviciului municipal', '', 'planul-de-imbunatatire-a-serviciului-municipal', 232, 1, 1),
(443, 'План улучшения муниципальной службы (услуги)', '', 'plan-uluchshniya-munitsipalynoy-sluzhb-uslugi', 232, 2, 1),
(444, 'Politici de protecție a familiei și copilului', '', 'politici-de-protectie-a-familiei-si-copilului', 233, 1, 1),
(445, 'Политики защиты семьи и ребёнка', '', 'politiki-zashtit-smyi-i-rbnka', 233, 2, 1),
(446, 'Locuință și protecție socială', '', 'locuinta-si-protectie-sociala', 234, 1, 1),
(447, 'Жильё и социальная защита', '', 'zhily-i-sotsialynaya-zashtita', 234, 2, 1),
(448, 'Întrebări frecvente', '', 'intrebari-frecvente-448', 235, 1, 1),
(449, 'Часто задаваемые вопросы', '', 'chasto-zadavam-vopros-449', 235, 2, 1),
(450, 'Legislația privind transparența decizională și accesul la informații', '', 'legislatia-privind-transparenta-decizionala-si-accesul-la-informatii', 236, 1, 1),
(451, 'Законодательство о прозрачности и доступ к информации', '', 'zakonodatlystvo-o-prozrachnosti-i-dostup-k-informatsii', 236, 2, 1),
(452, 'Înregistrări video', '', 'inregistrari-video', 237, 1, 1),
(453, 'Видеозаписи', '', 'vidozapisi', 237, 2, 1),
(454, 'Adresează o întrebare primarului', '', 'adreseaza-o-intrebare-primarului', 238, 1, 1),
(455, 'Задайте вопрос примару', '', 'zadayt-vopros-primaru', 238, 2, 1),
(456, 'Noutăți și alerte', '', 'noutati-si-alerte', 239, 1, 1),
(457, 'Новости и объявления', '', 'novosti-i-obayavlniya', 239, 2, 1),
(458, 'Anunțuri de achiziții publice', '', 'anunturi-de-achizitii-publice', 240, 1, 1),
(459, 'Объявления о государственных закупках товаров и услуг', '', 'obayavlniya-o-gosudarstvnnh-zakupkah-tovarov-i-uslug', 240, 2, 1),
(460, 'Posturi vacante curente', '', 'posturi-vacante-curente', 241, 1, 1),
(461, 'Текущие вакансии', '', 'tkushti-vakansii', 241, 2, 1),
(462, 'Stagii și voluntariat în cadrul primăriei', '', 'stagii-si-voluntariat-in-cadrul-primariei', 242, 1, 1),
(463, 'Стажировки и добровольчество в примэрии', '', 'stazhirovki-i-dobrovolychstvo-v-primrii', 242, 2, 1),
(464, 'Bugetul local (veniturile și cheltuielile orașului)', '', 'bugetul-local-veniturile-si-cheltuielile-orasului', 243, 1, 1),
(465, 'Местный бюджет (доходы и расходы города)', '', 'mstny-byudzht-dohod-i-rashod-goroda', 243, 2, 1),
(466, 'Cum se cheltuie banii publici', '', 'cum-se-cheltuie-banii-publici', 244, 1, 1),
(467, 'Как используются государственные деньги', '', 'kak-ispolyzuyutsya-gosudarstvnn-dnygi', 244, 2, 1),
(468, 'Cheltuielile pentru instituții subordonate', '', 'cheltuielile-pentru-institutii-subordonate', 245, 1, 1),
(469, 'Затраты на подведомственные учреждения', '', 'zatrat-na-podvdomstvnn-uchrzhdniya', 245, 2, 1),
(470, 'Managementul proprietății publice', '', 'managementul-proprietatii-publice', 246, 1, 1),
(471, 'Управление общественной собственностью', '', 'upravlni-obshtstvnnoy-sobstvnnostyyu', 246, 2, 1),
(472, 'Proiecte de decizii propuse spre consultare cu publicul și materialele aferente', '', 'proiecte-de-decizii-propuse-spre-consultare-cu-publicul-si-materialele-aferente', 247, 1, 1),
(473, 'Проекты решений с соответствующими материалами, представленные на обсуждение с общественностью', '', 'prokt-rshniy-s-sootvtstvuyushtimi-matrialami-prdstavlnn-na-obsuzhdni-s-obshtstvnnostyyu', 247, 2, 1),
(474, 'Proiecte consultate, sinteza recomandărilor recepționate, procesul verbal', '', 'proiecte-consultate-sinteza-recomandarilor-receptionate-procesul-verbal', 248, 1, 1),
(475, 'Обсуждённые проекты, анализ полученных рекомендации, протокол', '', 'obsuzhdnn-prokt-analiz-poluchnnh-rkomndatsii-protokol', 248, 2, 1),
(476, 'Dezbateri publice', '', 'dezbateri-publice', 249, 1, 1),
(477, 'Общественные обсуждения', '', 'obshtstvnn-obsuzhdniya', 249, 2, 1),
(478, 'Sondaje on-line', '', 'sondaje-on-line', 250, 1, 1),
(479, 'Онлайн опросы', '', 'onlayn-opros', 250, 2, 1),
(480, 'Proiecte finalizate', '', 'proiecte-finalizate', 251, 1, 1),
(481, 'Завершенные проекты', '', 'zavrshnn-prokt', 251, 2, 1),
(482, 'Proiecte curente', '', 'proiecte-curente', 252, 1, 1),
(483, 'Текущие проекты', '', 'tkushti-prokt', 252, 2, 1),
(502, 'Rapoarte anuale', '', 'rapoarte-anuale', 262, 1, 1),
(503, 'Годовые отчёты', '', 'godov-otcht', 262, 2, 1),
(524, 'Coș cu pagini șterse', '', 'cos-cu-pagini-sterse', 270, 1, 0),
(525, 'Удаленные страницы', '', 'udalnn-stranits', 270, 2, 0),
(781, 'Contacts', '', 'contacts', 95, 6, 1),
(785, 'System error', '', 'system-error', 102, 6, 1),
(786, 'Citizens and business', '', 'citizens-and-business', 103, 6, 1),
(787, 'Mayoralty', '', 'mayoralty', 104, 6, 1),
(788, 'Local council', '', 'local-council', 105, 6, 1),
(789, 'Transparency', '', 'transparency', 106, 6, 1),
(790, 'Social benefits and aid', '', 'social-benefits-and-aid', 107, 6, 1),
(791, 'Local fees and taxes', '', 'local-fees-and-taxes', 108, 6, 1),
(792, 'Business and entrepreneurship', '', 'business-and-entrepreneurship', 109, 6, 1),
(793, 'Permits and certificates', '', 'permits-and-certificates', 110, 6, 1),
(794, 'Education, culture, tourism and sport', '', 'education-culture-tourism-and-sport', 111, 6, 1),
(795, 'Citizens involvement', '', 'citizens-involvement', 112, 6, 1),
(796, 'Citizens consultation', '', 'citizens-consultation', 113, 6, 1),
(797, 'Samples of documents/blank forms', '', 'samples-of-documents-blank-forms', 114, 6, 1),
(798, 'Mayoralty', '', 'mayoralty-798', 115, 6, 1),
(799, 'Reports and action plans', '', 'reports-and-action-plans', 116, 6, 1),
(800, 'Subordinated enterprises', '', 'subordinated-enterprises', 117, 6, 1),
(801, 'Local council', '', 'local-council-801', 118, 6, 1),
(802, 'Specialized committees', '', 'specialized-committees', 119, 6, 1),
(803, 'Strategies, plans and policies', '', 'strategies-plans-and-policies', 120, 6, 1),
(804, 'What is transparency?', '', 'what-is-transparency', 121, 6, 1),
(805, 'Dialogue with citizens', '', 'dialogue-with-citizens', 122, 6, 1),
(806, 'Public information', '', 'public-information', 123, 6, 1),
(807, 'Local public finances', '', 'local-public-finances', 124, 6, 1),
(808, 'Public consultation', '', 'public-consultation', 125, 6, 1),
(809, 'Local projects', '', 'local-projects', 126, 6, 1),
(810, 'Contacts and usefull addresses', '', 'contacts-and-usefull-addresses', 127, 6, 1),
(811, 'Site map', '', 'site-map', 128, 6, 1),
(812, 'Annual income and interest statement', '', 'annual-income-and-interest-statement', 129, 6, 1),
(813, 'Errors', '', 'errors', 130, 6, 1),
(814, 'Page not found', '', 'page-not-found', 131, 6, 1),
(815, 'Social benefits for families', '', 'social-benefits-for-families', 132, 6, 1),
(816, 'Unemployment benefits', '', 'unemployment-benefits', 133, 6, 1),
(817, 'Retirement and social support', '', 'retirement-and-social-support', 134, 6, 1),
(818, 'Social advisory', '', 'social-advisory', 135, 6, 1),
(819, 'Local medical facilities', '', 'local-medical-facilities', 136, 6, 1),
(820, 'Compensations for death of family members', '', 'compensations-for-death-of-family-members', 137, 6, 1),
(821, 'Shelter-care facilities and homes for elderly', '', 'shelter-care-facilities-and-homes-for-elderly', 138, 6, 1),
(822, 'Domestic violence / emergency cases', '', 'domestic-violence-emergency-cases', 139, 6, 1),
(823, 'Report a social fraud', '', 'report-a-social-fraud', 140, 6, 1),
(824, 'FAQ / Application guidelines', '', 'faq-application-guidelines', 141, 6, 1),
(825, 'Faq', '', 'faq', 142, 6, 1),
(826, 'Application samples', '', 'application-samples', 143, 6, 1),
(827, 'Guide for filling application form', '', 'guide-for-filling-application-form', 144, 6, 1),
(828, 'Local fees and taxes', '', 'local-fees-and-taxes-828', 145, 6, 1),
(829, 'Advertising fee', '', 'advertising-fee', 146, 6, 1),
(830, 'Fee for tenders/lotteries organisation', '', 'fee-for-tenders-lotteries-organisation', 147, 6, 1),
(831, 'Fee for commercial establishments', '', 'fee-for-commercial-establishments', 148, 6, 1),
(832, 'Market fee', '', 'market-fee', 149, 6, 1),
(833, 'Accommodation fee', '', 'accommodation-fee', 150, 6, 1),
(834, 'Parking fee', '', 'parking-fee', 151, 6, 1),
(835, 'Fee for street establishments', '', 'fee-for-street-establishments', 152, 6, 1),
(836, 'Tax on real estate', '', 'tax-on-real-estate', 153, 6, 1),
(837, 'Faq/ samples of documents/ guide on fees and taxes', '', 'faq-samples-of-documents-guide-on-fees-and-taxes', 154, 6, 1),
(838, 'Faq', '', 'faq-838', 155, 6, 1),
(839, 'Samples of documents', '', 'samples-of-documents', 156, 6, 1),
(840, 'Guide on fees and taxes', '', 'guide-on-fees-and-taxes', 157, 6, 1),
(841, 'Invest in xxxxxxxxx town', '', 'invest-in-xxxxxxxxx-town', 158, 6, 1),
(842, 'How to register a company', '', 'how-to-register-a-company', 159, 6, 1),
(843, 'How to register a farm', '', 'how-to-register-a-farm', 160, 6, 1),
(844, 'How to register a sole proprietorship', '', 'how-to-register-a-sole-proprietorship', 161, 6, 1),
(845, 'Business hubs and consulting companies', '', 'business-hubs-and-consulting-companies', 162, 6, 1),
(846, 'Permit for commercial establishments', '', 'permit-for-commercial-establishments', 163, 6, 1),
(847, 'Building permit', '', 'building-permit', 164, 6, 1),
(848, 'Demolition permit', '', 'demolition-permit', 165, 6, 1),
(849, 'Certificate for urban design', '', 'certificate-for-urban-design', 166, 6, 1),
(850, 'Certificate of lack / existence of arrears', '', 'certificate-of-lack-existence-of-arrears', 167, 6, 1),
(851, 'Family composition certificate', '', 'family-composition-certificate', 168, 6, 1),
(852, 'Certificate required for house or commercial establishment construction', '', 'certificate-required-for-house-or-commercial-establishment-construction', 169, 6, 1),
(853, 'Library, museum and theatre', '', 'library-museum-and-theatre', 171, 6, 1),
(854, 'Faq / application samples / guide for filling application form', '', 'faq-application-samples-guide-for-filling-application-form-854', 172, 6, 1),
(855, 'Faq', '', 'faq-855', 173, 6, 1),
(856, 'Application samples', '', 'application-samples-856', 174, 6, 1),
(857, 'Guide for filling application form', '', 'guide-for-filling-application-form-857', 175, 6, 1),
(858, 'Kindergartens, schools, highschools', '', 'kindergartens-schools-highschools', 176, 6, 1),
(859, 'College and university', '', 'college-and-university', 177, 6, 1),
(860, 'Parks, recreation areas and sport', '', 'parks-recreation-areas-and-sport', 178, 6, 1),
(861, 'Tourist attractions', '', 'tourist-attractions', 179, 6, 1),
(862, 'About town', '', 'about-town', 180, 6, 1),
(863, 'How to get to town / geographical location', '', 'how-to-get-to-town-geographical-location', 181, 6, 1),
(864, 'History of the town', '', 'history-of-the-town', 182, 6, 1),
(865, 'Famous personalities', '', 'famous-personalities', 183, 6, 1),
(866, 'Sister towns', '', 'sister-towns', 184, 6, 1),
(867, 'Citizens council', '', 'citizens-council', 185, 6, 1),
(868, 'Youth council', '', 'youth-council', 186, 6, 1),
(869, 'Local committees', '', 'local-committees', 187, 6, 1),
(870, 'Register yourself online for consultation', '', 'register-yourself-online-for-consultation', 188, 6, 1),
(871, 'Citizen consultation schedule', '', 'citizen-consultation-schedule', 189, 6, 1),
(872, 'Talk online with the mayor and local councilors', '', 'talk-online-with-the-mayor-and-local-councilors', 190, 6, 1),
(873, 'File a complaint', '', 'file-a-complaint', 191, 6, 1),
(874, 'Faq', '', 'faq-874', 192, 6, 1),
(875, 'Application samples', '', 'application-samples-143', 193, 6, 1),
(876, 'Application samples', '', 'application-samples-856-174', 194, 6, 1),
(877, 'Samples of documents', '', 'samples-of-documents-156', 195, 6, 1),
(878, 'Application / complaint samples', '', 'application-complaint-samples', 196, 6, 1),
(879, 'Mayor', '', 'mayor', 197, 6, 1),
(880, 'Vice-mayors', '', 'vice-mayors', 198, 6, 1),
(881, 'Mayoralty apparatus', '', 'mayoralty-apparatus', 199, 6, 1),
(882, 'Mayoralty organisational chart', '', 'mayoralty-organisational-chart', 200, 6, 1),
(883, 'Legal framework of the lg', '', 'legal-framework-of-the-lg', 201, 6, 1),
(884, 'Internal regulations', '', 'internal-regulations', 202, 6, 1),
(885, 'News Feed', '', 'news-feed', 203, 6, 1),
(886, 'Mayor''s biography', '', 'mayors-biography', 204, 6, 1),
(887, 'Action plans for current year', '', 'action-plans-for-current-year', 205, 6, 1),
(888, 'Mayor''s activity program', '', 'mayors-activity-program', 206, 6, 1),
(889, 'Mayor''s annual report', '', 'mayors-annual-report', 207, 6, 1),
(890, 'Action plans', '', 'action-plans', 210, 6, 1),
(891, 'Public services', '', 'public-services', 211, 6, 1),
(892, 'Other entities', '', 'other-entities', 212, 6, 1),
(893, 'What is local council?', '', 'what-is-local-council', 213, 6, 1),
(894, 'Council''s sessions', '', 'councils-sessions', 214, 6, 1),
(895, 'Secretary of local council', '', 'secretary-of-local-council', 215, 6, 1),
(896, 'Local councilors and areas of responsibility', '', 'local-councilors-and-areas-of-responsibility', 216, 6, 1),
(897, 'Consultation schedule of local councilors', '', 'consultation-schedule-of-local-councilors', 217, 6, 1),
(898, 'Archive of previous decisions', '', 'archive-of-previous-decisions', 218, 6, 1),
(899, 'Session agenda', '', 'session-agenda', 219, 6, 1),
(900, 'Previous sessions', '', 'previous-sessions', 220, 6, 1),
(901, 'Schedule of future sessions', '', 'schedule-of-future-sessions', 221, 6, 1),
(902, 'Watch online the local council''s session', '', 'watch-online-the-local-councils-session', 222, 6, 1),
(903, 'Commission on  urban planning', '', 'commission-on-urban-planning', 223, 6, 1),
(904, 'Commission on budget, finances and economy', '', 'commission-on-budget-finances-and-economy', 224, 6, 1),
(905, 'Commission on legal affairs', '', 'commission-on-legal-affairs', 225, 6, 1),
(906, 'Commission on social affairs', '', 'commission-on-social-affairs', 226, 6, 1),
(907, 'Socio-economic development startegy of the town', '', 'socio-economic-development-startegy-of-the-town', 227, 6, 1),
(908, 'General urban plan', '', 'general-urban-plan', 228, 6, 1),
(909, 'Action plans on energy efficiency', '', 'action-plans-on-energy-efficiency', 229, 6, 1),
(910, 'Local program on energy efficiency', '', 'local-program-on-energy-efficiency', 230, 6, 1),
(911, 'Environment protection policies', '', 'environment-protection-policies', 231, 6, 1),
(912, 'Public service improvement plan', '', 'public-service-improvement-plan', 232, 6, 1),
(913, 'Familiy and children protection policies', '', 'familiy-and-children-protection-policies', 233, 6, 1),
(914, 'Social housing and protection', '', 'social-housing-and-protection', 234, 6, 1),
(915, 'Faq', '', 'faq-915', 235, 6, 1),
(916, 'Legislation on decisional transparency and access to information', '', 'legislation-on-decisional-transparency-and-access-to-information', 236, 6, 1),
(917, 'Video recording', '', 'video-recording', 237, 6, 1),
(918, 'Address a question to mayor', '', 'address-a-question-to-mayor', 238, 6, 1),
(919, 'News and announcements', '', 'news-and-announcements', 239, 6, 1),
(920, 'Announcements on public procurements', '', 'announcements-on-public-procurements', 240, 6, 1),
(921, 'Current vacancies', '', 'current-vacancies', 241, 6, 1),
(922, 'Internships and volunteering at the mayoralty', '', 'internships-and-volunteering-at-the-mayoralty', 242, 6, 1),
(923, 'Local budget (town''s revenues and expenditures)', '', 'local-budget-towns-revenues-and-expenditures', 243, 6, 1),
(924, 'How are the public money spent', '', 'how-are-the-public-money-spent', 244, 6, 1),
(925, 'Expenditures for subordinated institutions', '', 'expenditures-for-subordinated-institutions', 245, 6, 1),
(926, 'Public asset management', '', 'public-asset-management', 246, 6, 1),
(927, 'Draft decisions and related materials submitted for public consultation', '', 'draft-decisions-and-related-materials-submitted-for-public-consultation', 247, 6, 1),
(928, 'Discussed projects, analysis of the received recommendations, minutes', '', 'discussed-projects-analysis-of-the-received-recommendations-minutes', 248, 6, 1),
(929, 'Public debates', '', 'public-debates', 249, 6, 1),
(930, 'Online surveys', '', 'online-surveys', 250, 6, 1),
(931, 'Completed projects', '', 'completed-projects', 251, 6, 1),
(932, 'Current projects', '', 'current-projects', 252, 6, 1),
(942, 'Annual reports', '', 'annual-reports', 262, 6, 1),
(948, 'Deleted pages', '', 'deleted-pages', 270, 6, 0),
(989, 'Контакти', '', 'kontakti', 95, 7, 1),
(993, 'Системна грешка', '', 'sistmna-grshka', 102, 7, 1),
(994, 'Граждани и бизнес', '', 'grazhdani-i-bizns', 103, 7, 1),
(995, 'Кметство', '', 'kmtstvo', 104, 7, 1),
(996, 'Общински съвет', '', 'obshtinski-savt', 105, 7, 1),
(997, 'Прозрачност', '', 'prozrachnost', 106, 7, 1),
(998, 'Социални обезщетения и помощи', '', 'sotsialni-obzshttniya-i-pomoshti', 107, 7, 1),
(999, 'Данъци и такси', '', 'danatsi-i-taksi', 108, 7, 1),
(1000, 'Бизнес и предприемачество', '', 'bizns-i-prdprimachstvo', 109, 7, 1),
(1001, 'Разрешение и сертификати', '', 'razrshni-i-srtifikati', 110, 7, 1),
(1002, 'Образование, култура, туризъм и спорт', '', 'obrazovani-kultura-turizam-i-sport', 111, 7, 1),
(1003, 'Участие на гражданите', '', 'uchasti-na-grazhdanit', 112, 7, 1),
(1004, 'Прием на граждани', '', 'prim-na-grazhdani', 113, 7, 1),
(1005, 'документи / формуляри', '', 'dokumnti-formulyari', 114, 7, 1),
(1006, 'Кметство', '', 'kmtstvo-1006', 115, 7, 1),
(1007, 'Отчети и планове за действие', '', 'otchti-i-planov-za-dystvi', 116, 7, 1),
(1008, 'Общински предприятия', '', 'obshtinski-prdpriyatiya', 117, 7, 1),
(1009, 'Общински съвет', '', 'obshtinski-savt-1009', 118, 7, 1),
(1010, 'Постоянни комисии', '', 'postoyanni-komisii', 119, 7, 1),
(1011, 'Стратегии, общински план и политика', '', 'stratgii-obshtinski-plan-i-politika', 120, 7, 1),
(1012, 'Какво е прозрачност?', '', 'kakvo-prozrachnost', 121, 7, 1),
(1013, 'Диалог с гражданите', '', 'dialog-s-grazhdanit', 122, 7, 1),
(1014, 'Публична информация', '', 'publichna-informatsiya', 123, 7, 1),
(1015, 'Общински държавни финанси', '', 'obshtinski-darzhavni-finansi', 124, 7, 1),
(1016, 'Обществено допитване', '', 'obshtstvno-dopitvan', 125, 7, 1),
(1017, 'Общински проекти', '', 'obshtinski-prokti', 126, 7, 1),
(1018, 'Контакти и полезна информация', '', 'kontakti-i-polzna-informatsiya', 127, 7, 1),
(1019, 'Карта на сайта', '', 'karta-na-sayta', 128, 7, 1),
(1020, 'Декларациите за доходите и имуществото', '', 'dklaratsiit-za-dohodit-i-imushtstvoto', 129, 7, 1),
(1021, 'Грешки', '', 'grshki', 130, 7, 1),
(1022, 'Страницата не е намерена', '', 'stranitsata-n-namrna', 131, 7, 1),
(1023, 'Сциална подкрепа на семейство', '', 'stsialna-podkrpa-na-smystvo', 132, 7, 1),
(1024, 'Парично обезщетение за безработица', '', 'parichno-obzshttni-za-bzrabotitsa', 133, 7, 1),
(1025, 'Пенсиониране и социално подпомагане', '', 'pnsioniran-i-sotsialno-podpomagan', 134, 7, 1),
(1026, 'Социално консултиране', '', 'sotsialno-konsultiran', 135, 7, 1),
(1027, 'Общински лечебни заведения', '', 'obshtinski-lchbni-zavdniya', 136, 7, 1),
(1028, 'Еднократна помощ при смърт', '', 'ednokratna-pomosht-pri-smart', 137, 7, 1),
(1029, 'Социални приюти и домове за възрастни хора', '', 'sotsialni-priyuti-i-domov-za-vazrastni-hora', 138, 7, 1),
(1030, 'Домашно насилие / извънредни ситуации', '', 'domashno-nasili-izvanrdni-situatsii', 139, 7, 1),
(1031, 'Сигнали за социална измама', '', 'signali-za-sotsialna-izmama', 140, 7, 1),
(1032, 'Най-често задавани въпроси / формуляри', '', 'nay-chsto-zadavani-vaprosi-formulyari', 141, 7, 1),
(1033, 'Най-често задавани въпроси', '', 'nay-chsto-zadavani-vaprosi', 142, 7, 1),
(1034, 'Формуляри', '', 'formulyari', 143, 7, 1),
(1035, 'Указания за попълване на заявление', '', 'ukazaniya-za-popalvan-na-zayavlni', 144, 7, 1),
(1036, 'Данъци и такси', '', 'danatsi-i-taksi-1036', 145, 7, 1),
(1037, 'Такси за поставяне на рекламни съоръжения', '', 'taksi-za-postavyan-na-rklamni-saorazhniya', 146, 7, 1),
(1038, 'Таксата за организиране на търгове и лотарии', '', 'taksata-za-organiziran-na-targov-i-lotarii', 147, 7, 1),
(1039, 'Такса за издаване на разрешение за търговия', '', 'taksa-za-izdavan-na-razrshni-za-targoviya', 148, 7, 1),
(1040, 'Такса при пазаруване', '', 'taksa-pri-pazaruvan', 149, 7, 1),
(1041, 'Такса за временно пребиваване', '', 'taksa-za-vrmnno-prbivavan', 150, 7, 1),
(1042, 'Такса за паркиране на превозни средства', '', 'taksa-za-parkiran-na-prvozni-srdstva', 151, 7, 1),
(1043, 'Такса за улични обекти', '', 'taksa-za-ulichni-obkti', 152, 7, 1),
(1044, 'Данък върху недвижимите имоти', '', 'danak-varhu-ndvizhimit-imoti', 153, 7, 1),
(1045, 'Най-често задавани въпроси / формуляри / указания за попълване на документите за плащането на данъци и такси', '', 'nay-chsto-zadavani-vaprosi-formulyari-ukazaniya-za-popalvan-na-dokumntit-za-plashtanto-na-danatsi-i-taksi', 154, 7, 1),
(1046, 'Най-често задавани въпроси', '', 'nay-chsto-zadavani-vaprosi-1046', 155, 7, 1),
(1047, 'Формуляри', '', 'formulyari-1047', 156, 7, 1),
(1048, 'Указания за попълване на документите за плащането на данъци и такси', '', 'ukazaniya-za-popalvan-na-dokumntit-za-plashtanto-na-danatsi-i-taksi', 157, 7, 1),
(1049, 'Инвестирайте в град xxxxxxxxx', '', 'invstirayt-v-grad-xxxxxxxxx', 158, 7, 1),
(1050, 'Как да регистрирам фирма', '', 'kak-da-rgistriram-firma', 159, 7, 1),
(1051, 'Как да регистрирам фермерско стопанство', '', 'kak-da-rgistriram-frmrsko-stopanstvo', 160, 7, 1),
(1052, 'Как да регистрирам еднолична търговия', '', 'kak-da-rgistriram-dnolichna-targoviya', 161, 7, 1),
(1053, 'Бизнес инкубатори и консултантски фирми', '', 'bizns-inkubatori-i-konsultantski-firmi', 162, 7, 1),
(1054, 'Наредба за извършване на търговска дейност', '', 'nardba-za-izvarshvan-na-targovska-dynost', 163, 7, 1),
(1055, 'Разрешение за строеж', '', 'razrshni-za-strozh', 164, 7, 1),
(1056, 'Разрешение за разрушаване', '', 'razrshni-za-razrushavan', 165, 7, 1),
(1057, 'Сертификат за проектиране на сгради, съоръжения и обекти на техническата инфраструктура', '', 'srtifikat-za-proktiran-na-sgradi-saorazhniya-i-obkti-na-thnichskata-infrastruktura', 166, 7, 1),
(1058, 'Удостоверение за наличие / липса на задължение', '', 'udostovrni-za-nalichi-lipsa-na-zadalzhni', 167, 7, 1),
(1059, 'Удостоверение за семейно положение', '', 'udostovrni-za-smyno-polozhni', 168, 7, 1),
(1060, 'Необходими сертификати за строителство на къща или търговски обект', '', 'nobhodimi-srtifikati-za-stroitlstvo-na-kashta-ili-targovski-obkt', 169, 7, 1),
(1061, 'Библиотека, музей и театър', '', 'bibliotka-muzy-i-tatar', 171, 7, 1),
(1062, 'Най-често задавани въпроси / формуляри / указания за попълване на заявление', '', 'nay-chsto-zadavani-vaprosi-formulyari-ukazaniya-za-popalvan-na-zayavlni', 172, 7, 1),
(1063, 'Най-често задавани въпроси', '', 'nay-chsto-zadavani-vaprosi-1063', 173, 7, 1),
(1064, 'Формуляри', '', 'formulyari-1064', 174, 7, 1),
(1065, 'Указания за попълване на заявление', '', 'ukazaniya-za-popalvan-na-zayavlni-1065', 175, 7, 1),
(1066, 'Детски градини, училища, лицеи', '', 'dtski-gradini-uchilishta-litsi', 176, 7, 1),
(1067, 'Коледж и висши учебни заведения', '', 'koldzh-i-visshi-uchbni-zavdniya', 177, 7, 1),
(1068, 'Градини, отдих и спорт', '', 'gradini-otdih-i-sport', 178, 7, 1),
(1069, 'Забележителности', '', 'zablzhitlnosti', 179, 7, 1),
(1070, 'За града', '', 'za-grada', 180, 7, 1),
(1071, 'Карта на общината / географско местоположение', '', 'karta-na-obshtinata-gografsko-mstopolozhni', 181, 7, 1),
(1072, 'История на града', '', 'istoriya-na-grada', 182, 7, 1);
INSERT INTO `apl_post_lang` (`id`, `title`, `text`, `uri`, `post_id`, `lang_id`, `enabled`) VALUES
(1073, 'Почетни граждани', '', 'pochtni-grazhdani', 183, 7, 1),
(1074, 'Побратимени градове', '', 'pobratimni-gradov', 184, 7, 1),
(1075, 'Обществен съвет', '', 'obshtstvn-savt', 185, 7, 1),
(1076, 'Младежки съвет', '', 'mladzhki-savt', 186, 7, 1),
(1077, 'Общински комитети', '', 'obshtinski-komitti', 187, 7, 1),
(1078, 'Регистрация онлайн приемна', '', 'rgistratsiya-onlayn-primna', 188, 7, 1),
(1079, 'Приемни дни на граждани', '', 'primni-dni-na-grazhdani', 189, 7, 1),
(1080, 'Комуникирате онлайн с кмета и с общински съветници', '', 'komunikirat-onlayn-s-kmta-i-s-obshtinski-savtnitsi', 190, 7, 1),
(1081, 'Оплаквания', '', 'oplakvaniya', 191, 7, 1),
(1082, 'Най-често задавани въпроси', '', 'nay-chsto-zadavani-vaprosi-1082', 192, 7, 1),
(1083, 'Формуляри', '', 'formulyari-143', 193, 7, 1),
(1084, 'Формуляри', '', 'formulyari-1064-174', 194, 7, 1),
(1085, 'Формуляри', '', 'formulyari-1047-156', 195, 7, 1),
(1086, 'Бланки за възражения и жалби', '', 'blanki-za-vazrazhniya-i-zhalbi', 196, 7, 1),
(1087, 'Кмет', '', 'kmt', 197, 7, 1),
(1088, 'Заместник-кмет', '', 'zamstnik-kmt', 198, 7, 1),
(1089, 'Общинска администрация', '', 'obshtinska-administratsiya', 199, 7, 1),
(1090, 'Състав на общината', '', 'sastav-na-obshtinata', 200, 7, 1),
(1091, 'Нормативна база', '', 'normativna-baza', 201, 7, 1),
(1092, 'Вътрешни правила', '', 'vatrshni-pravila', 202, 7, 1),
(1093, 'Новини', '', 'novini', 203, 7, 1),
(1094, 'Автобиография на кмета', '', 'avtobiografiya-na-kmta', 204, 7, 1),
(1095, 'Програма за управление на общината за текущата година', '', 'programa-za-upravlni-na-obshtinata-za-tkushtata-godina', 205, 7, 1),
(1096, 'Програма за управление на кмета', '', 'programa-za-upravlni-na-kmta', 206, 7, 1),
(1097, 'Годишен доклад на кмета', '', 'godishn-doklad-na-kmta', 207, 7, 1),
(1098, 'Програма за управление', '', 'programa-za-upravlni', 210, 7, 1),
(1099, 'Комунални услуги', '', 'komunalni-uslugi', 211, 7, 1),
(1100, 'Други субекти', '', 'drugi-subkti', 212, 7, 1),
(1101, 'Какво е общински съвет?', '', 'kakvo-obshtinski-savt', 213, 7, 1),
(1102, 'Заседания на общинските съветници', '', 'zasdaniya-na-obshtinskit-savtnitsi', 214, 7, 1),
(1103, 'Секретар на общината', '', 'skrtar-na-obshtinata', 215, 7, 1),
(1104, 'Състав на общински съвет и тяхната отговорност', '', 'sastav-na-obshtinski-savt-i-tyahnata-otgovornost', 216, 7, 1),
(1105, 'Приемни дни на общинските съветници', '', 'primni-dni-na-obshtinskit-savtnitsi', 217, 7, 1),
(1106, 'Архив на взети решения', '', 'arhiv-na-vzti-rshniya', 218, 7, 1),
(1107, 'Дневен ред', '', 'dnvn-rd', 219, 7, 1),
(1108, 'Предишни заседания', '', 'prdishni-zasdaniya', 220, 7, 1),
(1109, 'График на заседанията', '', 'grafik-na-zasdaniyata', 221, 7, 1),
(1110, 'Заседания онлайн', '', 'zasdaniya-onlayn', 222, 7, 1),
(1111, 'Комисия по градоустройство', '', 'komisiya-po-gradoustroystvo', 223, 7, 1),
(1112, 'Комисия по бюджет, финански и економика', '', 'komisiya-po-byudzht-finanski-i-konomika', 224, 7, 1),
(1113, 'Правна комисия', '', 'pravna-komisiya', 225, 7, 1),
(1114, 'Комисия по социални дейности', '', 'komisiya-po-sotsialni-dynosti', 226, 7, 1),
(1115, 'Стратегия за социално-икономическо развитие', '', 'stratgiya-za-sotsialno-ikonomichsko-razviti', 227, 7, 1),
(1116, 'Генерален план за градско развитие', '', 'gnraln-plan-za-gradsko-razviti', 228, 7, 1),
(1117, 'Планове за действие за енергийна ефективност', '', 'planov-za-dystvi-za-nrgiyna-fktivnost', 229, 7, 1),
(1118, 'Общинна програма за енергийна ефективност', '', 'obshtinna-programa-za-nrgiyna-fktivnost', 230, 7, 1),
(1119, 'Политика за опазване на околната среда', '', 'politika-za-opazvan-na-okolnata-srda', 231, 7, 1),
(1120, 'План за подобряване на общински услуги', '', 'plan-za-podobryavan-na-obshtinski-uslugi', 232, 7, 1),
(1121, 'Политики за защита на семейството и детето', '', 'politiki-za-zashtita-na-smystvoto-i-dtto', 233, 7, 1),
(1122, 'Жилища и социална защита', '', 'zhilishta-i-sotsialna-zashtita', 234, 7, 1),
(1123, 'Най-често задавани въпроси', '', 'nay-chsto-zadavani-vaprosi-1123', 235, 7, 1),
(1124, 'Законодателство в областта на прозрачността и достъпа до информация', '', 'zakonodatlstvo-v-oblastta-na-prozrachnostta-i-dostapa-do-informatsiya', 236, 7, 1),
(1125, 'Видеозаписи', '', 'vidozapisi-1125', 237, 7, 1),
(1126, 'Въпроси към кмета', '', 'vaprosi-kam-kmta', 238, 7, 1),
(1127, 'Новини и обяви', '', 'novini-i-obyavi', 239, 7, 1),
(1128, 'Обяви за обществените поръчки на стоки и услуги', '', 'obyavi-za-obshtstvnit-porachki-na-stoki-i-uslugi', 240, 7, 1),
(1129, 'Кариери', '', 'kariri', 241, 7, 1),
(1130, 'Стажантски програми в общината', '', 'stazhantski-programi-v-obshtinata', 242, 7, 1),
(1131, 'Бюджет на общината (приходи и расходи)', '', 'byudzht-na-obshtinata-prihodi-i-rashodi', 243, 7, 1),
(1132, 'Как се исползват държавните пари', '', 'kak-s-ispolzvat-darzhavnit-pari', 244, 7, 1),
(1133, 'Разходи за подчинени институции', '', 'razhodi-za-podchinni-institutsii', 245, 7, 1),
(1134, 'Управление на публична собственост', '', 'upravlni-na-publichna-sobstvnost', 246, 7, 1),
(1135, 'Проекти на решения, представени за разглеждане от обществеността', '', 'prokti-na-rshniya-prdstavni-za-razglzhdan-ot-obshtstvnostta', 247, 7, 1),
(1136, 'Разглеждани проекти, анализ на препоръките, протокол', '', 'razglzhdani-prokti-analiz-na-prporakit-protokol', 248, 7, 1),
(1137, 'Публични дебати', '', 'publichni-dbati', 249, 7, 1),
(1138, 'Онлайн проучвания', '', 'onlayn-prouchvaniya', 250, 7, 1),
(1139, 'Реализирани проекти', '', 'ralizirani-prokti', 251, 7, 1),
(1140, 'Текущи проекти', '', 'tkushti-prokti', 252, 7, 1),
(1150, 'Годишни доклади', '', 'godishni-dokladi', 262, 7, 1),
(1156, 'Изтрити страници', '', 'iztriti-stranitsi', 270, 7, 0),
(1160, 'Noutățile primăriei', '', 'noutatile-primariei', 274, 1, 1),
(1161, '', '', '1161', 274, 2, 1),
(1162, '', '', '1162', 274, 6, 1),
(1163, 'Кметство Новини', '', 'kmtstvo-novini', 274, 7, 1),
(1204, 'Despre platforma WebAPL', '<p style="text-align:justify">CMS platforma&nbsp;<u><a href="https://github.com/EnterpriseBusinessSolutions/WebAPL" target="_blank">WebAPL 1.0</a></u>&nbsp;a fost elaborată la inițiativa&nbsp;<u><a href="https://www.facebook.com/USAIDLocalGovernmentSupportProject" target="_blank">Proiectului USAID de Susținere a Autorităților Locale din Moldova</a></u>&nbsp;&icirc;n parteneriat cu compania&nbsp;<u><a href="http://www.ebs.md/" target="_blank">Enterprise Business Solutions SRL</a></u>.</p>\n\n<p style="text-align:justify">CMS platforma WebAPL a fost concepută pentru crearea și administrarea saiturilor instituțiilor Administrației Publice Locale (APL).</p>\n\n<p style="text-align:justify">Platforma WebAPL este un produs software cu codul sursă deschis (open source). Acest produs se distribuie gratuit cu licența liberă GPL3 (<u><a href="http://opensource.org/licenses/GPL-3.0" target="_blank">http://opensource.org/licenses/GPL-3.0</a></u>) ceea ce &icirc;nseamnă că platforma WebAPL&nbsp; poate fi descărcată, adaptată și utilizată &icirc;n mod gratuit, cu condiția respectării licenței GPL3.</p>\n\n<p style="text-align:justify">&Icirc;n același timp se permite crearea de versiuni noi și/sau derivate prin modificarea și &icirc;mbunătățirea codului platformei WebAPL precum și distribuirea acestora, cu condiția că vor avea aceeași licență GPL3 (<u><a href="http://opensource.org/licenses/GPL-3.0" target="_blank">http://opensource.org/licenses/GPL-3.0</a></u>), fiind astfel păstrat caracterul deschis (open source) al acestui produs.</p>\n', 'disclaimer', 285, 1, 1),
(1205, 'О платформе WebAPL', '<p style="text-align:justify">CMS платформа&nbsp;<u><a href="https://github.com/EnterpriseBusinessSolutions/WebAPL" target="_blank">WebAPL 1.0</a></u>&nbsp;была разработана по инициативе &nbsp;<u><a href="https://www.facebook.com/USAIDLocalGovernmentSupportProject" target="_blank">Проекта USAID по Поддержке Местных Органов Власти в Молдове</a></u>&nbsp;в партнерстве с<u>&nbsp;<a href="http://www.ebs.md/" target="_blank">Enterprise Business Solutions SRL</a></u>.</p>\n\n<p style="text-align:justify">Платформа WebAPL&nbsp;предназначена для создания и управления сайтом Местных Органов Власти. Платформа WebAPL представляет собой программное обеспечение с открытым исходным кодом (open source).</p>\n\n<p style="text-align:justify">Данный продукт распространяется бесплатно, с открытой лицензией GPL3 (<u><a href="http://opensource.org/licenses/GPL-3.0" target="_blank">http://opensource.org/licenses/GPL-3.0</a></u>), что означает, что платформу WebAPL можно скачать, адаптировать и использовать свободно, при условии соблюдения лицензии GPL3.</p>\n\n<p style="text-align:justify">В то же время позволяется создавать новые версии путем модификации и улучшения кода платформы WebAPL а также распространять их, при условии, что они имеют ту же лицензию GPL3 (<u><a href="http://opensource.org/licenses/GPL-3.0" target="_blank">http://opensource.org/licenses/GPL-3.0</a></u>) таким образом, сохраняя открытый характер этого продукта (open source).</p>\n', 'disclaimer-1205', 285, 2, 1),
(1206, 'About platform WebAPL', '<p style="text-align:justify"><u><a href="https://github.com/EnterpriseBusinessSolutions/WebAPL" target="_blank">WebAPL 1.0</a></u>&nbsp;CMS platform was developed at the initiative of&nbsp;<u><a href="https://www.facebook.com/USAIDLocalGovernmentSupportProject" target="_blank">USAID Local Government Support Project in Moldova</a></u>&nbsp;in partnership with&nbsp;<u><a href="http://www.ebs.md/" target="_blank">Enterprise Business Solutions LLC</a></u>.</p>\n\n<p style="text-align:justify">WebAPL CMS platform was conceived to create and manage sites of Local Public Administration institutions.</p>\n\n<p style="text-align:justify">WebAPL platform is open source software. This product is distributed for free with a GPL3 license (<u><a href="http://opensource.org/licenses/GPL-3.0" target="_blank">http://opensource.org/licenses/GPL-3.0</a></u>) which means that WebAPL platform can be downloaded, adapted and used freely in accordance with the provisions of the GPL3 license.</p>\n\n<p style="text-align:justify">At the same time it is allowed to create new and/or derivated versions by modifying and improving the code of the WebAPL platform and to distribute them, only with the same GPL3 license (<u><a href="http://opensource.org/licenses/GPL-3.0" target="_blank">http://opensource.org/licenses/GPL-3.0</a></u>) thus preserving the open nature of this open source product.</p>\n', 'disclaimer-1206', 285, 6, 1),
(1207, 'За платформа WebAPL.', '<p style="text-align:justify">CMS платформа&nbsp;<u><a href="https://github.com/EnterpriseBusinessSolutions/WebAPL" target="_blank">WebAPL 1.0</a></u>&nbsp;е разработена по инициатива на&nbsp;<u><a href="http://www.facebook.com/USAIDLocalGovernmentSupportProject" target="_blank">Проекта на USAID в Подкрепа на Местните Власти в Молдова</a></u>&nbsp;в партньорство с компания&nbsp;<u><a href="http://www.ebs.md/" target="_blank">Enterprise Business Solutions SRL</a></u>.</p>\n\n<p style="text-align:justify">Платформа&nbsp;<u><a href="https://github.com/EnterpriseBusinessSolutions/WebAPL">WebAPL</a></u>&nbsp;е предназначена за създаване и управление на уеб сайта на Местните Органи на Властта.</p>\n\n<p style="text-align:justify">Платформа WebAPL&nbsp;представлява софтуер с отворен изходен код (open source). Този продукт се разпространява безплатно, с отворен GPL3 лиценз (<u><a href="http://opensource.org/licenses/Gpl-3.0" target="_blank">http://opensource.org/licenses/Gpl-3.0</a></u>), който означава, че платформата WebAPL може да се изтегли, да се адаптира и да се използва свободно, при условие на спазване GPL3 лиценз.</p>\n\n<p style="text-align:justify">В същото време можете да създавате нови версии чрез промяна и подобряване на кода на платформата WebAPL и както и да ги разпространява при условие, че те имат един и същ GPL3 лиценз (<u><a href="http://opensource.org/licenses/Gpl-3.0" target="_blank">http://opensource.org/licenses/Gpl-3.0</a></u>) по този начин, да спазва отвореният характер на този продукт (open source).&nbsp;</p>\n', 'disclaimer-1207', 285, 7, 1),
(1208, '„Săptămâna Mobilității Europene” marcată în Orhei', '', 'saptamana-mobilitatii-europene-marcata-in-orhei', 286, 1, 1),
(1209, '', '', '', 286, 2, 1),
(1210, '', '', '', 286, 6, 1),
(1211, '', '', '', 286, 7, 1),
(1284, 'Pagina test', '', 'pagina-test', 305, 1, 1),
(1285, '', '', '', 305, 2, 1),
(1286, '', '', '', 305, 6, 1),
(1287, '', '', '', 305, 7, 1),
(1288, 'Certificatul de deces', '', 'certificatul-de-deces', 306, 1, 1),
(1289, 'Свидетельство о смерти', '', 'svidtlystvo-o-smrti', 306, 2, 1),
(1290, 'Death certificate', '', 'death-certificate', 306, 6, 1),
(1291, 'Акт за смърт', '', 'akt-za-smart', 306, 7, 1);

-- --------------------------------------------------------

--
-- Table structure for table `apl_post_property`
--

DROP TABLE IF EXISTS `apl_post_property`;
CREATE TABLE IF NOT EXISTS `apl_post_property` (
  `id` int(11) NOT NULL AUTO_INCREMENT,
  `taxonomy_id` int(11) NOT NULL,
  `key` varchar(50) NOT NULL,
  `name` varchar(250) NOT NULL,
  `is_unique` int(1) NOT NULL DEFAULT '0',
  PRIMARY KEY (`id`),
  UNIQUE KEY `key` (`key`)
) ENGINE=InnoDB  DEFAULT CHARSET=utf8 AUTO_INCREMENT=16 ;

--
-- Dumping data for table `apl_post_property`
--

INSERT INTO `apl_post_property` (`id`, `taxonomy_id`, `key`, `name`, `is_unique`) VALUES
(1, 1, 'button_site', 'Afișeazâ în meniul de jos', 0),
(2, 1, 'show_news', 'Afișează blocul cu noutăți (pentru pagini principale)', 0),
(3, 1, 'show_ads', 'Afișează blocul cu anunțuri (pentru pagini principale)', 0),
(4, 1, 'show_block_page', 'Afișează pagina selectată (pentru pagini principale)', 0),
(5, 1, 'is_selected_page', 'Aceasta este pagina selectată', 1),
(6, 1, 'hide_on_mobile', 'Ascunde din meniu pe dispozitive mobile', 0),
(7, 1, 'error_404', 'Este pagina: 404', 1),
(8, 1, 'error_500', 'Este pagina: Eroare de sistem', 1),
(9, 1, 'error_other', 'Este pagina: Altă eroare', 1),
(10, 1, 'phone-page', 'Este pagina cu telefoane', 1),
(11, 1, 'show_file_page', 'Afisează lista de acte', 0),
(12, 1, 'is_alert', 'Este Alertă', 1),
(14, 1, 'start-chat', 'Pornește chat-ul la click din meniu', 0),
(15, 1, 'more_contacts', 'Este pagina: Aparatul Primariei', 1);

-- --------------------------------------------------------

--
-- Table structure for table `apl_post_property_rel`
--

DROP TABLE IF EXISTS `apl_post_property_rel`;
CREATE TABLE IF NOT EXISTS `apl_post_property_rel` (
  `id` int(11) NOT NULL AUTO_INCREMENT,
  `post_property_id` int(11) NOT NULL,
  `post_id` int(11) NOT NULL,
  PRIMARY KEY (`id`)
) ENGINE=InnoDB  DEFAULT CHARSET=utf8 AUTO_INCREMENT=158 ;

--
-- Dumping data for table `apl_post_property_rel`
--

INSERT INTO `apl_post_property_rel` (`id`, `post_property_id`, `post_id`) VALUES
(56, 14, 190),
(58, 7, 131),
(70, 3, 104),
(71, 2, 104),
(76, 10, 127),
(79, 13, 285),
(86, 3, 105),
(87, 2, 105),
(88, 4, 105),
(93, 15, 199),
(108, 1, 95),
(109, 1, 128),
(113, 1, 274),
(154, 3, 103),
(155, 2, 103),
(156, 2, 106),
(157, 11, 106);

-- --------------------------------------------------------

--
-- Table structure for table `apl_role`
--

DROP TABLE IF EXISTS `apl_role`;
CREATE TABLE IF NOT EXISTS `apl_role` (
  `id` int(11) NOT NULL AUTO_INCREMENT,
  `name` varchar(250) NOT NULL,
  `key` varchar(100) NOT NULL,
  `on_install` int(11) NOT NULL,
  PRIMARY KEY (`id`)
) ENGINE=InnoDB  DEFAULT CHARSET=utf8 AUTO_INCREMENT=45 ;

--
-- Dumping data for table `apl_role`
--

INSERT INTO `apl_role` (`id`, `name`, `key`, `on_install`) VALUES
(1, 'Acces Loguri', 'log-view', 1),
(2, 'Vizualizare grupă de postări', 'feed-view', 1),
(3, 'Creare grupe de postări', 'feed-create', 1),
(4, 'Editare grupe de postări', 'feed-edit', 1),
(5, 'Modificare postări', 'feedpost-edit', 1),
(6, 'Vizualizare postări', 'feedpost-view', 1),
(7, 'Limbi', 'lang-view', 1),
(8, 'Gestionează Extensii (Module)', 'modules-view', 1),
(9, 'Editează pagini', 'page-edit', 1),
(10, 'Vizualizare pagini', 'page-view', 1),
(11, 'Creează pagini', 'page-create', 1),
(12, 'Ordonează pagini', 'page-order', 1),
(13, 'Șterge pagini', 'page-delete', 1),
(14, 'Încarcă fișiere', 'file-upload', 1),
(15, 'Șterge fișiere', 'file-delete', 1),
(16, 'Acces Utilizatori', 'user-view', 1),
(17, 'Creează utilizatori', 'user-create', 1),
(18, 'Editează utilizatori', 'user-edit', 1),
(19, 'Modifică parola utilizatorului', 'user-chpwd', 1),
(20, 'Editează rolurile la utilizatori', 'user-roles', 1),
(21, 'Gestionează Calendar', 'calendar-view', 1),
(22, 'Acces chat', 'chat-view', 1),
(23, 'Gestionează Galerie', 'gallery-view', 1),
(24, 'Gestionează Angajări', 'jobrequest-view', 1),
(25, 'Gestionează Newslatter', 'newsletter-view', 1),
(26, 'Protecție parolă', 'user-ptpsw', 1),
(27, 'Protecție roluri', 'user-ptroles', 1),
(28, 'Vizualizare persoane', 'person-view', 1),
(29, 'Editare grupe de persoane', 'person-group-edit', 1),
(30, 'Editare persoane', 'person-edit', 1),
(31, 'Vizualizare sondaje', 'poll-view', 1),
(32, 'Editare sondaje', 'poll-edit', 1),
(33, 'Acces setări', 'settings-view', 1),
(34, 'Primește email-urile de sistem', 'user-getemails', 1),
(35, 'Gestionează Plângeri', 'socialc-view', 1),
(36, 'Gestionează Acte Locale', 'actelocale-view', 1),
(37, 'Șterge utilizatori', 'user-delete', 1),
(38, 'Editează șablon', 'template-edit', 1),
(39, 'Instalează șablon', 'template-install', 0),
(40, 'Șterge șablon', 'template-delete', 0),
(41, 'Modifică părintele la pagini', 'page-move', 0),
(42, 'Editează variabile', 'var-edit', 1),
(43, 'Creează variabile', 'var-create', 0),
(44, 'Gestionează fișierele (prin Managerul de fișiere)', 'file-manage', 1);

-- --------------------------------------------------------

--
-- Table structure for table `apl_setting`
--

DROP TABLE IF EXISTS `apl_setting`;
CREATE TABLE IF NOT EXISTS `apl_setting` (
  `key` varchar(250) NOT NULL,
  `value` text NOT NULL,
  PRIMARY KEY (`key`)
) ENGINE=InnoDB DEFAULT CHARSET=utf8;

--
-- Dumping data for table `apl_setting`
--

INSERT INTO `apl_setting` (`key`, `value`) VALUES
('cachelife', '10'),
('calendar_cron_time', '1415925569'),
('default_language', '1'),
('disqus_shortname', ''),
('firechat_host', ''),
('firechat_key', '9q6EBn7dBv7KpBcgU8MBFdjB1Ltsm0OtNKtMBKQz'),
('inactive_text', '<h1>Website în mentenanță </h1>\n\n<p>Vă rugăm reveniți mai târziu :)</p>\n\n<p> </p>\n'),
('pos_lat', '47.015902'),
('pos_long', '28.845892'),
('sitename_bg', 'Кметство Чимбришорь'),
('sitename_en', 'Our Town Hall'),
('sitename_ro', 'Primăria Orașului Nostru'),
('sitename_ru', 'Мэрия Чимбришорь'),
('stats_code', ''),
('templateSchema', '---'),
('template_backend', 'Default'),
('template_frontend', 'Default'),
('website_on', '');

-- --------------------------------------------------------

--
-- Table structure for table `apl_taxonomy`
--

DROP TABLE IF EXISTS `apl_taxonomy`;
CREATE TABLE IF NOT EXISTS `apl_taxonomy` (
  `id` int(11) NOT NULL AUTO_INCREMENT,
  `name` varchar(250) NOT NULL,
  PRIMARY KEY (`id`),
  UNIQUE KEY `name` (`name`)
) ENGINE=InnoDB  DEFAULT CHARSET=utf8 AUTO_INCREMENT=3 ;

--
-- Dumping data for table `apl_taxonomy`
--

INSERT INTO `apl_taxonomy` (`id`, `name`) VALUES
(2, 'article'),
(1, 'page');

-- --------------------------------------------------------

--
-- Table structure for table `apl_user`
--

DROP TABLE IF EXISTS `apl_user`;
CREATE TABLE IF NOT EXISTS `apl_user` (
  `id` int(11) NOT NULL AUTO_INCREMENT,
  `username` varchar(60) NOT NULL,
  `password` varchar(100) NOT NULL,
  `remember_token` varchar(100) NOT NULL,
  `email` varchar(100) NOT NULL,
  `register_date` timestamp NOT NULL DEFAULT CURRENT_TIMESTAMP,
  `updated_at` timestamp NOT NULL DEFAULT '0000-00-00 00:00:00',
  PRIMARY KEY (`id`)
) ENGINE=InnoDB  DEFAULT CHARSET=utf8 AUTO_INCREMENT=2 ;

--
-- Table structure for table `apl_user_role`
--

DROP TABLE IF EXISTS `apl_user_role`;
CREATE TABLE IF NOT EXISTS `apl_user_role` (
  `id` int(11) NOT NULL AUTO_INCREMENT,
  `user_id` int(11) NOT NULL,
  `role_id` int(11) NOT NULL,
  `created_at` timestamp NOT NULL DEFAULT CURRENT_TIMESTAMP,
  PRIMARY KEY (`id`)
) ENGINE=InnoDB  DEFAULT CHARSET=utf8 AUTO_INCREMENT=41 ;

--
-- Table structure for table `apl_var`
--

DROP TABLE IF EXISTS `apl_var`;
CREATE TABLE IF NOT EXISTS `apl_var` (
  `id` int(11) NOT NULL AUTO_INCREMENT,
  `key` varchar(250) NOT NULL,
  `parent_key` varchar(250) NOT NULL,
  PRIMARY KEY (`id`),
  UNIQUE KEY `key` (`key`)
) ENGINE=InnoDB  DEFAULT CHARSET=utf8 AUTO_INCREMENT=577 ;

--
-- Dumping data for table `apl_var`
--

INSERT INTO `apl_var` (`id`, `key`, `parent_key`) VALUES
(1, 'frontend', ''),
(2, 'backend', ''),
(3, 'menu', 'backend'),
(4, 'pages', 'menu'),
(5, 'layout', 'frontend'),
(6, 'discuta', 'layout'),
(7, 'social-links', 'layout'),
(8, 'facebook', 'social-links'),
(9, 'facebook-link', 'facebook'),
(10, 'odnoklassniki', 'social-links'),
(12, 'odnoklassniki-link-1', 'odnoklassniki'),
(13, 'vkontakte', 'social-links'),
(14, 'vkontakte-link', 'vkontakte'),
(15, 'twitter', 'social-links'),
(16, 'twitter-link', 'twitter'),
(17, 'gplus', 'social-links'),
(18, 'gplus-link', 'gplus'),
(19, 'rss', 'social-links'),
(20, 'rss-link', 'rss'),
(21, 'online', 'layout'),
(22, 'offline', 'layout'),
(23, 'nr-phone', 'layout'),
(24, 'cautare', 'layout'),
(26, 'cititi', 'layout'),
(27, 'licentiere-cc', 'layout'),
(28, 'licenta', 'layout'),
(29, 'licenta-link', 'licenta'),
(30, 'material', 'layout'),
(31, 'submit', 'layout'),
(32, 'top-contacts', 'layout'),
(33, 'contact-us', 'top-contacts'),
(34, 'contacts', 'top-contacts'),
(35, 'phone-anti', 'top-contacts'),
(36, 'nr-anti', 'phone-anti'),
(37, 'email', 'top-contacts'),
(38, 'email-address', 'email'),
(39, 'relatii', 'top-contacts'),
(40, 'nr-relatii', 'relatii'),
(41, 'fax', 'top-contacts'),
(42, 'nr-fax', 'fax'),
(43, 'all-nr-phone', 'top-contacts'),
(44, 'orar-autobus', 'top-contacts'),
(45, 'address', 'top-contacts'),
(46, 'street', 'address'),
(47, 'city', 'address'),
(48, 'form-contact', 'layout'),
(49, 'write-us', 'form-contact'),
(50, 'success', 'form-contact'),
(51, 'name-last-name', 'form-contact'),
(52, 'message', 'form-contact'),
(53, 'orar-link', 'orar-autobus'),
(54, 'pages-1', 'frontend'),
(55, 'statut', 'pages-1'),
(56, 'oferte', 'pages-1'),
(57, 'oferte-expirate', 'pages-1'),
(58, 'documente', 'pages-1'),
(59, 'articole-null', 'pages-1'),
(60, 'error', 'pages-1'),
(61, 'sorry', 'pages-1'),
(62, 'pagina-solicitata', 'pages-1'),
(63, 'denumire-link', 'pages-1'),
(64, 'actualizat', 'pages-1'),
(65, 'data', 'pages-1'),
(66, 'ora', 'pages-1'),
(67, 'locatia', 'pages-1'),
(68, 'denumire-proiect', 'pages-1'),
(69, 'proiect', 'pages-1'),
(70, 'data-proiect', 'proiect'),
(71, 'domeniu', 'proiect'),
(72, 'stadiul', 'proiect'),
(73, 'valoarea-proiectului', 'proiect'),
(74, 'parteneri', 'proiect'),
(75, 'relevanta', 'proiect'),
(76, 'activitati-proiecte', 'proiect'),
(77, 'produsele-proiectului', 'proiect'),
(78, 'rezultatele-proiectului', 'proiect'),
(79, 'obiectivele-proiectului', 'proiect'),
(80, 'valoarea-totala', 'proiect'),
(81, 'fisiere', 'proiect'),
(82, 'telefon', 'pages-1'),
(83, 'serviciu', 'pages-1'),
(84, 'termen-limita', 'pages-1'),
(85, 'toate-sedinte', 'pages-1'),
(86, 'arhiva', 'pages-1'),
(87, 'chat-online', 'pages-1'),
(88, 'cum-ne-gasiti', 'pages-1'),
(89, 'legatura-directa', 'top-contacts'),
(90, 'adresa', 'top-contacts'),
(91, 'vorbeste-direct', 'top-contacts'),
(92, 'chat', 'top-contacts'),
(93, 'anunturi', 'pages-1'),
(94, 'raporteaza-abuz', 'pages-1'),
(95, 'scrieti-direct', 'pages-1'),
(96, 'adresa-telefon', 'form-contact'),
(97, 'subiect', 'form-contact'),
(98, 'cod-verificare', 'form-contact'),
(99, 'search', 'form-contact'),
(100, 'modelul-formularul', 'form-contact'),
(101, 'date-contact', 'top-contacts'),
(102, 'viziteaza', 'top-contacts'),
(103, 'modules', 'frontend'),
(104, 'calendar', 'modules'),
(105, 'luni', 'calendar'),
(106, 'marti', 'calendar'),
(107, 'miercuri', 'calendar'),
(108, 'joi', 'calendar'),
(109, 'vineri', 'calendar'),
(110, 'simbata', 'calendar'),
(111, 'duminica', 'calendar'),
(112, 'firechat', 'modules'),
(113, 'functionar', 'firechat'),
(114, 'discuta-cu-primar', 'firechat'),
(115, 'cv-form', 'modules'),
(116, 'cv', 'cv-form'),
(117, 'newsletter', 'modules'),
(118, 'aboneazatate-la-buletin', 'newsletter'),
(119, 'email-dvs', 'newsletter'),
(120, 'person', 'modules'),
(121, 'atentie', 'person'),
(122, 'info-atentie', 'person'),
(123, 'online-audienta', 'person'),
(124, 'aparteneta', 'person'),
(125, 'sectorul', 'person'),
(126, 'secretarul', 'person'),
(127, 'data-nasterii', 'person'),
(128, 'starea-civila', 'person'),
(129, 'studii', 'person'),
(130, 'activitate-politica', 'person'),
(131, 'contact', 'person'),
(132, 'actelocale', 'modules'),
(133, 'search-button', 'actelocale'),
(134, 'search-label', 'actelocale'),
(135, 'page-result', 'actelocale'),
(136, 'months', 'frontend'),
(137, 'ianuarie', 'months'),
(138, 'februarie', 'months'),
(139, 'martie', 'months'),
(140, 'aprilie', 'months'),
(141, 'mai', 'months'),
(142, 'iunie', 'months'),
(143, 'iulie', 'months'),
(144, 'august', 'months'),
(145, 'septembrie', 'months'),
(146, 'octombrie', 'months'),
(147, 'noiembrie', 'months'),
(148, 'decembrie', 'months'),
(149, 'acte-search', 'actelocale'),
(150, 'acte-nr', 'actelocale'),
(151, 'acte-title', 'actelocale'),
(152, 'acte-tip', 'actelocale'),
(153, 'acte-emitent', 'actelocale'),
(154, 'acte-data', 'actelocale'),
(155, 'fire-save', 'firechat'),
(156, 'fire-click', 'firechat'),
(157, 'fire-reg', 'firechat'),
(158, 'fire-rlu', 'firechat'),
(159, 'fire-email', 'firechat'),
(160, 'fire-out', 'firechat'),
(161, 'jobrequest', 'modules'),
(162, 'jobreq', 'jobrequest'),
(163, 'news-dez', 'newsletter'),
(164, 'newsletter-msg', 'newsletter'),
(165, 'nr', 'person'),
(166, 'nume-prenume', 'person'),
(167, 'functia', 'person'),
(168, 'apartenenta-politica', 'person'),
(169, 'sondaje', 'modules'),
(170, 'introduceti-codul-previne-voturile-automate', 'sondaje'),
(171, 'alte-sondaje', 'sondaje'),
(172, 'poll-msg-succ', 'sondaje'),
(173, 'poll-raspunsuri', 'sondaje'),
(174, 'you-have-already-voted', 'sondaje'),
(175, 'poll-not-found', 'sondaje'),
(176, 'plingeri', 'modules'),
(177, 'atentie-', 'plingeri'),
(178, 'atent-msg', 'plingeri'),
(179, 'formular-de-completare', 'plingeri'),
(180, 'numele-prenume', 'plingeri'),
(181, 'email-1', 'plingeri'),
(182, 'adresa-postala-telefon-', 'plingeri'),
(183, 'subiect-1', 'plingeri'),
(184, 'mesaj', 'plingeri'),
(185, 'cod-de-verificare', 'plingeri'),
(186, 'public', 'plingeri'),
(187, 'privat', 'plingeri'),
(188, 'trimite', 'plingeri'),
(189, 'cautare-1', 'frontend'),
(190, 'rezultatul-cautarii', 'cautare-1'),
(191, 'rezultatele-cautarii-pentru-', 'cautare-1'),
(192, 'afisate-', 'cautare-1'),
(193, '-din-', 'cautare-1'),
(194, 'acasa', 'pages-1'),
(195, 'elemente', 'frontend'),
(196, 'paginatia', 'elemente'),
(197, 'previous', 'paginatia'),
(198, 'next', 'paginatia'),
(199, 'validarea', 'elemente'),
(200, 'cimpul-attribute-este-abligator', 'validarea'),
(201, 'the-attribute-must-be-a-valid-email-address', 'validarea'),
(202, 'feeds', 'menu'),
(203, 'var', 'menu'),
(204, 'extensions', 'menu'),
(205, 'users', 'menu'),
(206, 'languages', 'menu'),
(207, 'settings', 'menu'),
(208, 'log', 'menu'),
(209, 'layout-1', 'backend'),
(210, 'hello-', 'layout-1'),
(211, 'select-file', 'layout-1'),
(212, 'close', 'layout-1'),
(213, 'title', 'layout-1'),
(214, 'enter-your-username-and-password', 'layout-1'),
(215, 'sign-in', 'layout-1'),
(216, 'username', 'layout-1'),
(217, 'password', 'layout-1'),
(218, 'compartimente', 'backend'),
(219, 'feeds-1', 'compartimente'),
(220, 'create-new-post', 'feeds-1'),
(221, 'post-list', 'feeds-1'),
(222, 'title-1', 'post-list'),
(223, 'date', 'post-list'),
(224, 'current-feed', 'feeds-1'),
(225, 'create-new-feed', 'feeds-1'),
(226, 'addfeed', 'feeds-1'),
(227, 'name', 'addfeed'),
(228, 'enabled', 'addfeed'),
(229, 'limit-type', 'addfeed'),
(230, 'pagination', 'limit-type'),
(231, 'strict-limit', 'limit-type'),
(232, 'limit', 'addfeed'),
(233, 'order-type', 'addfeed'),
(234, 'none', 'order-type'),
(235, 'ascendent', 'order-type'),
(236, 'descendent', 'order-type'),
(237, 'order-by', 'addfeed'),
(238, 'date-1', 'order-by'),
(241, 'title-2', 'order-by'),
(242, 'views', 'order-by'),
(243, 'set-aditional-fields', 'feeds-1'),
(244, 'edit-feed', 'feeds-1'),
(245, 'trash-post', 'feeds-1'),
(246, 'list-1', 'feeds-1'),
(247, 'name-3', 'list-1'),
(248, 'state', 'list-1'),
(249, 'action', 'list-1'),
(250, 'active', 'state'),
(251, 'inactive', 'state'),
(252, 'edit-post', 'feeds-1'),
(253, 'varianta-in', 'edit-post'),
(254, 'media', 'edit-post'),
(255, 'general', 'edit-post'),
(258, 'date-3', 'edit-post'),
(259, 'to-home-page', 'edit-post'),
(260, 'to-home-page-1', 'edit-post'),
(261, 'frontend-link', 'edit-post'),
(262, 'title-3', 'edit-post'),
(263, 'uri', 'edit-post'),
(264, 'text', 'edit-post'),
(265, 'enabled-1', 'edit-post'),
(266, 'files', 'compartimente'),
(267, '-select-file-from-computer', 'files'),
(268, '-select-file-from-server', 'files'),
(269, 'icon', 'files'),
(271, 'name1', 'files'),
(272, 'type', 'files'),
(273, 'size', 'files'),
(274, 'action-1', 'files'),
(275, 'no-files', 'files'),
(276, 'log-1', 'compartimente'),
(277, 'date-4', 'log-1'),
(278, 'message-1', 'log-1'),
(279, 'user-2', 'log-1'),
(280, 'ip', 'log-1'),
(281, 'anonim', 'log-1'),
(282, 'close-1', 'log-1'),
(283, 'log-item-details', 'log-1'),
(284, 'module-1', 'compartimente'),
(285, 'name-4', 'module-1'),
(286, 'state-1', 'module-1'),
(287, 'pages-2', 'compartimente'),
(288, 'formular-1', 'pages-2'),
(289, 'general-1', 'formular-1'),
(290, 'language-1', 'formular-1'),
(291, 'files-1', 'formular-1'),
(292, 'attachment', 'formular-1'),
(293, 'create-new-page', 'pages-2'),
(294, 'create-3', 'pages-2'),
(295, 'form-3', 'pages-2'),
(296, 'delete', 'pages-2'),
(297, 'afisare-fisiere-', 'formular-1'),
(298, 'afisare-cautare-', 'formular-1'),
(299, 'parent-', 'formular-1'),
(300, 'clone-', 'formular-1'),
(301, 'redirect-to-', 'formular-1'),
(302, 'view-mod', 'formular-1'),
(303, 'properties', 'formular-1'),
(304, 'date--4', 'formular-1'),
(305, 'general-node-', 'formular-1'),
(306, 'home-page-', 'formular-1'),
(307, 'have-socials-', 'formular-1'),
(308, 'have-comments', 'formular-1'),
(309, 'close-2', 'formular-1'),
(310, 'view-mod-help', 'formular-1'),
(311, 'nume-2', 'formular-1'),
(312, 'info-1', 'formular-1'),
(313, 'screen', 'formular-1'),
(314, 'frontend-link-', 'formular-1'),
(315, 'title--3', 'formular-1'),
(316, 'uri-', 'formular-1'),
(317, 'text-', 'formular-1'),
(318, 'enabled--1', 'formular-1'),
(319, 'settings-1', 'compartimente'),
(320, 'template-color-schema', 'settings-1'),
(321, 'location', 'settings-1'),
(322, 'users-1', 'compartimente'),
(323, 'username-1', 'users-1'),
(324, 'email-4', 'users-1'),
(325, 'password-1', 'users-1'),
(326, 'save', 'users-1'),
(327, 'edit-details', 'users-1'),
(328, 'change-password', 'users-1'),
(329, 'new-password', 'users-1'),
(330, 'this-user-can', 'users-1'),
(331, 'new-user', 'users-1'),
(332, 'disable', 'module-1'),
(333, 'enabled-3', 'module-1'),
(334, 'acte-locale', 'compartimente'),
(335, 'new-record', 'acte-locale'),
(336, 'nr-5', 'acte-locale'),
(337, 'title-5', 'acte-locale'),
(338, 'type-1', 'acte-locale'),
(339, 'date-6', 'acte-locale'),
(340, 'emitent', 'acte-locale'),
(341, 'document-1', 'acte-locale'),
(342, 'calendar-1', 'compartimente'),
(343, 'edit-event', 'calendar-1'),
(344, 'general-3', 'calendar-1'),
(345, 'varianta-in-1', 'calendar-1'),
(346, 'period-', 'calendar-1'),
(347, 'event-date-', 'calendar-1'),
(348, 'group-', 'calendar-1'),
(349, 'enabled--3', 'calendar-1'),
(350, 'title--5', 'calendar-1'),
(351, 'event-lang-not-found', 'calendar-1'),
(352, 'create-new-event', 'calendar-1'),
(353, 'event-name-in-', 'calendar-1'),
(354, 'creaza-eveniment', 'calendar-1'),
(355, 'chat-2', 'compartimente'),
(356, 'login-failed', 'chat-2'),
(357, 'login-succeeded', 'chat-2'),
(358, 'send-chat-on-email', 'chat-2'),
(359, 'exitchat', 'chat-2'),
(360, 'accesible', 'compartimente'),
(361, 'gallery', 'compartimente'),
(362, 'general-4', 'gallery'),
(363, 'fisiere-1', 'gallery'),
(364, 'name--3', 'gallery'),
(365, 'create-gallery', 'gallery'),
(366, 'recrut', 'compartimente'),
(367, 'post-1', 'recrut'),
(368, 'name-6', 'recrut'),
(369, 'cv-2', 'recrut'),
(370, 'date-7', 'recrut'),
(371, 'disabled', 'recrut'),
(372, 'enabled-5', 'recrut'),
(373, 'newsletter-2', 'compartimente'),
(374, 'email-5', 'newsletter-2'),
(375, 'subscribe-date', 'newsletter-2'),
(376, 'enabled-6', 'newsletter-2'),
(377, 'export', 'newsletter-2'),
(378, 'send-this-post', 'newsletter-2'),
(379, 'persons', 'compartimente'),
(380, 'persons-1', 'persons'),
(381, 'person-groups', 'persons'),
(382, 'audience', 'persons'),
(383, 'edit-person-group', 'persons'),
(384, 'gname', 'persons'),
(385, 'gdescription', 'persons'),
(386, 'phone--1', 'persons'),
(387, 'email--5', 'persons'),
(388, 'birth-date-', 'persons'),
(389, 'accesibil-pentru-audienta-', 'persons'),
(390, 'feed-', 'persons'),
(391, 'user--1', 'persons'),
(392, 'groups-', 'persons'),
(393, 'photo', 'persons'),
(394, 'chat-icon', 'persons'),
(395, 'drag', 'persons'),
(396, 'drag-1', 'persons'),
(397, 'nume-3', 'persons'),
(398, 'lang-2', 'persons'),
(399, 'value', 'persons'),
(400, 'delete-1', 'persons'),
(401, 'no-lang', 'persons'),
(402, 'create-new-group', 'persons'),
(403, 'create-group', 'persons'),
(404, 'name-in', 'persons'),
(405, 'first-name-', 'persons'),
(406, 'last-name-', 'persons'),
(407, 'function-', 'persons'),
(408, 'civil-state-', 'persons'),
(409, 'studies-', 'persons'),
(410, 'activity-', 'persons'),
(411, 'sector-', 'persons'),
(412, 'motto-', 'persons'),
(413, 'text--1', 'persons'),
(414, 'consilier', 'persons'),
(415, 'name-8', 'persons'),
(416, 'phone-2', 'persons'),
(417, 'email-7', 'persons'),
(418, 'date-8', 'persons'),
(419, 'general-5', 'persons'),
(420, 'dynamic-fields', 'persons'),
(421, 'polls', 'compartimente'),
(422, 'poll-form', 'polls'),
(423, 'general-6', 'polls'),
(424, 'title-7', 'polls'),
(425, 'date-created', 'polls'),
(426, 'enabled-7', 'polls'),
(427, 'create-new-poll', 'polls'),
(428, 'active-1', 'polls'),
(429, 'delete--1', 'polls'),
(430, 'question-', 'polls'),
(431, 'answer', 'polls'),
(432, 'social-complaints', 'compartimente'),
(433, 'page-4', 'social-complaints'),
(434, 'username-2', 'social-complaints'),
(435, 'email-8', 'social-complaints'),
(436, 'address-1', 'social-complaints'),
(437, 'title-8', 'social-complaints'),
(438, 'text-3', 'social-complaints'),
(439, 'response', 'social-complaints'),
(440, 'date-10', 'social-complaints'),
(441, 'private', 'social-complaints'),
(442, 'enabled-8', 'social-complaints'),
(443, 'vars', 'compartimente'),
(444, 'key', 'vars'),
(445, 'name-9', 'vars'),
(446, 'action-2', 'vars'),
(447, 'no-vars', 'vars'),
(448, 'delete-user', 'users-1'),
(449, 'allow-pcomment', 'edit-post'),
(450, 'hovecomments', 'edit-post'),
(451, 'havesocials', 'edit-post'),
(452, 'editfiledetails', 'files'),
(453, 'save-1', 'files'),
(454, 'is-alert', 'edit-post'),
(455, 'data-expirarii-alertei', 'edit-post'),
(456, 'website-activ', 'settings-1'),
(457, 'pentru-a-accesa-website-ul-folositi-linkul', 'settings-1'),
(458, 'click-aici', 'settings-1'),
(459, 'template-set', 'settings-1'),
(460, 'template-2', 'settings-1'),
(461, 'template-b', 'settings-1'),
(462, 'stiri', 'pages-1'),
(463, 'template-4', 'compartimente'),
(464, 'confirm-tpl', 'template-4'),
(465, 'upload-new-template', 'template-4'),
(466, 'invalid-file', 'template-4'),
(467, 'invalid-zip', 'template-4'),
(468, 'installphp-is-required', 'template-4'),
(469, 'undefined-app-name', 'template-4'),
(470, 'undefined-template-name-or-already-exists', 'template-4'),
(471, 'template-not-found-in-zip', 'template-4'),
(472, 'tpl-succeful', 'template-4'),
(473, 'template-deleted', 'template-4'),
(474, 'template-not-found-1', 'template-4'),
(475, 'alerte', 'layout'),
(476, 'confirm-alert', 'alerte'),
(477, 'general-7', 'settings-1'),
(478, 'aparenta', 'settings-1'),
(479, 'location-1', 'settings-1'),
(480, 'comments', 'settings-1'),
(481, 'inca', 'settings-1'),
(482, 'sitename', 'settings-1'),
(483, 'cachelife', 'settings-1'),
(484, 'disqus-shortname', 'settings-1'),
(485, 'ment-text', 'settings-1'),
(486, 'home-logo-in-', 'settings-1'),
(487, 'home-logo-small', 'settings-1'),
(488, 'logo', 'settings-1'),
(489, 'favicon', 'settings-1'),
(490, 'map', 'layout'),
(491, 'create-new-gallery', 'gallery'),
(492, 'page-5', 'layout'),
(493, 'restore', 'edit-post'),
(494, 'trash-1', 'edit-post'),
(495, 'delete-this-post', 'edit-post'),
(496, 'delete-this-post-1', 'edit-post'),
(497, 'view-sub', 'vars'),
(498, 'key-1', 'vars'),
(499, 'text-in-', 'vars'),
(500, 'create-10', 'vars'),
(501, 'create-new-var', 'vars'),
(502, 'firechat-settings', 'chat-2'),
(503, 'firechat-host', 'chat-2'),
(504, 'module-edit', 'module-1'),
(505, 'event-list', 'calendar-1'),
(506, 'event-group', 'calendar-1'),
(507, 'count', 'polls'),
(508, 'add-answer', 'polls'),
(509, 'new-person', 'persons'),
(510, 'answer-in-', 'polls'),
(511, 'edit-answer', 'polls'),
(512, 'send-2', 'sondaje'),
(513, 'answers', 'polls'),
(514, 'delete-answer', 'polls'),
(515, 'delete-confirm', 'polls'),
(516, 'filemanager', 'menu'),
(517, 'inserare-cod-pentru-statistica', 'settings-1'),
(518, 'statistica', 'settings-1'),
(519, 'limbi', 'compartimente'),
(520, 'limba-implicita', 'limbi'),
(521, 'limbi-disponibile', 'limbi'),
(522, 'name-10', 'limbi'),
(523, 'ext-1', 'limbi'),
(524, 'enabled-9', 'limbi'),
(525, 'manage', 'feeds-1'),
(526, 'cover', 'edit-post'),
(527, 'abonat', 'newsletter-2'),
(528, 'dezabonat', 'newsletter-2'),
(529, 'aprt-primariei', 'top-contacts'),
(530, 'icon-big', 'formular-1'),
(531, 'icon-2', 'formular-1'),
(532, 'icon-activ', 'formular-1'),
(533, 'background', 'formular-1'),
(534, 'chat-erro', 'layout'),
(535, 'chat-erro-no', 'layout'),
(536, 'search-vars', 'vars'),
(537, 'ord-2', 'polls'),
(538, 'edit-person-1', 'persons'),
(539, 'your-message', 'firechat'),
(540, 'type-your-message', 'firechat'),
(541, 'submit-1', 'newsletter'),
(542, 'total', 'sondaje'),
(543, 'all-acts', 'actelocale'),
(548, 'sedinta-din-data-de-', 'pages-1'),
(549, 'raspuns', 'plingeri'),
(550, 'grupa-de-postari', 'edit-post'),
(551, 'numele-de-utilizator-nu-a-fost-atribuit-unei-persoane', 'chat-2'),
(552, 'firebase-secrets-key', 'chat-2'),
(553, 'salveaza-modificarile', 'addfeed'),
(554, 'doriti-sa-salvati-modificarile', 'addfeed'),
(555, 'delete-person', 'persons'),
(556, 'confirm-person-delete', 'persons'),
(557, 'invalid-sondaj', 'sondaje'),
(558, 'consultare-activa', 'pages-1'),
(559, 'consultare-inchisa', 'pages-1'),
(560, 'confirm-delete-feed', 'feeds-1'),
(561, 'delete-group', 'feeds-1'),
(562, 'stat-chat', 'firechat'),
(563, 'apply', 'cv-form'),
(564, 'subscribe-1', 'person'),
(565, 'send-3', 'layout'),
(567, 'repetare', 'calendar-1'),
(568, 'fara-repetare', 'calendar-1'),
(569, 'eveniment-atasat-la-persoana', 'calendar-1'),
(570, 'locatie', 'calendar-1'),
(571, 'creeaza-eveniment-in-calendar', 'calendar-1'),
(572, 'nu-5', 'calendar-1'),
(573, 'da-15', 'calendar-1'),
(574, 'evenimente', 'calendar-1'),
(575, 'incepe-discutia', 'calendar-1'),
(576, 'help', 'menu'),
(577, 'access-link', 'parteneri'),
(578, 'order-2', 'parteneri'),
(579, 'status', 'parteneri');

-- --------------------------------------------------------

--
-- Table structure for table `apl_var_lang`
--

DROP TABLE IF EXISTS `apl_var_lang`;
CREATE TABLE IF NOT EXISTS `apl_var_lang` (
  `id` int(11) NOT NULL AUTO_INCREMENT,
  `var_key` varchar(250) NOT NULL,
  `value` text NOT NULL,
  `lang_id` int(11) NOT NULL,
  PRIMARY KEY (`id`)
) ENGINE=InnoDB  DEFAULT CHARSET=utf8 AUTO_INCREMENT=2376 ;

--
-- Dumping data for table `apl_var_lang`
--

INSERT INTO `apl_var_lang` (`id`, `var_key`, `value`, `lang_id`) VALUES
(1, 'frontend', 'Frontend', 1),
(2, 'frontend', 'Frontend', 2),
(3, 'backend', 'Backend', 1),
(4, 'backend', 'Backend', 2),
(5, 'menu', 'Meniu', 1),
(6, 'menu', 'Меню', 2),
(7, 'pages', 'Pagini', 1),
(8, 'pages', 'Страницы', 2),
(9, 'layout', 'Machetă amplasare', 1),
(10, 'layout', 'Макет', 2),
(12, 'discuta', 'Discută', 1),
(13, 'discuta', 'Чат', 2),
(15, 'social-links', 'Instrumente de socializare', 1),
(16, 'social-links', 'Социальные инструменты', 2),
(18, 'facebook', 'Facebook', 1),
(19, 'facebook', 'Facebook', 2),
(21, 'facebook-link', 'https://www.facebook.com/EBSIntegrator', 1),
(22, 'facebook-link', 'https://www.facebook.com/EBSIntegrator', 2),
(24, 'odnoklassniki', 'Odnoklassniki', 1),
(25, 'odnoklassniki', 'Odnoklassniki', 2),
(30, 'odnoklassniki-link-1', 'http://www.odnoklassniki.ru/', 1),
(31, 'odnoklassniki-link-1', 'http://www.odnoklassniki.ru/', 2),
(33, 'vkontakte', 'Vkontakte', 1),
(34, 'vkontakte', 'Vkontakte', 2),
(36, 'vkontakte-link', 'https://vk.com/', 1),
(37, 'vkontakte-link', 'https://vk.com/', 2),
(39, 'twitter', 'Twitter', 1),
(40, 'twitter', 'Twitter', 2),
(42, 'twitter-link', 'https://twitter.com/', 1),
(43, 'twitter-link', 'https://twitter.com/', 2),
(45, 'gplus', 'Google+', 1),
(46, 'gplus', 'Google+', 2),
(48, 'gplus-link', 'https://plus.google.com/', 1),
(49, 'gplus-link', 'https://plus.google.com/', 2),
(51, 'rss', 'Rss', 1),
(52, 'rss', 'Rss', 2),
(54, 'rss-link', '/ro/rss', 1),
(55, 'rss-link', '/ru/rss', 2),
(57, 'online', 'Online', 1),
(58, 'online', 'Oн-лайн', 2),
(60, 'offline', 'Offline', 1),
(61, 'offline', 'Oф-лайн', 2),
(63, 'nr-phone', '(0-2xx) xx-xx-xx', 1),
(64, 'nr-phone', '(0-2xx) xx-xx-xx', 2),
(66, 'cautare', 'Căutare prin site', 1),
(67, 'cautare', 'Поиск', 2),
(72, 'cititi', '', 1),
(73, 'cititi', '', 2),
(75, 'licentiere-cc', 'Saitul a fost creat în baza platformei <a href="https://github.com/EnterpriseBusinessSolutions/WebAPL" target="_blank">WebAPL 1.0</a> elaborată la inițiativa și în baza conceptului <a href="https://www.facebook.com/USAIDLocalGovernmentSupportProject" target="_blank">Proiectului USAID de Susținere a Autorităților Locale din Moldova</a> în parteneriat cu compania <a href="http://www.ebs.md/" target="_blank">Enterprise Business Solutions SRL</a>. Opiniile exprimate pe sait aparțin autorilor acestor opinii și nu reflectă neapărat poziția Agenţiei Statelor Unite pentru Dezvoltare Internaţională (USAID) sau a Guvernului SUA. ', 1),
(76, 'licentiere-cc', 'Сайт был создан на платформе <a href="https://github.com/EnterpriseBusinessSolutions/WebAPL" target="_blank">WebAPL 1.0</a>, разработанной по инициативе и на основе концепта <a href="https://www.facebook.com/USAIDLocalGovernmentSupportProject" target="_blank">Проекта USAID по Поддержке Местных Органов Власти в Молдове</a> в партнерстве с <a href="http://www.ebs.md/" target="_blank">Enterprise Business Solutions SRL</a>. Мнения, выраженные на сайте принадлежат их авторам и не обязательно отражают точку зрения Агентства США по международному развитию (USAID) или Правительства США. \n<a href="/ru/topost/285?is_admin=1"><i>Подробнее о CMS платформе WebAPL.</i></a>', 2),
(78, 'licenta', '', 1),
(79, 'licenta', '', 2),
(81, 'licenta-link', '', 1),
(82, 'licenta-link', 'https://www.google.md/', 2),
(84, 'material', '<a href="/ro/topost/285?is_admin=1"><i>Citește mai mult despre platforma WebAPL.</i></a>', 1),
(85, 'material', '', 2),
(87, 'submit', 'Caută', 1),
(88, 'submit', 'Поиск', 2),
(90, 'top-contacts', 'Contact', 1),
(91, 'top-contacts', 'Контакт', 2),
(93, 'contact-us', 'Contactează-ne', 1),
(94, 'contact-us', 'Cвяжитесь с нами', 2),
(96, 'contacts', 'Contacte', 1),
(97, 'contacts', 'Контакты', 2),
(99, 'phone-anti', 'Telefon Anticameră', 1),
(100, 'phone-anti', 'Телефон Приёмная', 2),
(102, 'nr-anti', '(0-2xx) xx-xx-xx', 1),
(103, 'nr-anti', '(0-2xx) xx-xx-xx', 2),
(105, 'email', 'Email', 1),
(106, 'email', 'Емейл', 2),
(108, 'email-address', 'info@xxxxxxxxxx.md', 1),
(109, 'email-address', 'info@xxxxxxxxxxx.md', 2),
(111, 'relatii', 'Relații cu publicul', 1),
(112, 'relatii', 'Cвязи с общественностью', 2),
(114, 'nr-relatii', '(0-2xx) xx-xx-xx', 1),
(115, 'nr-relatii', '(0-2xx) xx-xx-xx', 2),
(117, 'fax', 'Fax', 1),
(118, 'fax', 'Факс', 2),
(120, 'nr-fax', '(0-2xx) xx-xx-xx', 1),
(121, 'nr-fax', '(0-2xx) xx-xx-xx', 2),
(123, 'all-nr-phone', 'Aparatul Primariei', 1),
(124, 'all-nr-phone', 'Другие контактные данные', 2),
(126, 'orar-autobus', 'Orar rute interurbane', 1),
(127, 'orar-autobus', 'Расписание автобусов', 2),
(129, 'address', 'Adresa primăriei', 1),
(130, 'address', 'Адрес Примэрии города XXXXXX', 2),
(132, 'street', 'Strada XXXXXXXXXX', 1),
(133, 'street', 'Улица xxxxxxxxxxxxxx', 2),
(135, 'city', 'Orașul XXXXXX', 1),
(136, 'city', 'Город XXXXXX', 2),
(138, 'form-contact', 'Formular de contact', 1),
(139, 'form-contact', 'Форма обратной связи', 2),
(141, 'write-us', 'Scrieți-ne direct', 1),
(142, 'write-us', 'Напишите нам непосредственно', 2),
(144, 'success', 'Mesajul dumneavoastră a fost expediat cu succes', 1),
(145, 'success', 'Ваше сообщение было успешно отправлено', 2),
(147, 'name-last-name', 'Nume Prenume', 1),
(148, 'name-last-name', 'Фамилия Имя', 2),
(150, 'message', 'Mesaj', 1),
(151, 'message', 'Сообщение', 2),
(153, 'orar-link', 'http://www.autogara.md/orar/', 1),
(154, 'orar-link', 'http://www.autogara.md/orar/', 2),
(156, 'pages-1', 'Pagini', 1),
(157, 'pages-1', 'Страницы', 2),
(159, 'statut', 'Statut', 1),
(160, 'statut', 'Статус', 2),
(162, 'oferte', 'Primim oferte', 1),
(163, 'oferte', 'Прием предложений', 2),
(165, 'oferte-expirate', 'Ofertă expirată', 1),
(166, 'oferte-expirate', 'Предложение истекло', 2),
(168, 'documente', 'Documente', 1),
(169, 'documente', 'Документы', 2),
(171, 'articole-null', 'Nu sunt articole', 1),
(172, 'articole-null', 'Запрашиваемая статья не найдена', 2),
(174, 'error', 'Eroare', 1),
(175, 'error', 'Ошибка', 2),
(177, 'sorry', 'Ne pare rău', 1),
(178, 'sorry', 'Нам жаль', 2),
(180, 'pagina-solicitata', 'pagina solicitată, nu a putut fi găsită!', 1),
(181, 'pagina-solicitata', 'запрашиваемая страница не найдена!', 2),
(183, 'denumire-link', 'link', 1),
(184, 'denumire-link', 'ссылка', 2),
(186, 'actualizat', 'Actualizat', 1),
(187, 'actualizat', 'Oбновленный', 2),
(189, 'data', 'Data', 1),
(190, 'data', 'Число', 2),
(192, 'ora', 'Ora', 1),
(193, 'ora', 'Время', 2),
(195, 'locatia', 'Locația', 1),
(196, 'locatia', 'Место', 2),
(198, 'denumire-proiect', 'Denumire proiect', 1),
(199, 'denumire-proiect', 'Название проекта', 2),
(201, 'proiect', 'proiect', 1),
(202, 'proiect', 'проект', 2),
(204, 'data-proiect', 'Data de start și finalizare', 1),
(205, 'data-proiect', 'Даты начала и завершения', 2),
(207, 'domeniu', 'Domeniu', 1),
(208, 'domeniu', 'Область', 2),
(210, 'stadiul', 'Stadiul de realizare proiect', 1),
(211, 'stadiul', 'Стадия реализации проекта', 2),
(213, 'valoarea-proiectului', 'Valoarea proiectului', 1),
(214, 'valoarea-proiectului', 'Cтоимость проекта', 2),
(216, 'parteneri', 'Parteneri', 1),
(217, 'parteneri', 'Партнёры', 2),
(219, 'relevanta', 'Relevanța și impactul regional al proiectului', 1),
(220, 'relevanta', 'Региональная значимость и влияние проекта', 2),
(222, 'activitati-proiecte', 'Activități principale', 1),
(223, 'activitati-proiecte', 'Основные виды деятельности', 2),
(225, 'produsele-proiectului', 'Produsele proiectului ', 1),
(226, 'produsele-proiectului', 'Продукты проекта', 2),
(228, 'rezultatele-proiectului', 'Rezultatele proiectului', 1),
(229, 'rezultatele-proiectului', 'Результаты проекта', 2),
(231, 'obiectivele-proiectului', 'Obiectivele proiectului', 1),
(232, 'obiectivele-proiectului', 'Задачи проекта', 2),
(234, 'valoarea-totala', 'Valoarea totală a proiectului', 1),
(235, 'valoarea-totala', 'Общая стоимость проекта', 2),
(237, 'fisiere', 'Fișiere', 1),
(238, 'fisiere', 'Файлы', 2),
(240, 'telefon', 'Telefon', 1),
(241, 'telefon', 'Телефон', 2),
(243, 'serviciu', 'Serviciu', 1),
(244, 'serviciu', 'Услуга', 2),
(246, 'termen-limita', 'Termen limită de aplicare ', 1),
(247, 'termen-limita', 'Срок подачи заявок', 2),
(249, 'toate-sedinte', 'Toate ședințele', 1),
(250, 'toate-sedinte', 'Все заседания', 2),
(252, 'arhiva', 'arhivă', 1),
(253, 'arhiva', 'архив', 2),
(255, 'chat-online', 'chat-online', 1),
(256, 'chat-online', 'онлайн-чат', 2),
(258, 'cum-ne-gasiti', 'Cum ne găsiți', 1),
(259, 'cum-ne-gasiti', 'Как нас найти ', 2),
(261, 'legatura-directa', 'Datele de contact ale primăriei', 1),
(262, 'legatura-directa', 'Контактная информация о примэрии', 2),
(264, 'adresa', 'adresa', 1),
(265, 'adresa', 'адрес', 2),
(267, 'vorbeste-direct', 'Vorbește direct cu un reprezentant al primăriei', 1),
(268, 'vorbeste-direct', 'Поговорите непосредственно с представителем примэрии', 2),
(270, 'chat', 'Discută on-line', 1),
(271, 'chat', 'Общайтесь онлайн', 2),
(273, 'anunturi', 'Anunțuri', 1),
(274, 'anunturi', 'Объявления', 2),
(276, 'raporteaza-abuz', 'Raportează un abuz', 1),
(277, 'raporteaza-abuz', 'Информируйте о нарушении', 2),
(279, 'scrieti-direct', 'Scrieți-ne un mesaj', 1),
(280, 'scrieti-direct', 'Оставьте нам сообщение', 2),
(282, 'adresa-telefon', 'Adresa Poștală / Telefon', 1),
(283, 'adresa-telefon', 'Почтовый адрес / ', 2),
(285, 'subiect', 'Subiect', 1),
(286, 'subiect', 'Тема', 2),
(288, 'cod-verificare', 'Cod de verificare', 1),
(289, 'cod-verificare', 'Код подтверждения', 2),
(291, 'search', 'Caută', 1),
(292, 'search', 'Поиск', 2),
(294, 'modelul-formularul', 'Caută modelul / formularul', 1),
(295, 'modelul-formularul', 'Поиск образца / бланка', 2),
(297, 'date-contact', 'datele de Contact ale primăriei', 1),
(298, 'date-contact', 'Контактные данные примэрии', 2),
(300, 'frontend', 'Frontend', 6),
(301, 'backend', 'Backend', 6),
(302, 'menu', 'Menu', 6),
(303, 'pages', 'Pages', 6),
(304, 'layout', 'Layout', 6),
(305, 'discuta', 'Discuss', 6),
(306, 'social-links', 'Socialization tools', 6),
(307, 'facebook', 'Facebook', 6),
(308, 'facebook-link', 'https://www.facebook.com/EBSIntegrator', 6),
(309, 'odnoklassniki', 'Odnoklassniki', 6),
(311, 'odnoklassniki-link-1', 'http://www.odnoklassniki.ru/', 6),
(312, 'vkontakte', 'Vkontakte', 6),
(313, 'vkontakte-link', 'https://vk.com/', 6),
(314, 'twitter', 'Twitter', 6),
(315, 'twitter-link', 'https://twitter.com/', 6),
(316, 'gplus', 'Google+', 6),
(317, 'gplus-link', 'https://plus.google.com/', 6),
(318, 'rss', 'Rss', 6),
(319, 'rss-link', '/en/rss', 6),
(320, 'online', 'Online', 6),
(321, 'offline', 'Offline', 6),
(322, 'nr-phone', '(0-2xx) xx-xx-xx', 6),
(323, 'cautare', 'Search', 6),
(324, 'cititi', '', 6),
(325, 'licentiere-cc', 'This site was created based on the <a href="https://github.com/EnterpriseBusinessSolutions/WebAPL" target="_blank">WebAPL 1.0</a> platform, developed at the initiative and on a concept of  <a href="https://www.facebook.com/USAIDLocalGovernmentSupportProject" target="_blank">USAID Local Government Support Project in Moldova</a> in partnership with <a href="http://www.ebs.md/" target="_blank">Enterprise Business Solutions LLC</a>. The opinions expressed on the website belong to their authors and do not necessarily reflect the views of the United States Agency for International Development (USAID) or the US Government.\n<a href="/en/topost/285"><i>Read more about the WebAPL platform.</i></a>', 6),
(326, 'licenta', '', 6),
(327, 'licenta-link', 'https://www.google.md/', 6),
(328, 'material', '', 6),
(329, 'submit', 'Search', 6),
(330, 'top-contacts', 'Contact', 6),
(331, 'contact-us', 'Contact us', 6),
(332, 'contacts', 'Contacts', 6),
(333, 'phone-anti', 'Outer office telephone', 6),
(334, 'nr-anti', '(0-2xx) xx-xx-xx', 6),
(335, 'email', 'Email', 6),
(336, 'email-address', 'info@xxxxxxxxxxxx.md', 6),
(337, 'relatii', 'Public relations', 6),
(338, 'nr-relatii', '(0-2xx) xx-xx-xx', 6),
(339, 'fax', 'Fax', 6),
(340, 'nr-fax', '(0-2xx) xx-xx-xx', 6),
(341, 'all-nr-phone', 'More contact details', 6),
(342, 'orar-autobus', 'Bus routes schedule', 6),
(343, 'address', 'Address of XXXXXX Mayoralty', 6),
(344, 'street', 'xxxxxxxxx street, xxxxxxxxx', 6),
(345, 'city', 'XXXXXX town', 6),
(346, 'form-contact', 'Contact form', 6),
(347, 'write-us', 'Write to us directly', 6),
(348, 'success', 'Your message has been successfully sent', 6),
(349, 'name-last-name', 'Firs and Last Name', 6),
(350, 'message', 'Message', 6),
(351, 'orar-link', 'http://www.autogara.md/orar/', 6),
(352, 'pages-1', 'Pages', 6),
(353, 'statut', 'Statut', 6),
(354, 'oferte', 'Receiving an offer', 6),
(355, 'oferte-expirate', 'Offer has expired', 6),
(356, 'documente', 'Documents', 6),
(357, 'articole-null', 'No articles found', 6),
(358, 'error', 'Error', 6),
(359, 'sorry', 'We''re sorry', 6),
(360, 'pagina-solicitata', 'no pages found!', 6),
(361, 'denumire-link', 'link', 6),
(362, 'actualizat', 'Updated', 6),
(363, 'data', 'Date', 6),
(364, 'ora', 'Time', 6),
(365, 'locatia', 'Location', 6),
(366, 'denumire-proiect', 'Project name', 6),
(367, 'proiect', 'project', 6),
(368, 'data-proiect', 'Start and completion date', 6),
(369, 'domeniu', 'Field', 6),
(370, 'stadiul', 'Stage of project implementation', 6),
(371, 'valoarea-proiectului', 'Project value', 6),
(372, 'parteneri', 'Partners', 6),
(373, 'relevanta', 'Regional relevance and impact of the project', 6),
(374, 'activitati-proiecte', 'Main activities', 6),
(375, 'produsele-proiectului', 'Project output', 6),
(376, 'rezultatele-proiectului', 'Project results', 6),
(377, 'obiectivele-proiectului', 'Project objectives', 6),
(378, 'valoarea-totala', 'Total value of the project', 6),
(379, 'fisiere', 'Files', 6),
(380, 'telefon', 'Telephone', 6),
(381, 'serviciu', 'Service', 6),
(382, 'termen-limita', 'Application deadline', 6),
(383, 'toate-sedinte', 'All sessions', 6),
(384, 'arhiva', 'archive', 6),
(385, 'chat-online', 'online chat', 6),
(386, 'cum-ne-gasiti', 'How to find us', 6),
(387, 'legatura-directa', 'Contacts of mayoralty', 6),
(388, 'adresa', 'address', 6),
(389, 'vorbeste-direct', 'Talk directly to a representative of the mayoralty', 6),
(390, 'chat', 'Online chat', 6),
(391, 'anunturi', 'Announcements', 6),
(392, 'raporteaza-abuz', 'Report a fraud', 6),
(393, 'scrieti-direct', 'Write us a message', 6),
(394, 'adresa-telefon', 'Mailing address / Telephone', 6),
(395, 'subiect', 'Subject', 6),
(396, 'cod-verificare', 'Verification Code', 6),
(397, 'search', 'Search', 6),
(398, 'modelul-formularul', 'Search for sample / form', 6),
(399, 'date-contact', 'Contact details of the mayoralty', 6),
(400, 'frontend', 'Frontend', 7),
(401, 'backend', 'Backend', 7),
(402, 'menu', 'Меню', 7),
(403, 'pages', 'Страници', 7),
(404, 'layout', 'Разпределение ', 7),
(405, 'discuta', 'Обсъждане', 7),
(406, 'social-links', 'Социализация', 7),
(407, 'facebook', 'Facebook', 7),
(408, 'facebook-link', 'https://www.facebook.com/EBSIntegrator', 7),
(409, 'odnoklassniki', 'Odnoklassniki', 7),
(411, 'odnoklassniki-link-1', 'http://www.odnoklassniki.ru/', 7),
(412, 'vkontakte', 'Vkontakte', 7),
(413, 'vkontakte-link', 'https://vk.com/', 7),
(414, 'twitter', 'Twitter', 7),
(415, 'twitter-link', 'https://twitter.com/', 7),
(416, 'gplus', 'Google+', 7),
(417, 'gplus-link', 'https://plus.google.com/', 7),
(418, 'rss', 'Rss', 7),
(419, 'rss-link', '/bg/rss', 7),
(420, 'online', 'онлайн', 7),
(421, 'offline', 'офлайн', 7),
(422, 'nr-phone', '(0-2xx) xx-xx-xx', 7),
(423, 'cautare', 'Търсене в сайта', 7),
(424, 'cititi', '', 7),
(425, 'licentiere-cc', 'Тозе веб сайт създаден с помоща на CMS platform <a href="https://github.com/EnterpriseBusinessSolutions/WebAPL" target="_blank">WebAPL 1.0</a>, разработен по инициатива и въз основа на концепцията от <a href="https://www.facebook.com/USAIDLocalGovernmentSupportProject" target="_blank">USAID, Проект в Подкрепа на Местните Власти в Молдова (LGSP)</a>, в партньорство с компания <a href="http://www.ebs.md/" target="_blank">Enterprise Business Solutions SRL</a>. Изразените мнения не отразяват задължително вижданията на Американската Агенция за Международно Развитие, или Правителството на САЩ. \n<a href="/bg/topost/285?is_admin=1"><i>Повече за CMS платформа WebAPL.</i></a>', 7),
(426, 'licenta', ' ', 7),
(427, 'licenta-link', 'https://www.google.md/', 7),
(428, 'material', '', 7),
(429, 'submit', 'Търси', 7),
(430, 'top-contacts', 'Контакт', 7),
(431, 'contact-us', 'Свържете се с нас', 7),
(432, 'contacts', 'Контакти', 7),
(433, 'phone-anti', 'Телефон Приемна', 7),
(434, 'nr-anti', '(0-2xx) xx-xx-xx', 7),
(435, 'email', 'Email', 7),
(436, 'email-address', 'info@xxxxxxxxxx.md', 7),
(437, 'relatii', 'Връзки с обществеността', 7),
(438, 'nr-relatii', '(0-2xx) xx-xx-xx', 7),
(439, 'fax', 'факс', 7),
(440, 'nr-fax', '(0-2xx) xx-xx-xx', 7),
(441, 'all-nr-phone', 'Повече контактни данни', 7),
(442, 'orar-autobus', 'Разписание на автобусните маршрути', 7),
(443, 'address', ' Адрес на кметството на град XXXXXX', 7),
(444, 'street', 'улица xxxxxxxxx, МД-xxxx', 7),
(445, 'city', 'Град XXXXXX', 7),
(446, 'form-contact', 'Вид контакт', 7),
(447, 'write-us', 'Пишете ни директно', 7),
(448, 'success', 'Вашето съобщение беше изпратено успешно', 7),
(449, 'name-last-name', 'Име, Презиме', 7),
(450, 'message', 'Съобщение', 7),
(451, 'orar-link', 'http://www.autogara.md/orar/', 7),
(452, 'pages-1', 'Страници', 7),
(453, 'statut', 'Статут', 7),
(454, 'oferte', 'Приемаме оферти', 7),
(455, 'oferte-expirate', 'Оферта с изтекъл срок', 7),
(456, 'documente', 'Документи', 7),
(457, 'articole-null', 'Няма статии', 7),
(458, 'error', 'Грешка', 7),
(459, 'sorry', 'Съжаляваме', 7),
(460, 'pagina-solicitata', 'Заявената страница не може да бъде намерена!', 7),
(461, 'denumire-link', 'линк', 7),
(462, 'actualizat', 'Обновено', 7),
(463, 'data', 'Дата', 7),
(464, 'ora', 'Време', 7),
(465, 'locatia', 'място', 7),
(466, 'denumire-proiect', 'Наименование на проекта', 7),
(467, 'proiect', 'проект', 7),
(468, 'data-proiect', 'Дата на стартиране и приключване', 7),
(469, 'domeniu', 'Област', 7),
(470, 'stadiul', 'Стадий на реализация на проекта', 7),
(471, 'valoarea-proiectului', 'Стойност на проекта', 7),
(472, 'parteneri', 'Партньори', 7),
(473, 'relevanta', 'Регионално значение и релевантност на проекта', 7),
(474, 'activitati-proiecte', 'Основни дейности', 7),
(475, 'produsele-proiectului', 'Продукти на проекта', 7),
(476, 'rezultatele-proiectului', 'Резултати на проекта', 7),
(477, 'obiectivele-proiectului', 'Цели на проекта', 7),
(478, 'valoarea-totala', 'Обща стойност на проекта', 7),
(479, 'fisiere', 'файлове', 7),
(480, 'telefon', 'Телефон', 7),
(481, 'serviciu', 'Служба', 7),
(482, 'termen-limita', 'Краен срок за прилагане', 7),
(483, 'toate-sedinte', 'Всички срещи', 7),
(484, 'arhiva', 'архив', 7),
(485, 'chat-online', 'чат-онлайн', 7),
(486, 'cum-ne-gasiti', 'Как да ни намерите', 7),
(487, 'legatura-directa', 'Контактни данни на кметството', 7),
(488, 'adresa', 'адрес', 7),
(489, 'vorbeste-direct', 'Говорете директно с представител на кметството', 7),
(490, 'chat', 'Обсъдете онлайн', 7),
(491, 'anunturi', 'Обяви', 7),
(492, 'raporteaza-abuz', 'Съобщи за социална злоупотреба ', 7),
(493, 'scrieti-direct', 'Напишете ни съобщение', 7),
(494, 'adresa-telefon', 'Пощенски адрес / телефон', 7),
(495, 'subiect', 'Тема', 7),
(496, 'cod-verificare', 'Код за проверка', 7),
(497, 'search', 'Търси', 7),
(498, 'modelul-formularul', 'Търси модел / вид', 7),
(499, 'date-contact', 'Контактни данни на кметството', 7),
(500, 'viziteaza', 'Vizitează-ne', 1),
(501, 'viziteaza', 'Как найти нас', 2),
(502, 'viziteaza', 'How to reach us', 6),
(503, 'viziteaza', 'Заповядайте при нас', 7),
(504, 'modules', 'Module', 1),
(505, 'modules', 'Модули', 2),
(506, 'modules', 'Modules', 6),
(507, 'modules', 'Модули', 7),
(508, 'calendar', 'Calendar', 1),
(509, 'calendar', 'Календарь', 2),
(510, 'calendar', 'Calendar', 6),
(511, 'calendar', 'Календар', 7),
(512, 'luni', 'lu', 1),
(513, 'luni', 'пн', 2),
(514, 'luni', 'm', 6),
(515, 'luni', 'пн', 7),
(516, 'marti', 'ma', 1),
(517, 'marti', 'вт', 2),
(518, 'marti', 't', 6),
(519, 'marti', 'вт', 7),
(520, 'miercuri', 'mi', 1),
(521, 'miercuri', 'ср', 2),
(522, 'miercuri', 'w', 6),
(523, 'miercuri', 'ср', 7),
(524, 'joi', 'jo', 1),
(525, 'joi', 'чт', 2),
(526, 'joi', 'th', 6),
(527, 'joi', 'чт', 7),
(528, 'vineri', 'vi', 1),
(529, 'vineri', 'пт', 2),
(530, 'vineri', 'f', 6),
(531, 'vineri', 'пт', 7),
(532, 'simbata', 'sâ', 1),
(533, 'simbata', 'сб', 2),
(534, 'simbata', 'sa', 6),
(535, 'simbata', 'сб', 7),
(536, 'duminica', 'du', 1),
(537, 'duminica', 'вс', 2),
(538, 'duminica', 's', 6),
(539, 'duminica', 'нд', 7),
(540, 'firechat', 'Discută on-line', 1),
(541, 'firechat', 'Общайтесь онлайн', 2),
(542, 'firechat', 'Online chat', 6),
(543, 'firechat', 'Обсъдете онлайн', 7),
(544, 'functionar', 'Funcționar', 1),
(545, 'functionar', 'Государственный служащий', 2),
(546, 'functionar', 'Public offical', 6),
(547, 'functionar', 'Служител', 7),
(548, 'discuta-cu-primar', 'Discuți cu:', 1),
(549, 'discuta-cu-primar', 'В чате:', 2),
(550, 'discuta-cu-primar', 'Talking with:', 6),
(551, 'discuta-cu-primar', 'Общуване с:', 7),
(552, 'cv-form', 'CV ', 1),
(553, 'cv-form', 'Резюме', 2),
(554, 'cv-form', 'CV', 6),
(555, 'cv-form', 'форма на CV', 7),
(556, 'cv', 'Încarcă CV', 1),
(557, 'cv', 'Загрузка резюме', 2),
(558, 'cv', 'Upload CV', 6),
(559, 'cv', 'Прикачи CV', 7),
(560, 'newsletter', 'Buletin informativ', 1),
(561, 'newsletter', 'Информационный бюллетень', 2),
(562, 'newsletter', 'Newsletter', 6),
(563, 'newsletter', 'Информационен бюлетин', 7),
(564, 'aboneazatate-la-buletin', 'Abonează-te la buletinul informativ al primăriei', 1),
(565, 'aboneazatate-la-buletin', 'Подписаться на информационный бюллетень примэрии', 2),
(566, 'aboneazatate-la-buletin', 'Subscribe to the mayoralty newsletter', 6),
(567, 'aboneazatate-la-buletin', 'Абонамент за информационен бюлетин на кметството', 7),
(568, 'email-dvs', 'Email-ul Dvs.', 1),
(569, 'email-dvs', 'Электронная почта', 2),
(570, 'email-dvs', 'Email', 6),
(571, 'email-dvs', 'Email', 7),
(572, 'person', 'Persoane', 1),
(573, 'person', 'Человек', 2),
(574, 'person', 'Persons', 6),
(575, 'person', 'Лица', 7),
(576, 'atentie', 'ATENȚIE !', 1),
(577, 'atentie', 'ВНИМАНИЕ!', 2),
(578, 'atentie', 'WARNING!', 6),
(579, 'atentie', 'ВНИМАНИЕ!', 7),
(580, 'info-atentie', 'Pentru a solicita o audiență la unul din funcționari, vă rugăm să completați formularul de cerere, iar noi vă vom comunica prin e-mail data și ora audienței programate.', 1),
(581, 'info-atentie', 'Чтобы записаться на приём к государственному служащему,пожалуйста, заполните форму заявки, и мы сообщим по электронной почте дату и время запланированной встрече.', 2),
(582, 'info-atentie', 'To request an audience with one of the public officials, please complete the application form and we will communicate you via email the date and time of the scheduled audience.', 6),
(583, 'info-atentie', 'За да поискате аудиенция при един от служителите моля попълнете формуляра за кандидатстване и ние ще Ви съобщим чрез електронна поща  датата и часа на аудиенцията', 7),
(584, 'online-audienta', 'Programează-te online pentru o audiență', 1),
(585, 'online-audienta', 'Онлайн регистрация на приём', 2),
(586, 'online-audienta', 'Online registration for an audience', 6),
(587, 'online-audienta', 'Програмирайте се на онлайн аудиенция', 7),
(588, 'aparteneta', 'Apartenență politică, contacte', 1),
(589, 'aparteneta', 'Политическая принадлежность, контакты', 2),
(590, 'aparteneta', 'Political affiliation, contacts', 6),
(591, 'aparteneta', 'Политическа принадлежност, контакт', 7),
(592, 'sectorul', 'Sectorul', 1),
(593, 'sectorul', 'Сектор', 2),
(594, 'sectorul', 'District', 6),
(595, 'sectorul', 'Сектор', 7),
(596, 'secretarul', 'Secretarul', 1),
(597, 'secretarul', 'Секретарь', 2),
(598, 'secretarul', 'Secretary', 6),
(599, 'secretarul', 'Секретар', 7),
(600, 'data-nasterii', 'Data nașterii', 1),
(601, 'data-nasterii', 'Дата рождения', 2),
(602, 'data-nasterii', 'Date of birth', 6),
(603, 'data-nasterii', 'Дата на раждане', 7),
(604, 'starea-civila', 'Starea civilă', 1),
(605, 'starea-civila', 'Гражданскоео состояние', 2),
(606, 'starea-civila', 'Civil status', 6),
(607, 'starea-civila', 'Семейно положение', 7),
(608, 'studii', 'Studii', 1),
(609, 'studii', 'Образование', 2),
(610, 'studii', 'Education', 6),
(611, 'studii', 'Образование', 7),
(612, 'activitate-politica', 'Activitate politică', 1),
(613, 'activitate-politica', 'Политическая деятельность', 2),
(614, 'activitate-politica', 'Political activity', 6),
(615, 'activitate-politica', 'Политическа дейност', 7),
(616, 'contact', 'Date de contact', 1),
(617, 'contact', 'Контактные данные', 2),
(618, 'contact', 'Contact details', 6),
(619, 'contact', 'Данни за контакт', 7),
(620, 'actelocale', 'Actelocale.md', 1),
(621, 'actelocale', 'Actelocale.md', 2),
(622, 'actelocale', 'Actelocale.md', 6),
(623, 'actelocale', 'Actelocale.md', 7),
(624, 'search-button', 'Caută', 1),
(625, 'search-button', 'Поиск', 2),
(626, 'search-button', 'Search', 6),
(627, 'search-button', 'Търси', 7),
(628, 'search-label', 'Caută', 1),
(629, 'search-label', 'Поиск', 2),
(630, 'search-label', 'Search', 6),
(631, 'search-label', 'Търси', 7),
(632, 'page-result', 'Rezultate pe pagină', 1),
(633, 'page-result', 'Результаты на странице', 2),
(634, 'page-result', 'Results on page', 6),
(635, 'page-result', 'Резултати на страницата', 7),
(636, 'months', 'Lunile anului', 1),
(637, 'months', 'Месяца года', 2),
(638, 'months', 'Months', 6),
(639, 'months', 'Месеци на годината', 7),
(640, 'ianuarie', 'Ianuarie', 1),
(641, 'ianuarie', 'Январь', 2),
(642, 'ianuarie', 'January', 6),
(643, 'ianuarie', 'Януари', 7),
(644, 'februarie', 'Februarie', 1),
(645, 'februarie', 'Февраль', 2),
(646, 'februarie', 'February', 6),
(647, 'februarie', 'Февруари', 7),
(648, 'martie', 'Martie', 1),
(649, 'martie', 'Март', 2),
(650, 'martie', 'March', 6),
(651, 'martie', 'Март', 7),
(652, 'aprilie', 'Aprilie', 1),
(653, 'aprilie', 'Апрель', 2),
(654, 'aprilie', 'April', 6),
(655, 'aprilie', 'Април', 7),
(656, 'mai', 'Mai', 1),
(657, 'mai', 'Май', 2),
(658, 'mai', 'May', 6),
(659, 'mai', 'Май', 7),
(660, 'iunie', 'Iunie', 1),
(661, 'iunie', 'Июнь', 2),
(662, 'iunie', 'June', 6),
(663, 'iunie', 'Юни', 7),
(664, 'iulie', 'Iulie', 1),
(665, 'iulie', 'Июль', 2),
(666, 'iulie', 'July', 6),
(667, 'iulie', 'Юли', 7),
(668, 'august', 'August', 1),
(669, 'august', 'Август', 2),
(670, 'august', 'August', 6),
(671, 'august', 'Август', 7),
(672, 'septembrie', 'Septembrie', 1),
(673, 'septembrie', 'Сентябрь', 2),
(674, 'septembrie', 'September', 6),
(675, 'septembrie', 'Септември', 7),
(676, 'octombrie', 'Octombrie', 1),
(677, 'octombrie', 'Октябрь', 2),
(678, 'octombrie', 'October', 6),
(679, 'octombrie', 'Октомври', 7),
(680, 'noiembrie', 'Noiembrie', 1),
(681, 'noiembrie', 'Ноябрь', 2),
(682, 'noiembrie', 'November', 6),
(683, 'noiembrie', 'Ноември', 7),
(684, 'decembrie', 'Decembrie', 1),
(685, 'decembrie', 'Декабрь', 2),
(686, 'decembrie', 'December', 6),
(687, 'decembrie', 'Декември', 7),
(688, 'acte-search', 'Pagina', 1),
(689, 'acte-search', 'Страница', 2),
(690, 'acte-search', 'Page', 6),
(691, 'acte-search', 'Страница', 7),
(692, 'acte-nr', 'Nr.', 1),
(693, 'acte-nr', '№', 2),
(694, 'acte-nr', 'No.', 6),
(695, 'acte-nr', '№', 7),
(696, 'acte-title', 'Titlu ', 1),
(697, 'acte-title', 'Заглавие', 2),
(698, 'acte-title', 'Title', 6),
(699, 'acte-title', 'заглавие', 7),
(700, 'acte-tip', 'Tip ', 1),
(701, 'acte-tip', 'Тип', 2),
(702, 'acte-tip', 'Type', 6),
(703, 'acte-tip', 'Тип', 7),
(704, 'acte-emitent', 'Emitent', 1),
(705, 'acte-emitent', 'Эмитент', 2),
(706, 'acte-emitent', 'Issuer', 6),
(707, 'acte-emitent', 'емитент', 7),
(708, 'acte-data', 'Data', 1),
(709, 'acte-data', 'Дата', 2),
(710, 'acte-data', 'Date', 6),
(711, 'acte-data', 'Дата', 7),
(712, 'fire-save', 'Expediază pe mail o copie a discuției. ', 1),
(713, 'fire-save', 'Отправить емейл с копией разговора?', 2),
(714, 'fire-save', 'Receive an email with a copy of this discussion?', 6),
(715, 'fire-save', 'Искате ли да запазите имейл съобщения?', 7),
(716, 'fire-click', 'clik aici', 1),
(717, 'fire-click', 'нажмите здесь', 2),
(718, 'fire-click', 'clik here', 6),
(719, 'fire-click', 'натиснете тук', 7),
(720, 'fire-reg', 'Această discuție on-line se înregistrează', 1),
(721, 'fire-reg', 'Этот чат разговор записывается', 2),
(722, 'fire-reg', 'This chat conversation is recorded', 6),
(723, 'fire-reg', 'Тази дискусия-чат се записва', 7),
(724, 'fire-rlu', 'Sigur doriți să expediați mesajele pe ', 1),
(725, 'fire-rlu', 'Вы действительно хотите отправить эти сообщения на ', 2),
(726, 'fire-rlu', 'Are you sure you want to send messages to', 6),
(727, 'fire-rlu', 'Сигурно искате да изпратите съобщения по', 7),
(728, 'fire-email', 'Mesajul Dvs. a fost trimis cu succes', 1),
(729, 'fire-email', 'Ваше сообщение было успешно отправлено', 2),
(730, 'fire-email', 'Thank you! Your message has been successfully sent', 6),
(731, 'fire-email', 'Email беше изпратен', 7),
(732, 'fire-out', 'a părăsit  discuția on-line', 1),
(733, 'fire-out', 'покинул чат', 2),
(734, 'fire-out', 'left the conversation', 6),
(735, 'fire-out', 'напусна онлайн дискусията', 7),
(736, 'jobrequest', 'Cereri', 1),
(737, 'jobrequest', 'Запросы', 2),
(738, 'jobrequest', 'Requests', 6),
(739, 'jobrequest', 'Молби', 7),
(740, 'jobreq', 'Anunț vacant, Numele Prenumele: ', 1),
(741, 'jobreq', 'Вакансия, Фамилия Имя:', 2),
(742, 'jobreq', 'Vacancy job, First Name and Last Name: ', 6),
(743, 'jobreq', 'Вакантна обява, име, презиме:', 7),
(744, 'news-dez', 'Dezabonare buletin informativ', 1),
(745, 'news-dez', 'Отмена подписки на информационный бюллетень', 2),
(746, 'news-dez', 'Cancel subscription to newsletter', 6),
(747, 'news-dez', 'Отписване от информационния бюлетин', 7),
(748, 'newsletter-msg', 'Emailul Dumneavoastră a fost eliminat din opțiunea de recepționare a noutăților prin newsletter', 1),
(749, 'newsletter-msg', 'Ваш емаил был удалён из списка получателей новостей информационного бюллетеня', 2),
(750, 'newsletter-msg', 'Your email is unsubscribed from website newsletter', 6),
(751, 'newsletter-msg', 'Вашият имейл е бил отстранен от възможността за получаване на новини от newslatte', 7),
(752, 'nr', 'Nr.', 1),
(753, 'nr', '№', 2),
(754, 'nr', 'No.', 6),
(755, 'nr', '№', 7),
(756, 'nume-prenume', 'Nume Prenume', 1),
(757, 'nume-prenume', 'Фамилия Имя', 2),
(758, 'nume-prenume', 'Name First name', 6),
(759, 'nume-prenume', 'Име, презиме', 7),
(760, 'functia', 'Funcția', 1),
(761, 'functia', 'Должность', 2),
(762, 'functia', 'Job position', 6),
(763, 'functia', 'Длъжност', 7),
(764, 'apartenenta-politica', 'Apartenența politică', 1),
(765, 'apartenenta-politica', 'Политическая принадлежность', 2),
(766, 'apartenenta-politica', 'Political affiliation', 6),
(767, 'apartenenta-politica', 'Политическа принадлежност', 7),
(768, 'sondaje', 'Sondaje', 1),
(769, 'sondaje', 'Опросы', 2),
(770, 'sondaje', 'Surveys', 6),
(771, 'sondaje', 'Проучвания', 7),
(772, 'introduceti-codul-previne-voturile-automate', 'Codul introdus previne voturile automate', 1),
(773, 'introduceti-codul-previne-voturile-automate', 'Введите код, для предотвращения автоматического голосования', 2),
(774, 'introduceti-codul-previne-voturile-automate', 'Introduce the code, prevent automatic votes', 6),
(775, 'introduceti-codul-previne-voturile-automate', 'Въведете кода, предотвратете автоматизирани гласове', 7),
(776, 'alte-sondaje', 'Alte sondaje', 1),
(777, 'alte-sondaje', 'Другие опросы', 2),
(778, 'alte-sondaje', 'Other surveys', 6),
(779, 'alte-sondaje', 'Други проучвания', 7),
(780, 'poll-msg-succ', 'Răspunsurile dumneavoastră au fost înregistrate cu succes! Vă mulțumim! Puteți urmări rezultatele curente ale sondajului:', 1),
(781, 'poll-msg-succ', 'Ваши ответы были успешно записаны! Спасибо! Вы можете проверить текущие результаты опроса:', 2),
(782, 'poll-msg-succ', 'Your answers were successfully recorded! Thank you! You can track the current results of the survey:', 6),
(783, 'poll-msg-succ', 'Вашите отговори са успешно записани! Благодарим Ви! Можете да следите текущите резултати от проучването:', 7),
(784, 'poll-raspunsuri', 'răspunsuri', 1),
(785, 'poll-raspunsuri', 'ответы', 2),
(786, 'poll-raspunsuri', 'answers', 6),
(787, 'poll-raspunsuri', 'Отговори', 7),
(788, 'you-have-already-voted', 'Votul Dumneavoastră deja a fost înregistrat', 1),
(789, 'you-have-already-voted', 'Ваш голос зарегестрирован', 2),
(790, 'you-have-already-voted', 'You have already voted', 6),
(791, 'you-have-already-voted', 'Вашият глас вече е записан', 7),
(792, 'poll-not-found', 'Sondajul nu a fost găsit', 1),
(793, 'poll-not-found', 'Опрос не найден', 2),
(794, 'poll-not-found', 'Survey not found', 6),
(795, 'poll-not-found', 'Проучването не беше намерено', 7),
(796, 'plingeri', 'Plângeri', 1),
(797, 'plingeri', 'Жалобы', 2),
(798, 'plingeri', 'Complaints', 6),
(799, 'plingeri', 'Жалби', 7),
(800, 'atentie-', 'ATENȚIE ! ', 1),
(801, 'atentie-', 'ВНИМАНИЕ!', 2),
(802, 'atentie-', 'WARNING!', 6),
(803, 'atentie-', 'ВНИМАНИЕ!', 7),
(804, 'atent-msg', 'Petițiile anonime sau cele care nu conțin toate datele de identificare a persoanei nu vor fi luate în considerare.\n\nNu vor fi examinate petițiile anonime sau cele care nu conţin informaţii privind numele, prenumele, domiciliul şi adresa electronică a petiţionarului. La fel, se rezervă dreptul de a nu examina petiţiile care conţin un limbaj necenzurat, ofensator, ameninţări de orice fel. <a href="http://lex.justice.md/index.php?action=view&view=doc&id=313313" target="_blank">(vezi Art. 10 din Legea cu privire la petiționare)</a>', 1),
(805, 'atent-msg', 'Анонимные заявления или те, в которых не указаны персональные данные пользователя, не принимаются во внимание.', 2),
(806, 'atent-msg', 'Anonymous petitions or those with no identification data of the author will not be considered.', 6),
(807, 'atent-msg', 'Анонимните петиции или петиции, в които не са въведени идентификационни данни на лицето, не се вземат под внимание.', 7),
(808, 'formular-de-completare', 'Formular de completare', 1),
(809, 'formular-de-completare', 'Бланк', 2),
(810, 'formular-de-completare', 'Blank', 6),
(811, 'formular-de-completare', 'Формуляр за попълване', 7),
(812, 'numele-prenume', 'Numele Prenume*', 1),
(813, 'numele-prenume', 'Имя Фамилия*', 2),
(814, 'numele-prenume', 'Name First name*', 6),
(815, 'numele-prenume', 'Име, презиме*', 7),
(816, 'email-1', 'Email*', 1),
(817, 'email-1', 'Электронный адрес*', 2),
(818, 'email-1', 'Email*', 6),
(819, 'email-1', 'Email*', 7),
(820, 'adresa-postala-telefon-', 'Adresa Poștală / Telefon ', 1),
(821, 'adresa-postala-telefon-', 'Почтовый адрес / Телефон', 2),
(822, 'adresa-postala-telefon-', 'Postal address / Telephone', 6),
(823, 'adresa-postala-telefon-', 'Пощенски адрес / телефон', 7),
(824, 'subiect-1', 'Subiect*', 1),
(825, 'subiect-1', 'Тема*', 2),
(826, 'subiect-1', 'Subject*', 6),
(827, 'subiect-1', 'Тема*', 7),
(828, 'mesaj', 'Mesaj', 1),
(829, 'mesaj', 'Сообщение', 2),
(830, 'mesaj', 'Message', 6),
(831, 'mesaj', 'Съобщения', 7),
(832, 'cod-de-verificare', 'Cod de verificare*', 1),
(833, 'cod-de-verificare', 'Проверочный код*', 2),
(834, 'cod-de-verificare', 'Verification code*', 6),
(835, 'cod-de-verificare', 'Код за проверка*', 7),
(836, 'public', 'Public', 1),
(837, 'public', 'Общественный', 2),
(838, 'public', 'Public', 6),
(839, 'public', 'Публични', 7),
(840, 'privat', 'Privat', 1),
(841, 'privat', 'Частный', 2),
(842, 'privat', 'Private', 6),
(843, 'privat', 'Частни', 7),
(844, 'trimite', 'trimite', 1),
(845, 'trimite', 'отправить', 2),
(846, 'trimite', 'send', 6),
(847, 'trimite', 'Изпрати', 7),
(848, 'cautare-1', 'Căutare', 1),
(849, 'cautare-1', 'Пойск', 2),
(850, 'cautare-1', 'Search', 6),
(851, 'cautare-1', 'Търсене', 7),
(852, 'rezultatul-cautarii', 'Rezultatul căutării', 1),
(853, 'rezultatul-cautarii', 'Результаты пойска', 2),
(854, 'rezultatul-cautarii', 'Search results', 6),
(855, 'rezultatul-cautarii', 'Резултати от търсенето', 7),
(856, 'rezultatele-cautarii-pentru-', 'Rezultatele căutării pentru ', 1),
(857, 'rezultatele-cautarii-pentru-', 'Результаты пойска ', 2),
(858, 'rezultatele-cautarii-pentru-', 'Find results for', 6),
(859, 'rezultatele-cautarii-pentru-', 'Резултати от търсенето за', 7),
(860, 'afisate-', 'Afișate ', 1),
(861, 'afisate-', 'Результаты', 2),
(862, 'afisate-', 'Results', 6),
(863, 'afisate-', 'Показани', 7),
(864, '-din-', ' din ', 1),
(865, '-din-', ' из', 2),
(866, '-din-', ' out of', 6),
(867, '-din-', ' от', 7),
(868, 'acasa', 'Principala', 1),
(869, 'acasa', 'Главная', 2),
(870, 'acasa', 'Home', 6),
(871, 'acasa', 'Главна страница', 7),
(872, 'elemente', 'Elemente', 1),
(873, 'elemente', 'Элементы', 2),
(874, 'elemente', 'Elements', 6),
(875, 'elemente', 'Елементи', 7),
(876, 'paginatia', 'Paginația', 1),
(877, 'paginatia', 'Нумерация страниц', 2),
(878, 'paginatia', 'Pagination', 6),
(879, 'paginatia', 'Номериране на страници', 7),
(880, 'previous', '&amp;amp;amp;amp;laquo; Precedenta', 1),
(881, 'previous', '&amp;amp;amp;amp;laquo; Предыдущая', 2),
(882, 'previous', '&amp;amp;amp;amp;laquo; Previous', 6),
(883, 'previous', '&amp;amp;amp;amp;laquo; Предишна ', 7),
(884, 'next', 'Următoarea &amp;amp;amp;amp;raquo;', 1),
(885, 'next', 'Следующая &amp;amp;amp;amp;raquo;', 2),
(886, 'next', 'Next &amp;amp;amp;amp;raquo;', 6),
(887, 'next', 'Следваща &amp;amp;amp;amp;raquo;', 7),
(888, 'validarea', 'Validarea', 1),
(889, 'validarea', 'Утверждение', 2),
(890, 'validarea', 'Validation', 6),
(891, 'validarea', 'Валидиране', 7),
(892, 'cimpul-attribute-este-abligator', 'Câmpul :attribute  este obligator.', 1),
(893, 'cimpul-attribute-este-abligator', 'Поле :attribute обязательна', 2),
(894, 'cimpul-attribute-este-abligator', 'Field :attribute is compulsory', 6),
(895, 'cimpul-attribute-este-abligator', 'Поле :attribute', 7),
(896, 'the-attribute-must-be-a-valid-email-address', 'Câmpul :attribute trebuie să indice un email valid', 1),
(897, 'the-attribute-must-be-a-valid-email-address', 'Поле :attribute должна быть действительным адресом электронной почты', 2),
(898, 'the-attribute-must-be-a-valid-email-address', 'Field :attribute must be a valid email', 6),
(899, 'the-attribute-must-be-a-valid-email-address', 'Поле: атрибутът трябва да бъде валиден имейл', 7),
(900, 'feeds', 'Postări', 1),
(901, 'feeds', 'Группы публикации', 2),
(902, 'feeds', 'Group of posts', 6),
(903, 'feeds', 'Групи от публикации', 7),
(904, 'var', 'Variabile', 1),
(905, 'var', 'Переменные', 2),
(906, 'var', 'Variables', 6),
(907, 'var', 'Променливи', 7),
(908, 'extensions', 'Extensii', 1),
(909, 'extensions', 'Расширения', 2),
(910, 'extensions', 'Extensions', 6),
(911, 'extensions', 'Разширения', 7),
(912, 'users', 'Utilizatori', 1),
(913, 'users', 'Пользователи', 2),
(914, 'users', 'Users', 6),
(915, 'users', 'Ползватели', 7),
(916, 'languages', 'Limbi', 1),
(917, 'languages', 'Языки', 2),
(918, 'languages', 'Languages', 6),
(919, 'languages', 'Езици', 7),
(920, 'settings', 'Setări', 1),
(921, 'settings', 'Настройки', 2),
(922, 'settings', 'Settings', 6),
(923, 'settings', 'Настройки', 7),
(924, 'log', 'Loguri', 1),
(925, 'log', 'Записи', 2),
(926, 'log', 'Logs', 6),
(927, 'log', 'Влизания', 7),
(928, 'layout-1', 'Machetă amplasare', 1),
(929, 'layout-1', 'Макет', 2),
(930, 'layout-1', 'Layout', 6),
(931, 'layout-1', 'Сектор', 7),
(932, 'hello-', 'Salut, ', 1),
(933, 'hello-', 'Привет,', 2),
(934, 'hello-', 'Hello,', 6),
(935, 'hello-', 'Здравей,', 7),
(936, 'select-file', 'Selectează fișier', 1),
(937, 'select-file', 'Выбрать файл', 2),
(938, 'select-file', 'Select file', 6),
(939, 'select-file', 'Избери файл', 7),
(940, 'close', 'Închide', 1),
(941, 'close', 'Закрыть', 2),
(942, 'close', 'Close', 6),
(943, 'close', 'Затвори', 7),
(944, 'title', 'Sistemul de gestiune a conținutului', 1),
(945, 'title', 'Панель управления содержимым', 2),
(946, 'title', 'Content Management System', 6),
(947, 'title', 'Панел за публикуване на съдържание', 7),
(948, 'enter-your-username-and-password', 'Introduceți numele de utilizator și parola', 1),
(949, 'enter-your-username-and-password', 'Введите имя пользователя и пароль', 2),
(950, 'enter-your-username-and-password', 'Introduce user name and password', 6),
(951, 'enter-your-username-and-password', 'Въведете вашето потребителско име и парола', 7),
(952, 'sign-in', 'Înregistrare', 1),
(953, 'sign-in', 'Регистрация', 2),
(954, 'sign-in', 'Log in', 6),
(955, 'sign-in', 'Вход', 7),
(956, 'username', 'Nume de utilizator', 1),
(957, 'username', 'Имя пользователя', 2),
(958, 'username', 'User name', 6),
(959, 'username', 'Име на потребител', 7),
(960, 'password', 'Parola', 1),
(961, 'password', 'Пароль', 2),
(962, 'password', 'Password', 6),
(963, 'password', 'Парола', 7),
(964, 'compartimente', 'Compartimente', 1),
(965, 'compartimente', 'Разделы', 2),
(966, 'compartimente', 'Sections', 6),
(967, 'compartimente', 'Раздели', 7),
(968, 'feeds-1', 'Postări', 1),
(969, 'feeds-1', 'Публикации', 2),
(970, 'feeds-1', 'Feeds', 6),
(971, 'feeds-1', 'Публикации', 7),
(972, 'create-new-post', 'Creează o postare nouă', 1),
(973, 'create-new-post', 'Создать новую публикацию', 2),
(974, 'create-new-post', 'Create new post', 6),
(975, 'create-new-post', 'Създаване на нова публикация', 7),
(976, 'post-list', 'Lista de postări', 1),
(977, 'post-list', 'Список публикации', 2),
(978, 'post-list', 'Feeds', 6),
(979, 'post-list', 'Списък на публикации', 7),
(980, 'title-1', 'Titlul', 1),
(981, 'title-1', 'Заголовок', 2),
(982, 'title-1', 'Title', 6),
(983, 'title-1', 'Заглавие', 7),
(984, 'date', 'Data', 1),
(985, 'date', 'Дата', 2),
(986, 'date', 'Date', 6),
(987, 'date', 'Данни', 7),
(988, 'current-feed', 'Grupa curentă', 1),
(989, 'current-feed', 'Текущая группа', 2),
(990, 'current-feed', 'Current group', 6),
(991, 'current-feed', 'Текуща група', 7),
(992, 'create-new-feed', 'Creează un grup nou', 1),
(993, 'create-new-feed', 'Создать новую группу', 2),
(994, 'create-new-feed', 'Create new group', 6),
(995, 'create-new-feed', 'Създай нова група', 7),
(996, 'addfeed', 'Adăugare grupă', 1),
(997, 'addfeed', 'Добавить группу', 2),
(998, 'addfeed', 'Add group', 6),
(999, 'addfeed', 'Добавяне на група', 7),
(1000, 'name', 'Denumirea', 1),
(1001, 'name', 'Название', 2),
(1002, 'name', 'Name', 6),
(1003, 'name', 'Име', 7),
(1004, 'enabled', 'Activ', 1),
(1005, 'enabled', 'Активный', 2),
(1006, 'enabled', 'Active', 6),
(1007, 'enabled', 'Активен', 7),
(1008, 'limit-type', 'Tip de limită', 1),
(1009, 'limit-type', 'Тип ограничения', 2),
(1010, 'limit-type', 'Limit type', 6),
(1011, 'limit-type', 'Тип лимит', 7),
(1012, 'pagination', 'Paginație', 1),
(1013, 'pagination', 'Пагинация', 2),
(1014, 'pagination', 'Pagination', 6),
(1015, 'pagination', 'Номериране на страници', 7),
(1016, 'strict-limit', 'Limită strictă', 1),
(1017, 'strict-limit', 'Строгое ограничение', 2),
(1018, 'strict-limit', 'Strict limit', 6),
(1019, 'strict-limit', 'Строг лимит', 7),
(1020, 'limit', 'Limita:', 1),
(1021, 'limit', 'Ограничение:', 2),
(1022, 'limit', 'Limit:', 6),
(1023, 'limit', 'Лимит:', 7),
(1024, 'order-type', 'Tipul de ordonare:', 1),
(1025, 'order-type', 'Порядковый тип:', 2),
(1026, 'order-type', 'Order type:', 6),
(1027, 'order-type', 'Тип подреждане:', 7),
(1028, 'none', 'Fără ordonare', 1),
(1029, 'none', 'Без порядка ', 2),
(1030, 'none', 'Without order', 6),
(1031, 'none', 'Без подреждане', 7),
(1032, 'ascendent', 'ASCENDENT', 1),
(1033, 'ascendent', 'ПО ВОЗРАСТАНИЯ', 2),
(1034, 'ascendent', 'ASCENDING', 6),
(1035, 'ascendent', 'ВЪЗХОДЯЩ', 7),
(1036, 'descendent', 'DESCENDENT', 1),
(1037, 'descendent', 'ПО УБЫВАНИЯ', 2),
(1038, 'descendent', 'DESCENDING', 6),
(1039, 'descendent', 'НИЗХОДЯЩ', 7),
(1040, 'order-by', 'Ordonare după', 1),
(1041, 'order-by', 'Последовательность по', 2),
(1042, 'order-by', 'Order by', 6),
(1043, 'order-by', 'Подреждане по', 7),
(1044, 'date-1', 'Dată', 1),
(1045, 'date-1', 'Дата', 2),
(1046, 'date-1', 'Date', 6),
(1047, 'date-1', 'Дата', 7),
(1048, 'title-2', 'Titlu', 1),
(1049, 'title-2', 'Заголовок', 2),
(1050, 'title-2', 'Title', 6),
(1051, 'title-2', 'Заглавие', 7),
(1052, 'views', 'Numărul de vizualizări', 1),
(1053, 'views', 'Количество просмотров', 2),
(1054, 'views', 'Number of views', 6),
(1055, 'views', 'Брой визуализации', 7),
(1056, 'set-aditional-fields', 'Setează proprietățile', 1),
(1057, 'set-aditional-fields', 'Установить дополнительные поля', 2),
(1058, 'set-aditional-fields', 'Set additional fields', 6),
(1059, 'set-aditional-fields', 'Задайте допълнителни полета', 7),
(1060, 'edit-feed', 'Editare grupă', 1),
(1061, 'edit-feed', 'Редактировать группу', 2),
(1062, 'edit-feed', 'Edit group', 6),
(1063, 'edit-feed', 'Редактиране на група', 7),
(1064, 'trash-post', 'Postări anulate', 1),
(1065, 'trash-post', 'Отмененные записи', 2),
(1066, 'trash-post', 'Canceled posts', 6),
(1067, 'trash-post', 'Анулирани публикации', 7),
(1068, 'list-1', 'Grupe', 1),
(1069, 'list-1', 'Группы', 2),
(1070, 'list-1', 'Groups', 6),
(1071, 'list-1', 'Групи', 7),
(1072, 'name-3', 'Nume', 1),
(1073, 'name-3', 'Названия', 2),
(1074, 'name-3', 'Name', 6);
INSERT INTO `apl_var_lang` (`id`, `var_key`, `value`, `lang_id`) VALUES
(1075, 'name-3', 'Име', 7),
(1076, 'state', 'Stare', 1),
(1077, 'state', 'Статус', 2),
(1078, 'state', 'Status', 6),
(1079, 'state', 'Състояние', 7),
(1080, 'action', 'Acțiune', 1),
(1081, 'action', 'Действие', 2),
(1082, 'action', 'Action', 6),
(1083, 'action', 'Действие', 7),
(1084, 'active', 'Activ', 1),
(1085, 'active', 'Активный', 2),
(1086, 'active', 'Active', 6),
(1087, 'active', 'Активно', 7),
(1088, 'inactive', 'Inactiv', 1),
(1089, 'inactive', 'Неактивный', 2),
(1090, 'inactive', 'Inactive', 6),
(1091, 'inactive', 'Неактивно', 7),
(1092, 'edit-post', 'Editare postare', 1),
(1093, 'edit-post', 'Изменить запись', 2),
(1094, 'edit-post', 'Edit post', 6),
(1095, 'edit-post', 'Редактиране на публикация', 7),
(1096, 'varianta-in', '', 1),
(1097, 'varianta-in', '', 2),
(1098, 'varianta-in', '', 6),
(1099, 'varianta-in', '', 7),
(1100, 'media', 'Imagine', 1),
(1101, 'media', 'Картинка', 2),
(1102, 'media', 'Image', 6),
(1103, 'media', 'Среден', 7),
(1104, 'general', 'General', 1),
(1105, 'general', 'Общий', 2),
(1106, 'general', 'General', 6),
(1107, 'general', 'Общ', 7),
(1108, 'date-3', 'Data', 1),
(1109, 'date-3', 'Данные', 2),
(1110, 'date-3', 'Date', 6),
(1111, 'date-3', 'Данни', 7),
(1112, 'to-home-page', 'Plasează pe pagina principală', 1),
(1113, 'to-home-page', 'Разместить на главную страницу', 2),
(1114, 'to-home-page', 'Place on homepage', 6),
(1115, 'to-home-page', 'Постави на главната страница', 7),
(1116, 'to-home-page-1', 'Plasează pe pagina principală', 1),
(1117, 'to-home-page-1', 'Разместить на главную страницу', 2),
(1118, 'to-home-page-1', 'Place on homepage', 6),
(1119, 'to-home-page-1', 'Постави на главната страница', 7),
(1120, 'frontend-link', 'Adresa de pe site', 1),
(1121, 'frontend-link', 'Адрес на сайте', 2),
(1122, 'frontend-link', 'Address on the website', 6),
(1123, 'frontend-link', 'Адрес от сайта', 7),
(1124, 'title-3', 'Titlu', 1),
(1125, 'title-3', 'Заголовок', 2),
(1126, 'title-3', 'Title', 6),
(1127, 'title-3', 'Заглавие', 7),
(1128, 'uri', 'Uri', 1),
(1129, 'uri', 'Uri', 2),
(1130, 'uri', 'Uri', 6),
(1131, 'uri', 'Uri', 7),
(1132, 'text', 'Text', 1),
(1133, 'text', 'Текст', 2),
(1134, 'text', 'Text', 6),
(1135, 'text', 'Текст', 7),
(1136, 'enabled-1', 'Activ', 1),
(1137, 'enabled-1', 'Активный', 2),
(1138, 'enabled-1', 'Active', 6),
(1139, 'enabled-1', 'Активен', 7),
(1140, 'files', 'Fișiere', 1),
(1141, 'files', 'Файлы', 2),
(1142, 'files', 'Files', 6),
(1143, 'files', 'Файлове', 7),
(1144, '-select-file-from-computer', 'Selectează de pe computer', 1),
(1145, '-select-file-from-computer', 'Загрузить файл с компьютера', 2),
(1146, '-select-file-from-computer', 'Select from computer', 6),
(1147, '-select-file-from-computer', 'Изберете от Компютъра', 7),
(1148, '-select-file-from-server', 'Selectează de pe server', 1),
(1149, '-select-file-from-server', 'Загрузить файл с сервера', 2),
(1150, '-select-file-from-server', 'Select file from server', 6),
(1151, '-select-file-from-server', 'Изберете от сървъра', 7),
(1152, 'icon', 'Imagine', 1),
(1153, 'icon', 'Изображение', 2),
(1154, 'icon', 'Image', 6),
(1155, 'icon', 'Представяне', 7),
(1156, 'name1', 'Denumirea', 1),
(1157, 'name1', 'Названия', 2),
(1158, 'name1', 'Name', 6),
(1159, 'name1', 'Име', 7),
(1160, 'type', 'Tip', 1),
(1161, 'type', 'Тип', 2),
(1162, 'type', 'Type', 6),
(1163, 'type', 'Тип', 7),
(1164, 'size', 'Mărime', 1),
(1165, 'size', 'Размер', 2),
(1166, 'size', 'Size', 6),
(1167, 'size', 'Размер', 7),
(1168, 'action-1', 'Acțiune', 1),
(1169, 'action-1', 'Действие', 2),
(1170, 'action-1', 'Action', 6),
(1171, 'action-1', 'Действие', 7),
(1172, 'no-files', 'Nu sunt fișiere', 1),
(1173, 'no-files', 'Файлов не найдено', 2),
(1174, 'no-files', 'Files not found', 6),
(1175, 'no-files', 'Няма файлове', 7),
(1176, 'log-1', 'Loguri', 1),
(1177, 'log-1', 'Запись', 2),
(1178, 'log-1', 'Log', 6),
(1179, 'log-1', 'Вход', 7),
(1180, 'date-4', 'Date', 1),
(1181, 'date-4', 'Данные', 2),
(1182, 'date-4', 'Data', 6),
(1183, 'date-4', 'Данни', 7),
(1184, 'message-1', 'Mesaj', 1),
(1185, 'message-1', 'Сообщение', 2),
(1186, 'message-1', 'Message', 6),
(1187, 'message-1', 'Съобщение', 7),
(1188, 'user-2', 'Utilizator', 1),
(1189, 'user-2', 'Пользователь', 2),
(1190, 'user-2', 'User', 6),
(1191, 'user-2', 'Ползвател', 7),
(1192, 'ip', 'IP', 1),
(1193, 'ip', 'IP', 2),
(1194, 'ip', 'IP', 6),
(1195, 'ip', 'IP', 7),
(1196, 'anonim', 'Anonim', 1),
(1197, 'anonim', 'Аноним', 2),
(1198, 'anonim', 'Anonym', 6),
(1199, 'anonim', 'Анонимен', 7),
(1200, 'close-1', 'Închide', 1),
(1201, 'close-1', 'Закрыть', 2),
(1202, 'close-1', 'Close', 6),
(1203, 'close-1', 'Затвори', 7),
(1204, 'log-item-details', 'Detalii acțiune', 1),
(1205, 'log-item-details', 'Подробности действия', 2),
(1206, 'log-item-details', 'Action details', 6),
(1207, 'log-item-details', 'Детайли за действие', 7),
(1208, 'module-1', 'Lista de module', 1),
(1209, 'module-1', 'Список модулей', 2),
(1210, 'module-1', 'List of modules', 6),
(1211, 'module-1', 'Списък на модулите', 7),
(1212, 'name-4', 'Denumirea', 1),
(1213, 'name-4', 'Название', 2),
(1214, 'name-4', 'Name', 6),
(1215, 'name-4', 'Име', 7),
(1216, 'state-1', 'Stare', 1),
(1217, 'state-1', 'Статус', 2),
(1218, 'state-1', 'Status', 6),
(1219, 'state-1', 'Състояние', 7),
(1220, 'pages-2', 'Pagini', 1),
(1221, 'pages-2', 'Страницы', 2),
(1222, 'pages-2', 'Pages', 6),
(1223, 'pages-2', 'Страници', 7),
(1224, 'formular-1', 'Formular', 1),
(1225, 'formular-1', 'Формуляр', 2),
(1226, 'formular-1', 'Form', 6),
(1227, 'formular-1', 'Формуляр', 7),
(1228, 'general-1', 'General', 1),
(1229, 'general-1', 'Общий', 2),
(1230, 'general-1', 'General', 6),
(1231, 'general-1', 'Общ', 7),
(1232, 'language-1', '', 1),
(1233, 'language-1', '', 2),
(1234, 'language-1', '', 6),
(1235, 'language-1', '', 7),
(1236, 'files-1', 'Fișiere', 1),
(1237, 'files-1', 'Файлы', 2),
(1238, 'files-1', 'Files', 6),
(1239, 'files-1', 'Файлове', 7),
(1240, 'attachment', 'Atașamente', 1),
(1241, 'attachment', 'Прикреплённые файлы', 2),
(1242, 'attachment', 'Attachments', 6),
(1243, 'attachment', 'Прикачване', 7),
(1244, 'create-new-page', 'Creează o pagină nouă', 1),
(1245, 'create-new-page', 'Создать новую страницу', 2),
(1246, 'create-new-page', 'Create new page', 6),
(1247, 'create-new-page', 'Създай нова страница', 7),
(1248, 'create-3', 'Creează', 1),
(1249, 'create-3', 'Создать', 2),
(1250, 'create-3', 'Create', 6),
(1251, 'create-3', 'Създай', 7),
(1252, 'form-3', 'Editare pagină', 1),
(1253, 'form-3', 'Редактирование страниц', 2),
(1254, 'form-3', 'Page edit form', 6),
(1255, 'form-3', 'Редактиране на формуляр', 7),
(1256, 'delete', 'Șterge', 1),
(1257, 'delete', 'Удалить', 2),
(1258, 'delete', 'Delete', 6),
(1259, 'delete', 'Изтрий', 7),
(1260, 'afisare-fisiere-', 'Afișare fișiere: ', 1),
(1261, 'afisare-fisiere-', 'Показать файлы:', 2),
(1262, 'afisare-fisiere-', 'Show files:', 6),
(1263, 'afisare-fisiere-', 'Покажи файлове:', 7),
(1264, 'afisare-cautare-', 'Afișare căutare: ', 1),
(1265, 'afisare-cautare-', 'Результаты поиска:', 2),
(1266, 'afisare-cautare-', 'Show search results:', 6),
(1267, 'afisare-cautare-', 'Покажи търсене:', 7),
(1268, 'parent-', 'Părinte: ', 1),
(1269, 'parent-', 'Корневой каталог:', 2),
(1270, 'parent-', 'Parent:', 6),
(1271, 'parent-', 'Родител:', 7),
(1272, 'clone-', 'Clonă: ', 1),
(1273, 'clone-', 'Клон:', 2),
(1274, 'clone-', 'Clone:', 6),
(1275, 'clone-', 'Клон:', 7),
(1276, 'redirect-to-', 'Redirecționează către: ', 1),
(1277, 'redirect-to-', 'Переадресовывать:', 2),
(1278, 'redirect-to-', 'Forward:', 6),
(1279, 'redirect-to-', 'Препращане към:', 7),
(1280, 'view-mod', 'Tipul de vizualizare:', 1),
(1281, 'view-mod', 'Тип просмотра:', 2),
(1282, 'view-mod', 'Type of view:', 6),
(1283, 'view-mod', 'Тип визуализация', 7),
(1284, 'properties', 'Proprietăți:', 1),
(1285, 'properties', 'Свойства:', 2),
(1286, 'properties', 'Properties:', 6),
(1287, 'properties', 'Свойства:', 7),
(1288, 'date--4', 'Dată', 1),
(1289, 'date--4', 'Дата', 2),
(1290, 'date--4', 'Date', 6),
(1291, 'date--4', 'Дата', 7),
(1292, 'general-node-', 'Meniu principal:', 1),
(1293, 'general-node-', 'Главное меню:', 2),
(1294, 'general-node-', 'Main menu:', 6),
(1295, 'general-node-', 'Главно меню:', 7),
(1296, 'home-page-', 'Este pagina principală:', 1),
(1297, 'home-page-', 'Главная страница:', 2),
(1298, 'home-page-', 'Homepage:', 6),
(1299, 'home-page-', 'Главна страница', 7),
(1300, 'have-socials-', 'Activeaza butoanele sociale:', 1),
(1301, 'have-socials-', 'Включить социальные кнопки:', 2),
(1302, 'have-socials-', 'Enable social buttons:', 6),
(1303, 'have-socials-', 'Активиране на социални бутони:', 7),
(1304, 'have-comments', 'Activează comentariile: ', 1),
(1305, 'have-comments', 'Включить комментарии:', 2),
(1306, 'have-comments', 'Enable comments:', 6),
(1307, 'have-comments', 'Активирай коментари:', 7),
(1308, 'close-2', 'Închide', 1),
(1309, 'close-2', 'Закрыть', 2),
(1310, 'close-2', 'Close', 6),
(1311, 'close-2', 'Затвори', 7),
(1312, 'view-mod-help', 'Ajutor', 1),
(1313, 'view-mod-help', 'Помощь', 2),
(1314, 'view-mod-help', 'Help', 6),
(1315, 'view-mod-help', 'Помощ', 7),
(1316, 'nume-2', 'DENUMIREA', 1),
(1317, 'nume-2', 'НАЗВАНИЕ', 2),
(1318, 'nume-2', 'NAME', 6),
(1319, 'nume-2', 'ИМЕ', 7),
(1320, 'info-1', 'INFORMAȚII', 1),
(1321, 'info-1', 'ИНФОРМАЦИЯ', 2),
(1322, 'info-1', 'INFO', 6),
(1323, 'info-1', 'ИНФОРМАЦИЯ', 7),
(1324, 'screen', 'IMAGINE', 1),
(1325, 'screen', 'ИЗОБРАЖЕНИЕ', 2),
(1326, 'screen', 'IMAGE', 6),
(1327, 'screen', 'ПРЕДСТАВА', 7),
(1328, 'frontend-link-', 'Linkul de pe site:', 1),
(1329, 'frontend-link-', 'Ссылка с сайта:', 2),
(1330, 'frontend-link-', 'Link on the site:', 6),
(1331, 'frontend-link-', 'Линк към сайта:', 7),
(1332, 'title--3', 'Titlu: ', 1),
(1333, 'title--3', 'Заголовок:', 2),
(1334, 'title--3', 'Title:', 6),
(1335, 'title--3', 'Заглавие:', 7),
(1336, 'uri-', 'Uri: ', 1),
(1337, 'uri-', 'Uri: ', 2),
(1338, 'uri-', 'Uri: ', 6),
(1339, 'uri-', 'Uri: ', 7),
(1340, 'text-', 'Text: ', 1),
(1341, 'text-', 'Текст:', 2),
(1342, 'text-', 'Text: ', 6),
(1343, 'text-', 'Текст:', 7),
(1344, 'enabled--1', 'Activ: ', 1),
(1345, 'enabled--1', 'Активный:', 2),
(1346, 'enabled--1', 'Active:', 6),
(1347, 'enabled--1', 'Активен:', 7),
(1348, 'settings-1', 'Setări', 1),
(1349, 'settings-1', 'Настройки', 2),
(1350, 'settings-1', 'Settings', 6),
(1351, 'settings-1', 'Настройки', 7),
(1352, 'template-color-schema', 'Schema de culoare: ', 1),
(1353, 'template-color-schema', 'Цветовая гамма:', 2),
(1354, 'template-color-schema', 'Colour scheme:', 6),
(1355, 'template-color-schema', 'Цветова схема:', 7),
(1356, 'location', 'Locația:', 1),
(1357, 'location', 'Местоположение:', 2),
(1358, 'location', 'Location:', 6),
(1359, 'location', 'Местоположение:', 7),
(1360, 'users-1', 'Utilizatori', 1),
(1361, 'users-1', 'Пользователи', 2),
(1362, 'users-1', 'Users', 6),
(1363, 'users-1', 'Ползватели', 7),
(1364, 'username-1', 'Nume de utilizator', 1),
(1365, 'username-1', 'Имя пользователя', 2),
(1366, 'username-1', 'User name', 6),
(1367, 'username-1', 'Име на ползвателя', 7),
(1368, 'email-4', 'Email', 1),
(1369, 'email-4', 'Емейл', 2),
(1370, 'email-4', 'Email', 6),
(1371, 'email-4', 'Email', 7),
(1372, 'password-1', 'Parola', 1),
(1373, 'password-1', 'Пароль', 2),
(1374, 'password-1', 'Password', 6),
(1375, 'password-1', 'Парола', 7),
(1376, 'save', 'Creează', 1),
(1377, 'save', 'Сохранить', 2),
(1378, 'save', 'Save', 6),
(1379, 'save', 'Запази', 7),
(1380, 'edit-details', 'Editează utilizator:', 1),
(1381, 'edit-details', 'Изменить имя пользователя:', 2),
(1382, 'edit-details', 'Edit user:', 6),
(1383, 'edit-details', 'Редактиране на ползвател:', 7),
(1384, 'change-password', 'Modifică parola', 1),
(1385, 'change-password', 'Изменить пароль', 2),
(1386, 'change-password', 'Change password', 6),
(1387, 'change-password', 'Смени паролата', 7),
(1388, 'new-password', 'Parola nouă', 1),
(1389, 'new-password', 'Новый пароль', 2),
(1390, 'new-password', 'New password', 6),
(1391, 'new-password', 'Нова парола', 7),
(1392, 'this-user-can', 'Acces:', 1),
(1393, 'this-user-can', 'Возможности:', 2),
(1394, 'this-user-can', 'Possibilities:', 6),
(1395, 'this-user-can', 'Възможности:', 7),
(1396, 'new-user', 'Utilizator nou:', 1),
(1397, 'new-user', 'Новый пользователь:', 2),
(1398, 'new-user', 'New user:', 6),
(1399, 'new-user', 'Нов Ползвател', 7),
(1400, 'disable', 'Dezactivează', 1),
(1401, 'disable', 'Отключить', 2),
(1402, 'disable', 'Disable', 6),
(1403, 'disable', 'Деактивирай', 7),
(1404, 'enabled-3', 'Activează', 1),
(1405, 'enabled-3', 'Включить', 2),
(1406, 'enabled-3', 'Enable', 6),
(1407, 'enabled-3', 'Активирай', 7),
(1408, 'acte-locale', 'Acte locale.md', 1),
(1409, 'acte-locale', 'Acte locale.md', 2),
(1410, 'acte-locale', 'Acte locale.md', 6),
(1411, 'acte-locale', 'Acte locale.md', 7),
(1412, 'new-record', 'Creează o înregistrare', 1),
(1413, 'new-record', 'Создать запись', 2),
(1414, 'new-record', 'New record', 6),
(1415, 'new-record', 'Създай регистрация', 7),
(1416, 'nr-5', 'Nr.', 1),
(1417, 'nr-5', '№', 2),
(1418, 'nr-5', 'No.', 6),
(1419, 'nr-5', '№', 7),
(1420, 'title-5', 'Titlu', 1),
(1421, 'title-5', 'Заголовок', 2),
(1422, 'title-5', 'Title', 6),
(1423, 'title-5', 'Заглавие', 7),
(1424, 'type-1', 'Tip', 1),
(1425, 'type-1', 'Тип', 2),
(1426, 'type-1', 'Type', 6),
(1427, 'type-1', 'Тип', 7),
(1428, 'date-6', 'Dată', 1),
(1429, 'date-6', 'Дата', 2),
(1430, 'date-6', 'Date', 6),
(1431, 'date-6', 'Дата', 7),
(1432, 'emitent', 'Emitent', 1),
(1433, 'emitent', 'Эмитент', 2),
(1434, 'emitent', 'Issuer', 6),
(1435, 'emitent', 'Емитент', 7),
(1436, 'document-1', 'Document', 1),
(1437, 'document-1', 'Документ', 2),
(1438, 'document-1', 'Document', 6),
(1439, 'document-1', 'Документ', 7),
(1440, 'calendar-1', 'Calendar', 1),
(1441, 'calendar-1', 'Календарь', 2),
(1442, 'calendar-1', 'Calendar', 6),
(1443, 'calendar-1', 'Календар', 7),
(1444, 'edit-event', 'Editează eveniment: ', 1),
(1445, 'edit-event', 'Изменить событие:', 2),
(1446, 'edit-event', 'Edit event:', 6),
(1447, 'edit-event', 'Редактиране на събитие:', 7),
(1448, 'general-3', 'General', 1),
(1449, 'general-3', 'Общий', 2),
(1450, 'general-3', 'General', 6),
(1451, 'general-3', 'Общо', 7),
(1452, 'varianta-in-1', '', 1),
(1453, 'varianta-in-1', '', 2),
(1454, 'varianta-in-1', '', 6),
(1455, 'varianta-in-1', '', 7),
(1456, 'period-', 'Perioadă:', 1),
(1457, 'period-', 'Период:', 2),
(1458, 'period-', 'Period:', 6),
(1459, 'period-', 'Период:', 7),
(1460, 'event-date-', 'Data evenimentului:', 1),
(1461, 'event-date-', 'Дата события:', 2),
(1462, 'event-date-', 'Date of event:', 6),
(1463, 'event-date-', 'Дата на Събитието:', 7),
(1464, 'group-', 'Grupa: ', 1),
(1465, 'group-', 'Группа:', 2),
(1466, 'group-', 'Group:', 6),
(1467, 'group-', 'Група:', 7),
(1468, 'enabled--3', 'Activ:', 1),
(1469, 'enabled--3', 'Активный:', 2),
(1470, 'enabled--3', 'Active:', 6),
(1471, 'enabled--3', 'Активен:', 7),
(1472, 'title--5', 'Titlu:', 1),
(1473, 'title--5', 'Заголовок:', 2),
(1474, 'title--5', 'Title:', 6),
(1475, 'title--5', 'Заглавие:', 7),
(1476, 'event-lang-not-found', 'Eveniment inexistent', 1),
(1477, 'event-lang-not-found', 'Событие не найдено', 2),
(1478, 'event-lang-not-found', 'Event not found', 6),
(1479, 'event-lang-not-found', 'Несъществуващо събитие', 7),
(1480, 'create-new-event', 'Creează eveniment nou', 1),
(1481, 'create-new-event', 'Создать новое событие', 2),
(1482, 'create-new-event', 'Creat new event', 6),
(1483, 'create-new-event', 'Създай ново събитие', 7),
(1484, 'event-name-in-', 'Denumirea evenimentului în ', 1),
(1485, 'event-name-in-', 'Название события на', 2),
(1486, 'event-name-in-', 'Name of event in', 6),
(1487, 'event-name-in-', 'Име на събитие', 7),
(1488, 'creaza-eveniment', 'Creează eveniment', 1),
(1489, 'creaza-eveniment', 'Создать событие', 2),
(1490, 'creaza-eveniment', 'Create event', 6),
(1491, 'creaza-eveniment', 'Създай събитие', 7),
(1492, 'chat-2', 'Discută online', 1),
(1493, 'chat-2', 'Онлайн чат', 2),
(1494, 'chat-2', 'Chat online', 6),
(1495, 'chat-2', 'Обсъждане онлайн', 7),
(1496, 'login-failed', 'Eroare de logare!', 1),
(1497, 'login-failed', 'Ошибка при регистрации!', 2),
(1498, 'login-failed', 'Log in error!', 6),
(1499, 'login-failed', 'Грешка при влизане', 7),
(1500, 'login-succeeded', 'Logare reușită!', 1),
(1501, 'login-succeeded', 'Успешная регистрация!', 2),
(1502, 'login-succeeded', 'Log in successful!', 6),
(1503, 'login-succeeded', 'Успешно влизане', 7),
(1504, 'send-chat-on-email', 'Trimite mesajele pe email?', 1),
(1505, 'send-chat-on-email', 'Отправка сообщений на емейл?', 2),
(1506, 'send-chat-on-email', 'Send messages to email?', 6),
(1507, 'send-chat-on-email', 'Изпрати съобщенията по имейл?', 7),
(1508, 'exitchat', ' a părăsit chat-ul', 1),
(1509, 'exitchat', ' покинул чат', 2),
(1510, 'exitchat', ' has left the conversation', 6),
(1511, 'exitchat', ' напуснал чата', 7),
(1512, 'accesible', 'Accesibil:', 1),
(1513, 'accesible', 'Доступный:', 2),
(1514, 'accesible', 'Available:', 6),
(1515, 'accesible', 'Достъпен за аудиенция:', 7),
(1516, 'gallery', 'Galerie', 1),
(1517, 'gallery', 'Галерея', 2),
(1518, 'gallery', 'Gallery', 6),
(1519, 'gallery', 'Галерия', 7),
(1520, 'general-4', 'General', 1),
(1521, 'general-4', 'Общий', 2),
(1522, 'general-4', 'General', 6),
(1523, 'general-4', 'Общ', 7),
(1524, 'fisiere-1', 'Fișiere', 1),
(1525, 'fisiere-1', 'Файлы', 2),
(1526, 'fisiere-1', 'Files', 6),
(1527, 'fisiere-1', 'Файлове', 7),
(1528, 'name--3', 'Nume Galerie', 1),
(1529, 'name--3', 'Название галереи', 2),
(1530, 'name--3', 'Gallery name', 6),
(1531, 'name--3', 'Име на галерията', 7),
(1532, 'create-gallery', 'Creează', 1),
(1533, 'create-gallery', 'Создать', 2),
(1534, 'create-gallery', 'Create', 6),
(1535, 'create-gallery', 'Създай', 7),
(1536, 'recrut', 'Angajări', 1),
(1537, 'recrut', 'Набор кадров', 2),
(1538, 'recrut', 'Employment', 6),
(1539, 'recrut', 'Назначение', 7),
(1540, 'post-1', 'Postul', 1),
(1541, 'post-1', 'Должность', 2),
(1542, 'post-1', 'Job position', 6),
(1543, 'post-1', 'Позиция', 7),
(1544, 'name-6', 'Nume', 1),
(1545, 'name-6', 'Фамилия', 2),
(1546, 'name-6', 'Name', 6),
(1547, 'name-6', 'Име', 7),
(1548, 'cv-2', 'CV', 1),
(1549, 'cv-2', 'Резюме', 2),
(1550, 'cv-2', 'CV', 6),
(1551, 'cv-2', 'CV', 7),
(1552, 'date-7', 'Dată', 1),
(1553, 'date-7', 'Дата', 2),
(1554, 'date-7', 'Date', 6),
(1555, 'date-7', 'Дата', 7),
(1556, 'disabled', 'Inactiv', 1),
(1557, 'disabled', 'Неактивный', 2),
(1558, 'disabled', 'Inactive', 6),
(1559, 'disabled', 'Неактивен', 7),
(1560, 'enabled-5', 'Activ', 1),
(1561, 'enabled-5', 'Активный', 2),
(1562, 'enabled-5', 'Active', 6),
(1563, 'enabled-5', 'Активен', 7),
(1564, 'newsletter-2', 'Buletin informativ', 1),
(1565, 'newsletter-2', 'Информационный бюллетень', 2),
(1566, 'newsletter-2', 'Newsletter', 6),
(1567, 'newsletter-2', 'Информационен бюлетин', 7),
(1568, 'email-5', 'Email', 1),
(1569, 'email-5', 'Емейл', 2),
(1570, 'email-5', 'Email', 6),
(1571, 'email-5', 'Email', 7),
(1572, 'subscribe-date', 'Dată', 1),
(1573, 'subscribe-date', 'Дата', 2),
(1574, 'subscribe-date', 'Date', 6),
(1575, 'subscribe-date', 'Дата', 7),
(1576, 'enabled-6', 'Activ', 1),
(1577, 'enabled-6', 'Активный', 2),
(1578, 'enabled-6', 'Active', 6),
(1579, 'enabled-6', 'Активен', 7),
(1580, 'export', 'Exportă', 1),
(1581, 'export', 'Экспортировать', 2),
(1582, 'export', 'Exportă', 6),
(1583, 'export', 'Експортиране', 7),
(1584, 'send-this-post', 'Trimite postarea', 1),
(1585, 'send-this-post', 'Отправить запись', 2),
(1586, 'send-this-post', 'Send post', 6),
(1587, 'send-this-post', 'Изпрати публикуването', 7),
(1588, 'persons', 'Persoane', 1),
(1589, 'persons', 'Человек', 2),
(1590, 'persons', 'Persons', 6),
(1591, 'persons', 'Лица', 7),
(1592, 'persons-1', 'Lista de persoane', 1),
(1593, 'persons-1', 'Список лиц', 2),
(1594, 'persons-1', 'List of persons', 6),
(1595, 'persons-1', 'Списък на лица', 7),
(1596, 'person-groups', 'Grupe de persoane', 1),
(1597, 'person-groups', 'Группы лиц', 2),
(1598, 'person-groups', 'Groups of persons', 6),
(1599, 'person-groups', 'Групи лица', 7),
(1600, 'audience', 'Înregistrări pentru audiență', 1),
(1601, 'audience', 'Запись на приём', 2),
(1602, 'audience', 'Register for an appointment', 6),
(1603, 'audience', 'Регистрация за аудиенция', 7),
(1604, 'edit-person-group', 'Editare grup de persoane', 1),
(1605, 'edit-person-group', 'Изменить группу лиц', 2),
(1606, 'edit-person-group', 'Edit group of persons', 6),
(1607, 'edit-person-group', 'Редактиране от група хора', 7),
(1608, 'gname', 'Nume grup', 1),
(1609, 'gname', 'Название групы', 2),
(1610, 'gname', 'Name of group', 6),
(1611, 'gname', 'Име на групата', 7),
(1612, 'gdescription', 'Descriere grup', 1),
(1613, 'gdescription', 'Описание группы', 2),
(1614, 'gdescription', 'Descriprion of group', 6),
(1615, 'gdescription', 'Описание на група', 7),
(1616, 'phone--1', 'Telefon: ', 1),
(1617, 'phone--1', 'Телефон:', 2),
(1618, 'phone--1', 'Telephone:', 6),
(1619, 'phone--1', 'Телефон:', 7),
(1620, 'email--5', 'Email:', 1),
(1621, 'email--5', 'Емейл:', 2),
(1622, 'email--5', 'Email:', 6),
(1623, 'email--5', 'Email:', 7),
(1624, 'birth-date-', 'Data nașterii: ', 1),
(1625, 'birth-date-', 'Дата рождения:', 2),
(1626, 'birth-date-', 'Date of birth:', 6),
(1627, 'birth-date-', 'Дата на раждане', 7),
(1628, 'accesibil-pentru-audienta-', 'Primește cereri de audiență: ', 1),
(1629, 'accesibil-pentru-audienta-', 'Доступный:', 2),
(1630, 'accesibil-pentru-audienta-', 'Aavailable:', 6),
(1631, 'accesibil-pentru-audienta-', 'Достъп към аудиенция:', 7),
(1632, 'feed-', 'Grupă de postări: ', 1),
(1633, 'feed-', 'Группа записей:', 2),
(1634, 'feed-', 'Group of posts:', 6),
(1635, 'feed-', 'Група Публикации:', 7),
(1636, 'user--1', 'Utilizator pentru convorbiri:', 1),
(1637, 'user--1', 'Чат пользователь:', 2),
(1638, 'user--1', 'Conversation user:', 6),
(1639, 'user--1', 'Беседа:', 7),
(1640, 'groups-', 'Grupe de persoane: ', 1),
(1641, 'groups-', 'Группы лиц:', 2),
(1642, 'groups-', 'Groups of persons:', 6),
(1643, 'groups-', 'Групи от хора:', 7),
(1644, 'photo', 'Poza principală: ', 1),
(1645, 'photo', 'Главная фотография:', 2),
(1646, 'photo', 'Main picture:', 6),
(1647, 'photo', 'Основна снимка', 7),
(1648, 'chat-icon', 'Imaginea din chat: ', 1),
(1649, 'chat-icon', 'Фотография чата:', 2),
(1650, 'chat-icon', 'Chat image:', 6),
(1651, 'chat-icon', 'Снимка на чата:', 7),
(1652, 'drag', 'Poziția', 1),
(1653, 'drag', 'Расположение', 2),
(1654, 'drag', 'Position', 6),
(1655, 'drag', 'Позиция', 7),
(1656, 'drag-1', 'Trage', 1),
(1657, 'drag-1', 'Тянуть', 2),
(1658, 'drag-1', 'Drag', 6),
(1659, 'drag-1', 'Изтегли', 7),
(1660, 'nume-3', 'Nume câmp', 1),
(1661, 'nume-3', 'Название поля', 2),
(1662, 'nume-3', 'Field name', 6),
(1663, 'nume-3', 'Име на полето', 7),
(1664, 'lang-2', 'Limba', 1),
(1665, 'lang-2', 'Язык', 2),
(1666, 'lang-2', 'Language', 6),
(1667, 'lang-2', 'Език', 7),
(1668, 'value', 'Valoare', 1),
(1669, 'value', 'Значение', 2),
(1670, 'value', 'Value', 6),
(1671, 'value', 'Стойност', 7),
(1672, 'delete-1', 'Șterge', 1),
(1673, 'delete-1', 'Удалить', 2),
(1674, 'delete-1', 'Delete', 6),
(1675, 'delete-1', 'Изтрий', 7),
(1676, 'no-lang', 'Fără limbă', 1),
(1677, 'no-lang', 'Без языка', 2),
(1678, 'no-lang', 'No language', 6),
(1679, 'no-lang', 'Без език', 7),
(1680, 'create-new-group', 'Creează un grup nou', 1),
(1681, 'create-new-group', 'Создать новую группу', 2),
(1682, 'create-new-group', 'Create new group', 6),
(1683, 'create-new-group', 'Създай нова група', 7),
(1684, 'create-group', 'Creează grup', 1),
(1685, 'create-group', 'Создать группу', 2),
(1686, 'create-group', 'Create group', 6),
(1687, 'create-group', 'Създай група', 7),
(1688, 'name-in', 'Nume în ', 1),
(1689, 'name-in', 'Названия на', 2),
(1690, 'name-in', 'Name in', 6),
(1691, 'name-in', 'В името на', 7),
(1692, 'first-name-', 'Prenume', 1),
(1693, 'first-name-', 'Имя', 2),
(1694, 'first-name-', 'First name', 6),
(1695, 'first-name-', 'Презиме', 7),
(1696, 'last-name-', 'Nume: ', 1),
(1697, 'last-name-', 'Фамилия:', 2),
(1698, 'last-name-', 'Name:', 6),
(1699, 'last-name-', 'Име', 7),
(1700, 'function-', 'Merit: ', 1),
(1701, 'function-', 'Должность:', 2),
(1702, 'function-', 'Job position:', 6),
(1703, 'function-', 'Длъжност:', 7),
(1704, 'civil-state-', 'Stare civilă: ', 1),
(1705, 'civil-state-', 'Гражданское состояние:', 2),
(1706, 'civil-state-', 'Civil status:', 6),
(1707, 'civil-state-', 'Семейно положение:', 7),
(1708, 'studies-', 'Studii: ', 1),
(1709, 'studies-', 'Образование:', 2),
(1710, 'studies-', 'Education:', 6),
(1711, 'studies-', 'Образование:', 7),
(1712, 'activity-', 'Partid: ', 1),
(1713, 'activity-', 'Деятельность:', 2),
(1714, 'activity-', 'Activity:', 6),
(1715, 'activity-', 'Дейност:', 7),
(1716, 'sector-', 'Sector: ', 1),
(1717, 'sector-', 'Сектор:', 2),
(1718, 'sector-', 'Sector: ', 6),
(1719, 'sector-', 'Сектор:', 7),
(1720, 'motto-', 'Deviză: ', 1),
(1721, 'motto-', 'Девиз:', 2),
(1722, 'motto-', 'Motto: ', 6),
(1723, 'motto-', 'Девиз:', 7),
(1724, 'text--1', 'Text: ', 1),
(1725, 'text--1', 'Текст:', 2),
(1726, 'text--1', 'Text: ', 6),
(1727, 'text--1', 'Текст:', 7),
(1728, 'consilier', 'Consilier', 1),
(1729, 'consilier', 'Советник', 2),
(1730, 'consilier', 'Councilor', 6),
(1731, 'consilier', 'Съветник', 7),
(1732, 'name-8', 'Nume', 1),
(1733, 'name-8', 'Фамилия', 2),
(1734, 'name-8', 'Name', 6),
(1735, 'name-8', 'Име', 7),
(1736, 'phone-2', 'Telefon', 1),
(1737, 'phone-2', 'Телефон', 2),
(1738, 'phone-2', 'Telephone', 6),
(1739, 'phone-2', 'Телефон', 7),
(1740, 'email-7', 'Email', 1),
(1741, 'email-7', 'Емейл', 2),
(1742, 'email-7', 'Email', 6),
(1743, 'email-7', 'Email', 7),
(1744, 'date-8', 'Data', 1),
(1745, 'date-8', 'Дата', 2),
(1746, 'date-8', 'Date', 6),
(1747, 'date-8', 'Дата', 7),
(1748, 'general-5', 'General', 1),
(1749, 'general-5', 'Общий', 2),
(1750, 'general-5', 'General', 6),
(1751, 'general-5', 'Общ', 7),
(1752, 'dynamic-fields', 'Câmpuri suplimentare', 1),
(1753, 'dynamic-fields', 'Дополнительные поля', 2),
(1754, 'dynamic-fields', 'Additional fields', 6),
(1755, 'dynamic-fields', 'Допълнителни полета', 7),
(1756, 'polls', 'Sondaje', 1),
(1757, 'polls', 'Опросы', 2),
(1758, 'polls', 'Surveys', 6),
(1759, 'polls', 'Анкети', 7),
(1760, 'poll-form', 'Editare pagină', 1),
(1761, 'poll-form', 'Едитирование страниц', 2),
(1762, 'poll-form', 'Edit form', 6),
(1763, 'poll-form', 'Форма на управление', 7),
(1764, 'general-6', 'General', 1),
(1765, 'general-6', 'Общий', 2),
(1766, 'general-6', 'General', 6),
(1767, 'general-6', 'Общ', 7),
(1768, 'title-7', 'Titlu', 1),
(1769, 'title-7', 'Заголовок', 2),
(1770, 'title-7', 'Title', 6),
(1771, 'title-7', 'Заглавие', 7),
(1772, 'date-created', 'Data creării', 1),
(1773, 'date-created', 'Дата создания', 2),
(1774, 'date-created', 'Date of creation', 6),
(1775, 'date-created', 'Дата на създаване', 7),
(1776, 'enabled-7', 'Vizibilitate:', 1),
(1777, 'enabled-7', 'Активный', 2),
(1778, 'enabled-7', 'Ongoing vote', 6),
(1779, 'enabled-7', 'Активен', 7),
(1780, 'create-new-poll', 'Creează un sondaj nou', 1),
(1781, 'create-new-poll', 'Создать новый опрос', 2),
(1782, 'create-new-poll', 'Create new survey', 6),
(1783, 'create-new-poll', 'Създаване на нова анкета', 7),
(1784, 'active-1', 'Votare activă: ', 1),
(1785, 'active-1', 'Доступный:', 2),
(1786, 'active-1', 'Available on site:', 6),
(1787, 'active-1', 'Предлага се за създаването на:', 7),
(1788, 'delete--1', 'Șterge', 1),
(1789, 'delete--1', 'Удалить', 2),
(1790, 'delete--1', 'Delete', 6),
(1791, 'delete--1', 'Изтрий', 7),
(1792, 'question-', 'Întrebarea sondajului', 1),
(1793, 'question-', 'Вопросы', 2),
(1794, 'question-', 'Questions', 6),
(1795, 'question-', 'Въпроси', 7),
(1796, 'answer', 'Răspunsuri', 1),
(1797, 'answer', 'Ответы', 2),
(1798, 'answer', 'Answers', 6),
(1799, 'answer', 'Отговори', 7),
(1800, 'social-complaints', 'Petiții', 1),
(1801, 'social-complaints', 'Жалобы', 2),
(1802, 'social-complaints', 'Complaints', 6),
(1803, 'social-complaints', 'Жалби', 7),
(1804, 'page-4', 'Pagina', 1),
(1805, 'page-4', 'Страница', 2),
(1806, 'page-4', 'Page', 6),
(1807, 'page-4', 'Страница', 7),
(1808, 'username-2', 'Numele', 1),
(1809, 'username-2', 'Фамилия', 2),
(1810, 'username-2', 'Name', 6),
(1811, 'username-2', 'Име', 7),
(1812, 'email-8', 'Email', 1),
(1813, 'email-8', 'Емейл', 2),
(1814, 'email-8', 'Email', 6),
(1815, 'email-8', 'Email', 7),
(1816, 'address-1', 'Adresă', 1),
(1817, 'address-1', 'Адрес', 2),
(1818, 'address-1', 'Address', 6),
(1819, 'address-1', 'Адрес', 7),
(1820, 'title-8', 'Titlu', 1),
(1821, 'title-8', 'Заголовок', 2),
(1822, 'title-8', 'Title', 6),
(1823, 'title-8', 'Заглавие', 7),
(1824, 'text-3', 'Text', 1),
(1825, 'text-3', 'Текст', 2),
(1826, 'text-3', 'Text', 6),
(1827, 'text-3', 'Текст', 7),
(1828, 'response', 'Răspuns', 1),
(1829, 'response', 'Ответ', 2),
(1830, 'response', 'Answer', 6),
(1831, 'response', 'Отговор', 7),
(1832, 'date-10', 'Dată', 1),
(1833, 'date-10', 'Дата', 2),
(1834, 'date-10', 'Date', 6),
(1835, 'date-10', 'Дата', 7),
(1836, 'private', 'Este public', 1),
(1837, 'private', 'Общественное', 2),
(1838, 'private', 'Public', 6),
(1839, 'private', 'Публичен', 7),
(1840, 'enabled-8', 'Activ', 1),
(1841, 'enabled-8', 'Активный', 2),
(1842, 'enabled-8', 'Active', 6),
(1843, 'enabled-8', 'Активен', 7),
(1844, 'vars', 'Variabile', 1),
(1845, 'vars', 'Переменные', 2),
(1846, 'vars', 'Variables', 6),
(1847, 'vars', 'са променливи', 7),
(1848, 'key', 'Codul variabilei', 1),
(1849, 'key', 'Ключ перемен', 2),
(1850, 'key', 'Variable key', 6),
(1851, 'key', 'Ключ променливите', 7),
(1852, 'name-9', 'Denumirea', 1),
(1853, 'name-9', 'Название', 2),
(1854, 'name-9', 'Name', 6),
(1855, 'name-9', 'Име', 7),
(1856, 'action-2', 'Acțiune', 1),
(1857, 'action-2', 'Действие', 2),
(1858, 'action-2', 'Action', 6),
(1859, 'action-2', 'Действие', 7),
(1860, 'no-vars', 'Nu sunt variabile', 1),
(1861, 'no-vars', 'Нет переменых', 2),
(1862, 'no-vars', 'No variables', 6),
(1863, 'no-vars', 'Не са променливи', 7),
(1864, 'delete-user', 'Ștergeți acest utilizator?', 1),
(1865, 'delete-user', 'Удалить этого пользователя?', 2),
(1866, 'delete-user', 'Delete this user?', 6),
(1867, 'delete-user', 'Искате ли да премахнете този потребител?', 7),
(1868, 'allow-pcomment', 'Activează comentarea textului', 1),
(1869, 'allow-pcomment', 'Активировать комментирование текста', 2),
(1870, 'allow-pcomment', 'Activate comments on text', 6),
(1871, 'allow-pcomment', 'Активиране на коментиране на текста', 7),
(1872, 'hovecomments', 'Activează comentariile', 1),
(1873, 'hovecomments', 'Активировать комментарии', 2),
(1874, 'hovecomments', 'Activate comments', 6),
(1875, 'hovecomments', 'Активиране на коментарите', 7),
(1876, 'havesocials', 'Activează rețelele sociale', 1),
(1877, 'havesocials', 'Активировать социальные сети', 2),
(1878, 'havesocials', 'Activate social netwoirks+A2204', 6),
(1879, 'havesocials', 'Активиране на социалните мрежи', 7),
(1880, 'editfiledetails', 'Editează detaliile despre fișier', 1),
(1881, 'editfiledetails', 'Редактировать информацию о файле ', 2),
(1882, 'editfiledetails', 'Edit file details', 6),
(1883, 'editfiledetails', 'Редактирайте информацията за файла', 7),
(1884, 'save-1', 'Salvează', 1),
(1885, 'save-1', 'Сохранить', 2),
(1886, 'save-1', 'Save', 6),
(1887, 'save-1', 'Запазете', 7),
(1888, 'is-alert', 'Este alertă', 1),
(1889, 'is-alert', 'Есть уведомление', 2),
(1890, 'is-alert', 'There is an alert', 6),
(1891, 'is-alert', 'Има уведомление', 7),
(1892, 'data-expirarii-alertei', 'Data expirării alertei', 1),
(1893, 'data-expirarii-alertei', 'Дата окончания срока действия уведомления', 2),
(1894, 'data-expirarii-alertei', 'Alert expiry date', 6),
(1895, 'data-expirarii-alertei', 'Дата на изтичане на уведомлението', 7),
(1896, 'website-activ', 'Website activ:', 1),
(1897, 'website-activ', 'Интернет-сайт активный:', 2),
(1898, 'website-activ', 'Website active:', 6),
(1899, 'website-activ', 'Уебсайт активен:', 7),
(1900, 'pentru-a-accesa-website-ul-folositi-linkul', 'Pentru a accesa website-ul folosiți linkul:', 1),
(1901, 'pentru-a-accesa-website-ul-folositi-linkul', 'Для доступа к интернет-сайту воспользуйтесь ссылкой:', 2),
(1902, 'pentru-a-accesa-website-ul-folositi-linkul', 'For the access to the website follow the link:', 6),
(1903, 'pentru-a-accesa-website-ul-folositi-linkul', 'За да получите достъп до уебсайта, исползвайте линк:', 7),
(1904, 'click-aici', 'click aici', 1),
(1905, 'click-aici', 'нажмите здесь', 2),
(1906, 'click-aici', 'click here', 6),
(1907, 'click-aici', 'натиснете тук', 7),
(1908, 'template-set', 'Setări șablon', 1),
(1909, 'template-set', 'Настройки шаблона', 2),
(1910, 'template-set', 'Template settings', 6),
(1911, 'template-set', 'Настройките на шаблона', 7),
(1912, 'template-2', 'Șablon Frontend:', 1),
(1913, 'template-2', 'Шаблон фронтенда:', 2),
(1914, 'template-2', 'Frontend template:', 6),
(1915, 'template-2', 'Шаблон на фронтенд:', 7),
(1916, 'template-b', 'Șablon Backend:', 1),
(1917, 'template-b', 'Шаблон бэкенда:', 2),
(1918, 'template-b', 'Backend template:', 6),
(1919, 'template-b', 'Шаблон на бекенд:', 7),
(1920, 'stiri', 'Noutățile primăriei', 1),
(1921, 'stiri', 'Новости', 2),
(1922, 'stiri', 'News', 6),
(1923, 'stiri', 'Новини', 7),
(1924, 'template-4', 'Teme', 1),
(1925, 'template-4', 'Темы', 2),
(1926, 'template-4', 'Themes', 6),
(1927, 'template-4', 'Темите', 7),
(1928, 'confirm-tpl', 'Sigur doriți să ștergeți acest șablon?', 1),
(1929, 'confirm-tpl', 'Вы действительно хотите удалить этот шаблон?', 2),
(1930, 'confirm-tpl', 'Do you really want to delete this template?', 6),
(1931, 'confirm-tpl', 'Наистина ли искате да изтриете този шаблон?', 7),
(1932, 'upload-new-template', 'încarcă un șablon nou', 1),
(1933, 'upload-new-template', 'загрузить новый шаблон', 2),
(1934, 'upload-new-template', 'load newq template', 6),
(1935, 'upload-new-template', 'сваляне на нов шаблон', 7),
(1936, 'invalid-file', 'Fișier invalid', 1),
(1937, 'invalid-file', 'Неправильный файл', 2),
(1938, 'invalid-file', 'Invalid file', 6),
(1939, 'invalid-file', 'Невалиден файл', 7),
(1940, 'invalid-zip', 'Arhivă invalidă', 1),
(1941, 'invalid-zip', 'Неправильный архив', 2),
(1942, 'invalid-zip', 'Wrong archive', 6),
(1943, 'invalid-zip', 'Невалиден архив', 7),
(1944, 'installphp-is-required', 'Fișierul install.php este obligatoriu', 1),
(1945, 'installphp-is-required', 'Файл install.php является обязательным', 2),
(1946, 'installphp-is-required', 'Install.php file is required', 6),
(1947, 'installphp-is-required', 'Присътствие на файл install.php е задължително', 7),
(1948, 'undefined-app-name', 'Numele aplicației este nedefinit', 1),
(1949, 'undefined-app-name', 'Название приложения не определено', 2),
(1950, 'undefined-app-name', 'Application''s name is not defined', 6),
(1951, 'undefined-app-name', 'Името на приложението е неопределено', 7),
(1952, 'undefined-template-name-or-already-exists', 'Șablon nedefinit sau deja existent', 1),
(1953, 'undefined-template-name-or-already-exists', 'Шаблон неопределён или уже существует', 2),
(1954, 'undefined-template-name-or-already-exists', 'Undefined template or template already exists', 6),
(1955, 'undefined-template-name-or-already-exists', 'Шаблон неопределен или вече съществува', 7),
(1956, 'template-not-found-in-zip', 'Tema nu a fost găsită în arhivă', 1),
(1957, 'template-not-found-in-zip', 'Тема не найдена в архиве', 2),
(1958, 'template-not-found-in-zip', 'Theme was not found in archive', 6),
(1959, 'template-not-found-in-zip', 'Темата не е намерена в архива', 7),
(1960, 'tpl-succeful', 'Tema a fost instalată', 1),
(1961, 'tpl-succeful', 'Тема установлена', 2),
(1962, 'tpl-succeful', 'Theme successfully installed', 6),
(1963, 'tpl-succeful', 'Темата е инсталирана', 7),
(1964, 'template-deleted', 'Șablonul a fost șters cu succes', 1),
(1965, 'template-deleted', 'Шаблон был успешно удалён', 2),
(1966, 'template-deleted', 'Template deleted seccessfully ', 6),
(1967, 'template-deleted', 'Шаблонът е изтрит успешно', 7),
(1968, 'template-not-found-1', 'Tema nu a fost găsită', 1),
(1969, 'template-not-found-1', 'Тема не найдена', 2),
(1970, 'template-not-found-1', 'Theme was not found', 6),
(1971, 'template-not-found-1', 'Темата не е намерена', 7),
(1972, 'alerte', 'alerte!', 1),
(1973, 'alerte', 'уведомления!', 2),
(1974, 'alerte', 'alerts!', 6),
(1975, 'alerte', 'уведомления!', 7),
(1976, 'confirm-alert', 'Am facut cunoștință', 1),
(1977, 'confirm-alert', 'Я ознакомился', 2),
(1978, 'confirm-alert', 'I have read and acknowledged', 6),
(1979, 'confirm-alert', 'Запознах се', 7),
(1980, 'general-7', 'General', 1),
(1981, 'general-7', 'Общее', 2),
(1982, 'general-7', 'General', 6),
(1983, 'general-7', 'Общо', 7),
(1984, 'aparenta', 'Aspect', 1),
(1985, 'aparenta', 'Внешний вид', 2),
(1986, 'aparenta', 'Appearance', 6),
(1987, 'aparenta', 'Външният вид', 7),
(1988, 'location-1', 'Locația', 1),
(1989, 'location-1', 'Месторасположение', 2),
(1990, 'location-1', 'Location', 6),
(1991, 'location-1', 'Местоположение', 7),
(1992, 'comments', 'Comentarii', 1),
(1993, 'comments', 'Комментарии', 2),
(1994, 'comments', 'Comments', 6),
(1995, 'comments', 'Коментарите', 7),
(1996, 'inca', 'Mentenanță', 1),
(1997, 'inca', 'Техническое обслуживание', 2),
(1998, 'inca', 'Maintenance', 6),
(1999, 'inca', 'Техническа поддръжка', 7),
(2000, 'sitename', 'Denumire site', 1),
(2001, 'sitename', 'Наименование сайта', 2),
(2002, 'sitename', 'Site name', 6),
(2003, 'sitename', 'Името на сайта', 7),
(2004, 'cachelife', 'Memoria cash expira în (min):', 1),
(2005, 'cachelife', 'Кэш-память закончится через (минут):', 2),
(2006, 'cachelife', 'Cash-memory expires in (min):', 6),
(2007, 'cachelife', 'Кеш-памет изтича след (минути):', 7),
(2008, 'disqus-shortname', 'Utilizatorul Disqus', 1),
(2009, 'disqus-shortname', 'Пользователь Disqus', 2),
(2010, 'disqus-shortname', 'Disqus usser', 6),
(2011, 'disqus-shortname', 'Потребител Disqus', 7),
(2012, 'ment-text', 'Text mentenanță:', 1),
(2013, 'ment-text', 'Обработка текстов:', 2),
(2014, 'ment-text', 'Text maintenance:', 6),
(2015, 'ment-text', 'Текстообработка:', 7),
(2016, 'home-logo-in-', 'Logo pentru', 1),
(2017, 'home-logo-in-', 'Логотип для', 2),
(2018, 'home-logo-in-', 'Logo for', 6),
(2019, 'home-logo-in-', 'Лого за', 7),
(2020, 'home-logo-small', 'Logo mic', 1),
(2021, 'home-logo-small', 'Небольшое лого', 2),
(2022, 'home-logo-small', 'Small logo', 6),
(2023, 'home-logo-small', 'Малкото лого', 7),
(2024, 'logo', 'Logo', 1),
(2025, 'logo', 'Логотип', 2),
(2026, 'logo', 'Logo', 6),
(2027, 'logo', 'Лого', 7),
(2028, 'favicon', 'Favicon', 1),
(2029, 'favicon', 'Favicon', 2),
(2030, 'favicon', 'Favicon', 6),
(2031, 'favicon', 'Favicon', 7),
(2032, 'map', 'Harta', 1),
(2033, 'map', 'Карта', 2),
(2034, 'map', 'Map', 6),
(2035, 'map', 'Картата', 7),
(2036, 'create-new-gallery', 'Creează o galerie nouă', 1),
(2037, 'create-new-gallery', 'Создать новую галерею', 2),
(2038, 'create-new-gallery', 'Create new gallery', 6),
(2039, 'create-new-gallery', 'Създаване на новата галерия', 7),
(2040, 'page-5', 'Pagina', 1),
(2041, 'page-5', 'Страница', 2),
(2042, 'page-5', 'Page', 6),
(2043, 'page-5', 'Страница', 7),
(2044, 'restore', 'Restaurează postarea', 1),
(2045, 'restore', 'Восстановление публикации', 2),
(2046, 'restore', 'Recover post', 6),
(2047, 'restore', 'Възстановяване на публикацията', 7),
(2048, 'trash-1', 'Aruncă în coșul de gunoi', 1),
(2049, 'trash-1', 'Удалить в корзину', 2),
(2050, 'trash-1', 'Delete in recycle bin', 6),
(2051, 'trash-1', 'Преместване в кошницата', 7),
(2052, 'delete-this-post', 'Șterge această postare?', 1),
(2053, 'delete-this-post', 'Стереть этот пост?', 2),
(2054, 'delete-this-post', 'Delete this post?', 6),
(2055, 'delete-this-post', 'Изтриване на този пост?', 7),
(2056, 'delete-this-post-1', 'Șterge definitiv', 1),
(2057, 'delete-this-post-1', 'Удалить окончательно', 2),
(2058, 'delete-this-post-1', 'Delete completely', 6),
(2059, 'delete-this-post-1', 'Окончателното изтриване', 7),
(2060, 'view-sub', 'Vezi subvariabilele', 1),
(2061, 'view-sub', 'См. подпеременные', 2),
(2062, 'view-sub', 'Ref. subvariables', 6),
(2063, 'view-sub', 'Виж подпроменливите', 7),
(2064, 'key-1', 'Cheie', 1),
(2065, 'key-1', 'Ключ', 2),
(2066, 'key-1', 'Key', 6),
(2067, 'key-1', 'Ключ', 7),
(2068, 'text-in-', '', 1),
(2069, 'text-in-', 'Текст в', 2),
(2070, 'text-in-', 'Text in', 6),
(2071, 'text-in-', 'Текст във', 7),
(2072, 'create-10', 'Creează variabilă', 1),
(2073, 'create-10', 'Создать переменную', 2),
(2074, 'create-10', 'Create variable', 6),
(2075, 'create-10', 'Създаването на променлива', 7),
(2076, 'create-new-var', 'Creează o variabilă nouă', 1),
(2077, 'create-new-var', 'Создать новую переменную', 2),
(2078, 'create-new-var', 'Create new variable', 6),
(2079, 'create-new-var', 'Създаването на нова променлива ', 7),
(2080, 'firechat-settings', 'Setări Firechat', 1),
(2081, 'firechat-settings', 'Настройки Firechat', 2),
(2082, 'firechat-settings', 'Firechat settings', 6),
(2083, 'firechat-settings', 'Настройките на Firechat', 7),
(2084, 'firechat-host', 'Chat host', 1),
(2085, 'firechat-host', 'Chat host', 2),
(2086, 'firechat-host', 'Chat host', 6),
(2087, 'firechat-host', 'Chat host', 7),
(2088, 'module-edit', 'Editează', 1),
(2089, 'module-edit', 'Редактировать', 2),
(2090, 'module-edit', 'Edit', 6),
(2091, 'module-edit', 'Редактиране', 7),
(2092, 'event-list', 'Lista de evenimente', 1),
(2093, 'event-list', 'Список мероприятий', 2),
(2094, 'event-list', 'List of events', 6),
(2095, 'event-list', 'Списък на мероприятията', 7),
(2096, 'event-group', 'Grupe de evenimente', 1),
(2097, 'event-group', 'Группы мероприятий', 2),
(2098, 'event-group', 'Groups of events', 6),
(2099, 'event-group', 'Групите на мероприятията', 7),
(2100, 'count', 'Numără', 1),
(2101, 'count', 'Считать', 2),
(2102, 'count', 'Count', 6),
(2103, 'count', 'Броене', 7),
(2104, 'add-answer', 'Adaugă un răspuns', 1),
(2105, 'add-answer', 'Добавить ответ', 2),
(2106, 'add-answer', 'Add reply', 6),
(2107, 'add-answer', 'Добави отговор', 7),
(2108, 'new-person', 'Persoană nouă', 1),
(2109, 'new-person', 'Новое лицо ', 2),
(2110, 'new-person', 'New person', 6),
(2111, 'new-person', 'Нов персонаж', 7),
(2112, 'answer-in-', 'Răspuns în', 1),
(2113, 'answer-in-', 'Ответ в', 2),
(2114, 'answer-in-', 'Answer in', 6),
(2115, 'answer-in-', 'Отговор във', 7),
(2116, 'edit-answer', 'Editare răspuns', 1),
(2117, 'edit-answer', 'Редактировать ответ', 2),
(2118, 'edit-answer', 'Edit reply', 6),
(2119, 'edit-answer', 'Редактиране на отговора', 7),
(2120, 'send-2', 'Votează', 1),
(2121, 'send-2', 'Голосовать', 2),
(2122, 'send-2', 'Vote', 6),
(2123, 'send-2', 'Гласуването', 7),
(2124, 'answers', 'Răspunsuri', 1),
(2125, 'answers', 'Ответы', 2),
(2126, 'answers', 'Replies', 6),
(2127, 'answers', 'Отговорите', 7),
(2128, 'delete-answer', 'Șterge răspuns', 1),
(2129, 'delete-answer', 'Удалить ответ', 2),
(2130, 'delete-answer', 'Delete reply', 6),
(2131, 'delete-answer', 'Изтриване на отговора', 7),
(2132, 'delete-confirm', 'Ștergeți acest răspuns?', 1),
(2133, 'delete-confirm', 'Удалить этот ответ?', 2),
(2134, 'delete-confirm', 'Delete this reply?', 6),
(2135, 'delete-confirm', 'Искате ли да изтриете този отговор?', 7),
(2136, 'filemanager', 'Manager de fișiere', 1),
(2137, 'filemanager', 'Файловый менеджер', 2),
(2138, 'filemanager', 'Filemanager', 6),
(2139, 'filemanager', 'Файлменеджер', 7),
(2140, 'inserare-cod-pentru-statistica', 'Inserare cod pentru statistica', 1),
(2141, 'inserare-cod-pentru-statistica', 'Вставьте код для статистики', 2),
(2142, 'inserare-cod-pentru-statistica', 'Insert code for statistics', 6),
(2143, 'inserare-cod-pentru-statistica', 'Поставете код за статистика', 7),
(2144, 'statistica', 'Statistica', 1),
(2145, 'statistica', 'Статистика', 2),
(2146, 'statistica', 'Statistic', 6),
(2147, 'statistica', 'Статистика', 7),
(2148, 'limbi', 'Limbi', 1),
(2149, 'limbi', 'Языки', 2),
(2150, 'limbi', 'Languages', 6),
(2151, 'limbi', 'Езици', 7),
(2152, 'limba-implicita', 'Limba implicită:', 1),
(2153, 'limba-implicita', 'Язык по умолчанию:', 2),
(2154, 'limba-implicita', 'Default language:', 6),
(2155, 'limba-implicita', 'Премахване на език:', 7),
(2156, 'limbi-disponibile', 'Limbi disponibile:', 1),
(2157, 'limbi-disponibile', 'Доступные языки:', 2),
(2158, 'limbi-disponibile', 'Available languages ', 6),
(2159, 'limbi-disponibile', 'Валидни езици', 7),
(2160, 'name-10', 'Denumirea', 1),
(2161, 'name-10', 'Название', 2),
(2162, 'name-10', 'Name', 6),
(2163, 'name-10', 'Име', 7),
(2164, 'ext-1', 'Extensie', 1),
(2165, 'ext-1', 'Аббревиатура', 2),
(2166, 'ext-1', 'Abbreviation', 6),
(2167, 'ext-1', 'Aбревиатура', 7),
(2168, 'enabled-9', 'Activă', 1),
(2169, 'enabled-9', 'Включено', 2),
(2170, 'enabled-9', 'Enabled', 6),
(2171, 'enabled-9', 'Активен', 7),
(2172, 'manage', 'Editează', 1),
(2173, 'manage', 'Изменить', 2),
(2174, 'manage', 'Edit ', 6),
(2175, 'manage', 'Редактиране', 7),
(2176, 'cover', 'Poză principală', 1),
(2177, 'cover', 'Основное фото', 2),
(2178, 'cover', 'Main picture', 6),
(2179, 'cover', 'Основна картина', 7),
(2180, 'abonat', 'Abonat', 1),
(2181, 'abonat', 'Подписан', 2),
(2182, 'abonat', 'Subscribed', 6),
(2183, 'abonat', 'Записан', 7),
(2184, 'dezabonat', 'Dezabonat', 1),
(2185, 'dezabonat', 'Отписан', 2),
(2186, 'dezabonat', 'Unsubscribed', 6),
(2187, 'dezabonat', 'Отказан', 7),
(2188, 'aprt-primariei', 'Contacte utile', 1),
(2189, 'aprt-primariei', 'Сотрудники примэрии', 2),
(2190, 'aprt-primariei', 'Town hall staff', 6),
(2191, 'aprt-primariei', 'Администрация на кметството', 7);
INSERT INTO `apl_var_lang` (`id`, `var_key`, `value`, `lang_id`) VALUES
(2192, 'icon-big', 'Iconiță mare meniu pagina principală', 1),
(2193, 'icon-big', 'Главый значок для  домашней страницы', 2),
(2194, 'icon-big', 'Big icon for home page menu', 6),
(2195, 'icon-big', 'Главна икона для  домашна страница', 7),
(2196, 'icon-2', 'Inconiță meniu', 1),
(2197, 'icon-2', 'Иконка', 2),
(2198, 'icon-2', 'Menu icon', 6),
(2199, 'icon-2', 'Меню на иконата', 7),
(2200, 'icon-activ', 'Iconiță meniu activă', 1),
(2201, 'icon-activ', 'Активная иконка меню', 2),
(2202, 'icon-activ', 'Active menu icon', 6),
(2203, 'icon-activ', 'Активно меню на иконата', 7),
(2204, 'background', 'Fundalul paginii', 1),
(2205, 'background', 'Фон страницы', 2),
(2206, 'background', 'Page background', 6),
(2207, 'background', 'Страница за фон', 7),
(2208, 'chat-erro', 'Ne cerem scuze, la moment nu e nimeni on-line. Pentru detalii privitor la programul de audiența on-line vă rugăm să accesați pagina ', 1),
(2209, 'chat-erro', 'К сожалению, на данный момент нет никого онлайн. Подробнее про часы приема онлайн пожалуйста зайдите на страницу', 2),
(2210, 'chat-erro', 'Sorry, for the moment there is nobody online. For details regaridng the online hours of audience please see the page ', 6),
(2211, 'chat-erro', 'Съжеляваме, в момента никой не е онлайн. За повече информация и часовете за прием, моля гледайте интернет страницата ', 7),
(2212, 'chat-erro-no', 'Orarul audierilor', 1),
(2213, 'chat-erro-no', 'График приема граждан', 2),
(2214, 'chat-erro-no', 'Citizen consultation schedule', 6),
(2215, 'chat-erro-no', 'Приемни дни на граждани', 7),
(2216, 'search-vars', 'Căutare variabile', 1),
(2217, 'search-vars', 'Поиск переменных', 2),
(2218, 'search-vars', 'Search variables', 6),
(2219, 'search-vars', 'Търсене на действие', 7),
(2220, 'ord-2', 'Ordinea', 1),
(2221, 'ord-2', 'Порядок', 2),
(2222, 'ord-2', 'Order', 6),
(2223, 'ord-2', 'Ред', 7),
(2224, 'edit-person-1', 'Editare persoană', 1),
(2225, 'edit-person-1', 'Редактирование профиля лица', 2),
(2226, 'edit-person-1', 'Edit person''s profile', 6),
(2227, 'edit-person-1', 'Редактиране на личния профил', 7),
(2228, 'your-message', 'Mesajul dvs:', 1),
(2229, 'your-message', 'Ваше сообщение:', 2),
(2230, 'your-message', 'Your message:', 6),
(2231, 'your-message', 'Вашето съобщение:', 7),
(2232, 'type-your-message', 'Inserați mesajul aici…', 1),
(2233, 'type-your-message', 'Текст сообщения …', 2),
(2234, 'type-your-message', 'Type your message here…', 6),
(2235, 'type-your-message', 'Напишете съобщението си тук…', 7),
(2236, 'submit-1', 'Abonare', 1),
(2237, 'submit-1', 'Подписаться', 2),
(2238, 'submit-1', 'Subscribe', 6),
(2239, 'submit-1', 'Регистрирайте се', 7),
(2240, 'total', 'Total', 1),
(2241, 'total', 'Всего', 2),
(2242, 'total', 'Total', 6),
(2243, 'total', 'Всичко', 7),
(2244, 'all-acts', 'Toate actele locale', 1),
(2245, 'all-acts', 'Все местные документы', 2),
(2246, 'all-acts', 'All local documents', 6),
(2247, 'all-acts', 'Всички местни актове', 7),
(2264, 'sedinta-din-data-de-', 'Ședinta din data de ', 1),
(2265, 'sedinta-din-data-de-', 'Заседание от', 2),
(2266, 'sedinta-din-data-de-', 'Session from', 6),
(2267, 'sedinta-din-data-de-', 'Среща на', 7),
(2268, 'raspuns', 'RĂSPUNS', 1),
(2269, 'raspuns', 'ОТВЕТ', 2),
(2270, 'raspuns', 'ANSWER', 6),
(2271, 'raspuns', 'ОТГОВОР', 7),
(2272, 'grupa-de-postari', 'Grupa de postări:', 1),
(2273, 'grupa-de-postari', 'Группа публикаций', 2),
(2274, 'grupa-de-postari', 'Group of posts', 6),
(2275, 'grupa-de-postari', 'Група публикации', 7),
(2276, 'numele-de-utilizator-nu-a-fost-atribuit-unei-persoane', 'Numele de utilizator nu a fost atribuit unei persoane.', 1),
(2277, 'numele-de-utilizator-nu-a-fost-atribuit-unei-persoane', 'Имя пользователя не было приписано к какому-то лицу', 2),
(2278, 'numele-de-utilizator-nu-a-fost-atribuit-unei-persoane', 'Username was not attributed to a person', 6),
(2279, 'numele-de-utilizator-nu-a-fost-atribuit-unei-persoane', 'Потребителското име не е било преписано на някакво лице', 7),
(2280, 'firebase-secrets-key', 'CHEIE SECRTETĂ DIN FIREBASE', 1),
(2281, 'firebase-secrets-key', 'СЕКРЕТНЫЙ КЛЮЧ FIREBASE', 2),
(2282, 'firebase-secrets-key', 'FIREBASE SECRET KEY', 6),
(2283, 'firebase-secrets-key', 'СЕКРЕТЕН КЛЮЧ FIREBASE', 7),
(2284, 'salveaza-modificarile', 'Salvează modificările', 1),
(2285, 'salveaza-modificarile', 'Сохранить изменения', 2),
(2286, 'salveaza-modificarile', 'Save changes', 6),
(2287, 'salveaza-modificarile', 'Запазване на промените', 7),
(2288, 'doriti-sa-salvati-modificarile', 'Doriți să salvați modificările?', 1),
(2289, 'doriti-sa-salvati-modificarile', 'Сохранить изменения?', 2),
(2290, 'doriti-sa-salvati-modificarile', 'Save changes?', 6),
(2291, 'doriti-sa-salvati-modificarile', 'Да запазя промените?', 7),
(2292, 'delete-person', 'Șterge persoana', 1),
(2293, 'delete-person', 'Удалить пользователя', 2),
(2294, 'delete-person', 'Delete person', 6),
(2295, 'delete-person', 'Премахни потребителя', 7),
(2296, 'confirm-person-delete', 'Sigur dorești să o ștergi?', 1),
(2297, 'confirm-person-delete', 'Вы уверенны что желаете удалить?', 2),
(2298, 'confirm-person-delete', 'Are you sure you want to delete this?', 6),
(2299, 'confirm-person-delete', 'Сигурни ли сте, че желаете да изтриете това?', 7),
(2300, 'invalid-sondaj', 'Nu sunt suficiente variante de răspuns.', 1),
(2301, 'invalid-sondaj', 'Недостаточно возможных ответов.', 2),
(2302, 'invalid-sondaj', 'Not enough possible answers.', 6),
(2303, 'invalid-sondaj', 'Не са достатъчни възможни отговори', 7),
(2304, 'consultare-activa', 'Consultare activă', 1),
(2305, 'consultare-activa', 'Консультирование активно', 2),
(2306, 'consultare-activa', 'Ongoing consultation', 6),
(2307, 'consultare-activa', 'Консултациите са активни', 7),
(2308, 'consultare-inchisa', 'Consultare închisă', 1),
(2309, 'consultare-inchisa', 'Консультирование закончено', 2),
(2310, 'consultare-inchisa', 'Consultation closed', 6),
(2311, 'consultare-inchisa', 'Консултациите са завършени', 7),
(2312, 'confirm-delete-feed', 'Sigur doriți să ștergeți grupa?', 1),
(2313, 'confirm-delete-feed', 'Вы уверенны что желаете удалить группу?', 2),
(2314, 'confirm-delete-feed', 'Are you sure you want to delete the group?', 6),
(2315, 'confirm-delete-feed', 'Сигурни ли сте, че желаете да изтриете група?', 7),
(2316, 'delete-group', 'Șterge grupă', 1),
(2317, 'delete-group', 'Удалить группу', 2),
(2318, 'delete-group', 'Delete Group', 6),
(2319, 'delete-group', 'Премахни групата', 7),
(2320, 'stat-chat', 'Începe conversația', 1),
(2321, 'stat-chat', 'Начать разговор', 2),
(2322, 'stat-chat', 'Begin chat', 6),
(2323, 'stat-chat', 'Започнете разговора', 7),
(2324, 'apply', 'Aplică', 1),
(2325, 'apply', 'Применить', 2),
(2326, 'apply', 'Apply', 6),
(2327, 'apply', 'Прилагай', 7),
(2328, 'subscribe-1', 'Înscrie-te', 1),
(2329, 'subscribe-1', 'Записаться', 2),
(2330, 'subscribe-1', 'Sign-up', 6),
(2331, 'subscribe-1', 'Запише се', 7),
(2332, 'send-3', 'Trimite', 1),
(2333, 'send-3', 'Отправить', 2),
(2334, 'send-3', 'Send', 6),
(2335, 'send-3', 'Изпрати', 7),
(2336, 'repetare', 'Repetare', 1),
(2337, 'repetare', 'Повторения', 2),
(2338, 'repetare', 'Repeat', 6),
(2339, 'repetare', 'Повторение', 7),
(2340, 'fara-repetare', 'Fără repetare', 1),
(2341, 'fara-repetare', 'Без повторения', 2),
(2342, 'fara-repetare', 'Without Repeat', 6),
(2343, 'fara-repetare', 'Без повторение', 7),
(2344, 'eveniment-atasat-la-persoana', 'Eveniment atașat la persoană:', 1),
(2345, 'eveniment-atasat-la-persoana', 'Событие прикреплены к лицу:', 2),
(2346, 'eveniment-atasat-la-persoana', 'Event attached to the person:', 6),
(2347, 'eveniment-atasat-la-persoana', 'Събитие прикрепен към лицето:', 7),
(2348, 'locatie', 'Locație:', 1),
(2349, 'locatie', 'Местонахождение:', 2),
(2350, 'locatie', 'Where:', 6),
(2351, 'locatie', 'Местоположение', 7),
(2352, 'creeaza-eveniment-in-calendar', 'Creează eveniment în calendar:', 1),
(2353, 'creeaza-eveniment-in-calendar', 'Создай события в календарь:', 2),
(2354, 'creeaza-eveniment-in-calendar', 'Create an event to your calendar:', 6),
(2355, 'creeaza-eveniment-in-calendar', 'Създаване на събитие в календара:', 7),
(2356, 'nu-5', 'Nu', 1),
(2357, 'nu-5', 'Нет', 2),
(2358, 'nu-5', 'No', 6),
(2359, 'nu-5', 'Нет', 7),
(2360, 'da-15', 'Da', 1),
(2361, 'da-15', 'Да', 2),
(2362, 'da-15', 'Yes', 6),
(2363, 'da-15', 'Да', 7),
(2364, 'evenimente', 'Evenimente', 1),
(2365, 'evenimente', 'События', 2),
(2366, 'evenimente', 'Events', 6),
(2367, 'evenimente', 'Събитие', 7),
(2368, 'incepe-discutia', 'Începe discuția', 1),
(2369, 'incepe-discutia', 'Начять дискуссию', 2),
(2370, 'incepe-discutia', 'Start Chat', 6),
(2371, 'incepe-discutia', 'Започнете дискусия', 7),
(2372, 'help', 'Ajutor', 1),
(2373, 'help', 'Помощь', 2),
(2374, 'help', 'Help', 6),
(2375, 'help', 'Помощ', 7),
(2376, 'access-link', 'Link de acces', 1),
(2377, 'access-link', 'ссылка', 2),
(2378, 'access-link', 'Access link', 6),
(2379, 'access-link', 'връзка', 7),
(2380, 'order-2', 'Aranjare', 1),
(2381, 'order-2', 'Порядок', 2),
(2382, 'order-2', 'Order', 6),
(2383, 'order-2', 'Процедурата', 7),
(2384, 'status', 'Status', 1),
(2385, 'status', 'Cтатус', 2),
(2386, 'status', 'Status', 6),
(2387, 'status', 'Status', 7);




/*!40101 SET CHARACTER_SET_CLIENT=@OLD_CHARACTER_SET_CLIENT */;
/*!40101 SET CHARACTER_SET_RESULTS=@OLD_CHARACTER_SET_RESULTS */;
/*!40101 SET COLLATION_CONNECTION=@OLD_COLLATION_CONNECTION */;
