-- phpMyAdmin SQL Dump
-- version 3.4.11.1deb2+deb7u1
-- http://www.phpmyadmin.net
--
-- Host: localhost
-- Generation Time: Oct 20, 2014 at 03:12 AM
-- Server version: 5.5.37
-- PHP Version: 5.4.4-14+deb7u12

SET SQL_MODE="NO_AUTO_VALUE_ON_ZERO";
SET time_zone = "+00:00";


/*!40101 SET @OLD_CHARACTER_SET_CLIENT=@@CHARACTER_SET_CLIENT */;
/*!40101 SET @OLD_CHARACTER_SET_RESULTS=@@CHARACTER_SET_RESULTS */;
/*!40101 SET @OLD_COLLATION_CONNECTION=@@COLLATION_CONNECTION */;
/*!40101 SET NAMES utf8 */;

--
-- Database: `c1lpa`
--

-- --------------------------------------------------------

--
-- Table structure for table `apl_acte`
--

DROP TABLE IF EXISTS `apl_acte`;
CREATE TABLE IF NOT EXISTS `apl_acte` (
  `id` int(11) NOT NULL AUTO_INCREMENT,
  `doc_nr` varchar(50) NOT NULL,
  `title` varchar(500) NOT NULL,
  `type` enum('Dispoziție','Decizie') NOT NULL DEFAULT 'Decizie',
  `date_upload` timestamp NOT NULL DEFAULT CURRENT_TIMESTAMP,
  `emitent` enum('Primaria','Consiliu Local') NOT NULL,
  PRIMARY KEY (`id`)
) ENGINE=InnoDB  DEFAULT CHARSET=utf8 AUTO_INCREMENT=4 ;

--
-- Dumping data for table `apl_acte`
--

INSERT INTO `apl_acte` (`id`, `doc_nr`, `title`, `type`, `date_upload`, `emitent`) VALUES
(1, '12/43', 'dfgdsgfdgfdgffgdert', 'Dispoziție', '2014-10-09 02:57:50', 'Primaria'),
(2, '101', 'gdfgdfgdfgdf gdgd', 'Decizie', '2014-10-03 12:19:24', 'Primaria'),
(3, '123', 'Nike Aix Max 90 VT', 'Decizie', '2014-10-03 12:19:44', 'Primaria');

-- --------------------------------------------------------

--
-- Table structure for table `apl_calendar_group`
--

DROP TABLE IF EXISTS `apl_calendar_group`;
CREATE TABLE IF NOT EXISTS `apl_calendar_group` (
  `id` int(11) NOT NULL AUTO_INCREMENT,
  `name` varchar(250) NOT NULL,
  `date_created` timestamp NOT NULL DEFAULT CURRENT_TIMESTAMP,
  PRIMARY KEY (`id`)
) ENGINE=InnoDB  DEFAULT CHARSET=utf8 AUTO_INCREMENT=3 ;

--
-- Dumping data for table `apl_calendar_group`
--

INSERT INTO `apl_calendar_group` (`id`, `name`, `date_created`) VALUES
(1, 'test grupa fgdf gdfsgs df', '2014-09-19 09:07:42'),
(2, 'llkk', '2014-09-21 19:07:16');

-- --------------------------------------------------------

--
-- Table structure for table `apl_calendar_item`
--

DROP TABLE IF EXISTS `apl_calendar_item`;
CREATE TABLE IF NOT EXISTS `apl_calendar_item` (
  `id` int(11) NOT NULL AUTO_INCREMENT,
  `calendar_group_id` int(11) NOT NULL DEFAULT '0',
  `event_date` datetime NOT NULL,
  `created_at` timestamp NOT NULL DEFAULT CURRENT_TIMESTAMP,
  `user_id` int(11) NOT NULL,
  `period` varchar(250) NOT NULL,
  `enabled` int(1) NOT NULL DEFAULT '1',
  PRIMARY KEY (`id`)
) ENGINE=InnoDB  DEFAULT CHARSET=utf8 AUTO_INCREMENT=8 ;

--
-- Dumping data for table `apl_calendar_item`
--

INSERT INTO `apl_calendar_item` (`id`, `calendar_group_id`, `event_date`, `created_at`, `user_id`, `period`, `enabled`) VALUES
(4, 1, '2014-08-26 12:56:25', '2014-08-26 12:56:39', 1, '21 - 34', 1),
(5, 1, '2014-09-19 01:39:23', '2014-09-19 13:43:40', 1, '21 - 34', 1),
(6, 1, '2013-06-12 05:56:28', '2014-09-19 17:50:07', 1, '21 - 44', 1),
(7, 1, '2017-07-19 05:53:03', '2014-09-19 17:53:25', 1, '21 - 34', 1);

-- --------------------------------------------------------

--
-- Table structure for table `apl_calendar_item_lang`
--

DROP TABLE IF EXISTS `apl_calendar_item_lang`;
CREATE TABLE IF NOT EXISTS `apl_calendar_item_lang` (
  `id` int(11) NOT NULL AUTO_INCREMENT,
  `calendar_item_id` int(11) NOT NULL,
  `lang_id` int(11) NOT NULL,
  `title` varchar(250) NOT NULL,
  PRIMARY KEY (`id`)
) ENGINE=InnoDB  DEFAULT CHARSET=utf8 AUTO_INCREMENT=29 ;

--
-- Dumping data for table `apl_calendar_item_lang`
--

INSERT INTO `apl_calendar_item_lang` (`id`, `calendar_item_id`, `lang_id`, `title`) VALUES
(5, 4, 1, 'qwe ro sdfsdfsdfewr'),
(6, 4, 2, 'asd ru dfs fsdsd'),
(7, 5, 1, 'fgsdg dfs'),
(8, 5, 2, 'sdfg dfgsdf'),
(9, 6, 1, 'super date'),
(10, 6, 2, 'super date'),
(11, 7, 1, 'Consilieri si domenii de actiune'),
(12, 7, 2, 'Consilieri si domenii de actiune'),
(21, 4, 6, ''),
(22, 5, 6, ''),
(23, 6, 6, ''),
(24, 7, 6, ''),
(25, 4, 7, ''),
(26, 5, 7, ''),
(27, 6, 7, ''),
(28, 7, 7, '');

-- --------------------------------------------------------

--
-- Table structure for table `apl_calendar_post`
--

DROP TABLE IF EXISTS `apl_calendar_post`;
CREATE TABLE IF NOT EXISTS `apl_calendar_post` (
  `id` int(11) NOT NULL AUTO_INCREMENT,
  `post_id` int(11) NOT NULL,
  `calendar_group_id` int(11) NOT NULL,
  PRIMARY KEY (`id`)
) ENGINE=InnoDB  DEFAULT CHARSET=utf8 AUTO_INCREMENT=20 ;

--
-- Dumping data for table `apl_calendar_post`
--

INSERT INTO `apl_calendar_post` (`id`, `post_id`, `calendar_group_id`) VALUES
(5, 263, 1),
(6, 221, 1),
(8, 217, 1),
(11, 25, 2),
(18, 189, 2),
(19, 189, 1);

-- --------------------------------------------------------

--
-- Table structure for table `apl_category_lang`
--

DROP TABLE IF EXISTS `apl_category_lang`;
CREATE TABLE IF NOT EXISTS `apl_category_lang` (
  `id` int(11) NOT NULL AUTO_INCREMENT,
  `category_id` int(11) NOT NULL,
  `title` varchar(250) NOT NULL,
  `uri` varchar(250) NOT NULL,
  `enabled` int(1) NOT NULL DEFAULT '1',
  PRIMARY KEY (`id`)
) ENGINE=InnoDB DEFAULT CHARSET=utf8 AUTO_INCREMENT=1 ;

-- --------------------------------------------------------

--
-- Table structure for table `apl_complaint`
--

DROP TABLE IF EXISTS `apl_complaint`;
CREATE TABLE IF NOT EXISTS `apl_complaint` (
  `id` int(11) NOT NULL AUTO_INCREMENT,
  `post_id` int(11) NOT NULL,
  `username` varchar(255) NOT NULL,
  `email` varchar(150) NOT NULL,
  `address` varchar(255) NOT NULL,
  `title` varchar(255) NOT NULL,
  `text` text NOT NULL,
  `response` text NOT NULL,
  `date_created` timestamp NOT NULL DEFAULT CURRENT_TIMESTAMP,
  `is_private` int(1) NOT NULL DEFAULT '1',
  `enabled` int(1) NOT NULL DEFAULT '0',
  PRIMARY KEY (`id`)
) ENGINE=InnoDB  DEFAULT CHARSET=utf8 AUTO_INCREMENT=5 ;

--
-- Dumping data for table `apl_complaint`
--

INSERT INTO `apl_complaint` (`id`, `post_id`, `username`, `email`, `address`, `title`, `text`, `response`, `date_created`, `is_private`, `enabled`) VALUES
(1, 191, 'godina nicolae', 'admin@gmail.com', '4365', 'Nike Aix Max 90 VT', 'fgs dfgdfg dfg dsgdfgs dfgdfg dfg dsgdfgs dfgdfg dfg dsgd', 'dsfsdfdsfsdfsdf', '2014-09-04 16:05:39', 0, 1),
(2, 0, 'godina nicolae', 'sq65kk@gmail.com', '4365', 'un bug nou', 'fdg f dfgsfdgfd dfgfds gsdf', '', '2014-10-01 18:24:19', 1, 0),
(3, 0, 'godina nicolae', 'sq65kk@gmail.com', '4365', 'un bug nou', 'ds gdfg fdgsdf gdfgsdf ', '', '2014-10-01 18:28:45', 1, 0),
(4, 0, 'godina nicolae', 'sq65kk@gmail.com', '4365', 'un bug nou', 'v ', '', '2014-10-16 14:51:10', 1, 0);

-- --------------------------------------------------------

--
-- Table structure for table `apl_feed`
--

DROP TABLE IF EXISTS `apl_feed`;
CREATE TABLE IF NOT EXISTS `apl_feed` (
  `id` int(11) NOT NULL AUTO_INCREMENT,
  `name` varchar(250) NOT NULL,
  `enabled` int(1) NOT NULL DEFAULT '1',
  `limit_value` int(11) NOT NULL DEFAULT '10' COMMENT '0 - unlimited; n - limited',
  `limit_type` enum('none','pagination','strictlimit') NOT NULL DEFAULT 'none' COMMENT '0 - pagination; 1 - strict limit',
  `order_by` enum('title','created_at','views','none') NOT NULL DEFAULT 'none' COMMENT 'feed_field_id',
  `order_type` enum('asc','desc','none') NOT NULL DEFAULT 'none' COMMENT 'none - disable order',
  PRIMARY KEY (`id`)
) ENGINE=InnoDB  DEFAULT CHARSET=utf8 AUTO_INCREMENT=19 ;

--
-- Dumping data for table `apl_feed`
--

INSERT INTO `apl_feed` (`id`, `name`, `enabled`, `limit_value`, `limit_type`, `order_by`, `order_type`) VALUES
(1, 'Intreprinderi subordonate', 1, 0, 'strictlimit', 'title', 'asc'),
(2, 'faq', 1, 0, 'none', 'none', 'none'),
(3, 'Orase', 1, 100, 'none', 'title', 'asc'),
(4, 'autorizatie de constructie', 1, 0, 'none', 'none', 'none'),
(5, 'Numere', 1, 0, 'none', 'none', 'none'),
(6, 'Discursuri si prelegeri publice', 1, 1, 'pagination', 'title', 'desc'),
(7, 'Cadrul legal al APL', 1, 0, 'none', 'created_at', 'desc'),
(8, 'Lista de fisiere', 1, 0, 'none', 'none', 'none'),
(9, 'Posturi vacante', 1, 3, 'pagination', 'created_at', 'desc'),
(10, 'Achizitii', 1, 1, 'strictlimit', 'created_at', 'desc'),
(11, 'Proiecte', 1, 0, 'none', 'created_at', 'desc'),
(12, 'Dosare secretar', 1, 0, 'none', 'title', 'desc'),
(13, 'Video', 1, 15, 'pagination', 'created_at', 'desc'),
(14, 'Anunturi', 1, 2, 'pagination', 'created_at', 'desc'),
(15, 'Noutati', 1, 1, 'pagination', 'created_at', 'desc'),
(16, 'Sendinte', 1, 0, 'none', 'created_at', 'desc'),
(17, 'Planuri de actiune', 1, 10, 'strictlimit', 'created_at', 'asc'),
(18, 'Regulamentul cu privire la modul de stabilire şi plată a ajutorului social.', 1, 0, 'none', 'none', 'none');

-- --------------------------------------------------------

--
-- Table structure for table `apl_feed_field`
--

DROP TABLE IF EXISTS `apl_feed_field`;
CREATE TABLE IF NOT EXISTS `apl_feed_field` (
  `id` int(11) NOT NULL AUTO_INCREMENT,
  `title` varchar(300) NOT NULL,
  `fkey` varchar(50) NOT NULL,
  `field_html` text NOT NULL,
  `lang_dependent` int(1) NOT NULL DEFAULT '0',
  `in_form` int(1) NOT NULL DEFAULT '1',
  `value_filter` varchar(200) NOT NULL,
  `check_filter` varchar(200) NOT NULL,
  `get_filter` varchar(200) NOT NULL,
  PRIMARY KEY (`id`)
) ENGINE=InnoDB  DEFAULT CHARSET=utf8 AUTO_INCREMENT=24 ;

--
-- Dumping data for table `apl_feed_field`
--

INSERT INTO `apl_feed_field` (`id`, `title`, `fkey`, `field_html`, `lang_dependent`, `in_form`, `value_filter`, `check_filter`, `get_filter`) VALUES
(3, 'Test Checkbox', 'check_check', '<input type="hidden" name="{name}" value="0"/>\n<input type="checkbox" name="{name}" class="make-switch" {value} />', 0, 1, 'valueCheckbox', 'checkCheckbox', ''),
(4, 'Adresa 1', 'address_one', '<input type="text" value="{value}" class="{class}" name="{name}" /> ', 1, 1, '', '', ''),
(5, 'Adresa 2', 'address_two', '<input type="text" value="{value}" class="{class}" name="{name}" /> ', 1, 1, '', '', ''),
(6, 'Telefon 1', 'phone_one', '<input type="text" value="{value}" class="{class}" name="{name}" /> ', 0, 1, '', '', ''),
(7, 'Telefon 2', 'phone_two', '<input type="text" value="{value}" class="{class}" name="{name}" /> ', 0, 1, '', '', ''),
(8, 'Fax', 'fax', '<input type="text" value="{value}" class="{class}" name="{name}" /> ', 0, 1, '', '', ''),
(9, 'Website', 'website', '<input type="text" value="{value}" class="{class}" name="{name}" /> ', 0, 1, '', '', ''),
(10, 'Documente', 'docs', '{value}', 1, 0, 'fileListValue', '', 'fileListPrepare'),
(11, 'Data', 'date_point', '    <div class="input-group date datetimepicker">        <input type="text" class="form-control" value="{value}" name="{name}" data-date-format="YYYY-MM-DD hh:mm:ss" />		<span class="input-group-addon"><span class="glyphicon-calendar glyphicon"></span></span>    </div>', 0, 1, '', '', ''),
(12, 'PROJECT: date interval', 'pr_date_interval', '<input type="text" value="{value}" class="{class}" name="{name}" /> ', 0, 1, '', '', ''),
(13, 'PROJECT: Domain', 'pr_domain', '<textarea name="{name}" class="ckeditor-run {class}">{value}</textarea>', 1, 1, '', '', ''),
(14, 'PROJECT: State', 'pr_state', '<input type="text" value="{value}" class="{class}" name="{name}" />', 1, 1, '', '', ''),
(15, 'PROJECT: Value', 'pr_value', '<input type="text" value="{value}" class="{class}" name="{name}" /> ', 1, 1, '', '', ''),
(16, 'PROJECT: Partners', 'pr_partners', '<textarea name="{name}" class="ckeditor-run {class}">{value}</textarea>', 1, 1, '', '', ''),
(17, 'PROJECT: Activites', 'pr_activites', '<textarea name="{name}" class="ckeditor-run {class}">{value}</textarea>', 1, 1, '', '', ''),
(18, 'PROJECT: Products', 'pr_products', '<textarea name="{name}" class="ckeditor-run {class}">{value}</textarea>', 1, 1, '', '', ''),
(19, 'PROJECT: Results', 'pr_results', '<textarea name="{name}" class="ckeditor-run {class}">{value}</textarea>', 1, 1, '', '', ''),
(20, 'PROJECT: Objectives', 'pr_objectives', '<textarea name="{name}" class="ckeditor-run {class}">{value}</textarea>', 1, 1, '', '', ''),
(21, 'PROJECT: Price', 'pr_price', '<textarea name="{name}" class="ckeditor-run {class}">{value}</textarea>', 1, 1, '', '', ''),
(22, 'Interval Ora', 'hours', '<input type="text" value="{value}" class="{class}" name="{name}" /> ', 1, 1, '', '', ''),
(23, 'Locatia', 'location', '<input type="text" value="{value}" class="{class}" name="{name}" /> ', 1, 1, '', '', '');

-- --------------------------------------------------------

--
-- Table structure for table `apl_feed_field_value`
--

DROP TABLE IF EXISTS `apl_feed_field_value`;
CREATE TABLE IF NOT EXISTS `apl_feed_field_value` (
  `id` int(11) NOT NULL AUTO_INCREMENT,
  `lang_id` int(11) NOT NULL DEFAULT '0',
  `feed_field_id` int(11) NOT NULL,
  `post_id` int(11) NOT NULL,
  `value` text NOT NULL,
  PRIMARY KEY (`id`)
) ENGINE=InnoDB  DEFAULT CHARSET=utf8 AUTO_INCREMENT=686 ;

--
-- Dumping data for table `apl_feed_field_value`
--

INSERT INTO `apl_feed_field_value` (`id`, `lang_id`, `feed_field_id`, `post_id`, `value`) VALUES
(21, 0, 6, 27, '067 343 232'),
(22, 0, 7, 27, '022 543 123'),
(23, 0, 8, 27, '0345 234 235'),
(24, 0, 9, 27, 'http://ebs.md/'),
(25, 1, 4, 27, 'mun. Chisinau'),
(26, 1, 5, 27, 'bd Traian 2/1'),
(54, 0, 9, 35, 'http://www.primariapn.ro/'),
(55, 0, 6, 40, '901'),
(56, 0, 6, 41, '903'),
(58, 0, 9, 53, 'http://www.templatemonster.com/demo/50613.html'),
(59, 0, 9, 54, 'http://www.templatemonster.com/demo/345345453.html'),
(61, 0, 10, 56, '0'),
(68, 0, 11, 71, '2014-09-09 15:10:07'),
(77, 0, 11, 72, '2014-09-09 15:28:25'),
(252, 0, 12, 75, 'intervallgfsdg sdfgdfg sdf'),
(410, 2, 13, 75, ''),
(411, 2, 14, 75, ''),
(412, 2, 15, 75, ''),
(413, 2, 16, 75, ''),
(414, 2, 17, 75, ''),
(415, 2, 18, 75, ''),
(416, 2, 19, 75, ''),
(417, 2, 20, 75, ''),
(418, 2, 21, 75, ''),
(428, 1, 13, 75, '<p>11111f gbvcbxcv bvc bxvcb fsh v nvcvbn gbx fd bxvbx cvb xcvb vcb xvbxvcb xcvbxcv bxct hg nvbnvcnbn</p>\n'),
(429, 1, 14, 75, '222in asteptare'),
(430, 1, 15, 75, '333321312313 lei'),
(431, 1, 16, 75, '<p>4444fhdgd hhgfd gdfsgsdgsdfdfg hdfghdfg</p>\n'),
(432, 1, 17, 75, '<p>55555</p>\n'),
(433, 1, 18, 75, '<p>66666</p>\n'),
(434, 1, 19, 75, '<p>77777</p>\n'),
(435, 1, 20, 75, '<p>88888</p>\n'),
(436, 1, 21, 75, '<table border="1" cellpadding="1" cellspacing="1" style="width:500px">\n	<tbody>\n		<tr>\n			<td>vbx cvb cxv</td>\n			<td>cvb xcvbvcbxcv</td>\n		</tr>\n		<tr>\n			<td>cvb xvcbcvb</td>\n			<td>&nbsp;xvcb cvbx xcvb</td>\n		</tr>\n		<tr>\n			<td>vc bxvcbxcv bxcvbxcv&nbsp;</td>\n			<td>cbxcvbxvcb xcv bxcv</td>\n		</tr>\n	</tbody>\n</table>\n\n<p>&nbsp;</p>\n'),
(437, 1, 10, 75, ''),
(438, 2, 10, 75, ''),
(452, 2, 10, 81, ''),
(474, 1, 22, 98, '8:00 - pina apune soarele'),
(475, 1, 23, 98, ''),
(480, 1, 22, 101, 'dgfdgddf gdfgdf'),
(481, 1, 23, 101, 'gdfgdfg dfg df'),
(486, 0, 11, 101, ''),
(505, 0, 6, 260, '+373-22-202890'),
(506, 0, 7, 260, '+373-22-202892'),
(507, 0, 8, 260, '+373-22-226140'),
(508, 0, 9, 260, 'web: www.satiricus.md'),
(511, 1, 4, 260, 'mun.Chisinau,'),
(512, 1, 5, 260, 'str.Mihai Eminescu, 55'),
(525, 0, 6, 261, ' +373-22-202890'),
(526, 0, 7, 261, ' +373-22-202890'),
(527, 0, 8, 261, ' +373-22-226140;'),
(528, 0, 9, 261, 'web: www.satiricus.md'),
(533, 1, 4, 261, 'mun.Chisinau,'),
(534, 1, 5, 261, 'bd Traian 2/1'),
(542, 2, 10, 31, ''),
(543, 0, 6, 31, '876 345 234'),
(544, 0, 7, 31, '098 54654 34'),
(545, 0, 8, 31, '0987 453 34224'),
(546, 0, 9, 31, 'google.com'),
(563, 1, 4, 31, 'adresa 1'),
(564, 1, 5, 31, 'adresa 2'),
(579, 1, 10, 72, ''),
(580, 2, 10, 72, ''),
(584, 1, 10, 71, ''),
(585, 2, 10, 71, ''),
(591, 0, 11, 65, ''),
(592, 1, 10, 56, ''),
(593, 2, 10, 56, ''),
(604, 2, 10, 82, ''),
(608, 1, 22, 97, '12:00 - 15:12'),
(609, 1, 23, 97, 'in america de nord'),
(620, 0, 11, 272, '2014-09-27 11:57:28'),
(621, 1, 22, 272, 'dsgsdg'),
(622, 1, 23, 272, 'gsdgs'),
(631, 0, 11, 273, '2014-09-26 02:46:55'),
(676, 1, 22, 273, 'rthfdhd'),
(677, 1, 23, 273, 'hdfhdf'),
(678, 0, 11, 66, '2014-10-14 01:12:39'),
(680, 1, 4, 35, 'Jud. Neamț, România, si asa mai departe'),
(684, 0, 9, 280, 'www.primariamea.md'),
(685, 1, 4, 280, 'Piatra Oltului, Rusia, si altele');

-- --------------------------------------------------------

--
-- Table structure for table `apl_feed_post`
--

DROP TABLE IF EXISTS `apl_feed_post`;
CREATE TABLE IF NOT EXISTS `apl_feed_post` (
  `id` int(11) NOT NULL AUTO_INCREMENT,
  `feed_id` int(11) NOT NULL,
  `post_id` int(11) NOT NULL,
  PRIMARY KEY (`id`)
) ENGINE=InnoDB  DEFAULT CHARSET=utf8 AUTO_INCREMENT=217 ;

--
-- Dumping data for table `apl_feed_post`
--

INSERT INTO `apl_feed_post` (`id`, `feed_id`, `post_id`) VALUES
(5, 1, 27),
(11, 2, 33),
(13, 3, 35),
(14, 4, 37),
(15, 4, 38),
(17, 5, 40),
(19, 5, 41),
(20, 6, 48),
(21, 6, 49),
(24, 7, 53),
(26, 7, 54),
(37, 8, 56),
(38, 9, 62),
(39, 9, 63),
(40, 9, 64),
(44, 10, 71),
(46, 10, 72),
(48, 11, 75),
(59, 12, 81),
(60, 12, 82),
(61, 13, 84),
(62, 13, 85),
(63, 13, 86),
(64, 13, 87),
(65, 13, 88),
(76, 14, 91),
(77, 15, 91),
(82, 16, 98),
(88, 16, 101),
(89, 4, 253),
(90, 2, 254),
(91, 2, 255),
(92, 2, 256),
(93, 2, 257),
(94, 2, 258),
(95, 2, 259),
(101, 1, 260),
(106, 1, 261),
(121, 1, 31),
(132, 12, 265),
(134, 15, 266),
(135, 17, 266),
(142, 9, 65),
(149, 16, 272),
(153, 16, 273),
(154, 18, 275),
(157, 18, 276),
(158, 18, 277),
(159, 18, 278),
(163, 14, 90),
(164, 15, 90),
(167, 14, 92),
(168, 15, 92),
(169, 15, 267),
(170, 17, 267),
(208, 18, 279),
(209, 9, 66),
(213, 16, 97),
(216, 3, 280);

-- --------------------------------------------------------

--
-- Table structure for table `apl_feed_rel`
--

DROP TABLE IF EXISTS `apl_feed_rel`;
CREATE TABLE IF NOT EXISTS `apl_feed_rel` (
  `id` int(11) NOT NULL AUTO_INCREMENT,
  `feed_id` int(11) NOT NULL,
  `feed_field_id` int(11) NOT NULL,
  PRIMARY KEY (`id`)
) ENGINE=InnoDB  DEFAULT CHARSET=utf8 AUTO_INCREMENT=30 ;

--
-- Dumping data for table `apl_feed_rel`
--

INSERT INTO `apl_feed_rel` (`id`, `feed_id`, `feed_field_id`) VALUES
(1, 1, 4),
(2, 1, 5),
(3, 1, 6),
(4, 1, 7),
(5, 1, 8),
(6, 1, 9),
(7, 3, 4),
(8, 3, 9),
(9, 5, 6),
(10, 7, 9),
(11, 8, 10),
(12, 10, 10),
(13, 10, 11),
(14, 11, 10),
(15, 11, 12),
(16, 11, 13),
(17, 11, 14),
(18, 11, 15),
(19, 11, 16),
(20, 11, 17),
(21, 11, 18),
(22, 11, 19),
(23, 11, 20),
(24, 11, 21),
(25, 9, 11),
(26, 12, 10),
(28, 16, 22),
(29, 16, 23);

-- --------------------------------------------------------

--
-- Table structure for table `apl_file`
--

DROP TABLE IF EXISTS `apl_file`;
CREATE TABLE IF NOT EXISTS `apl_file` (
  `id` int(11) NOT NULL AUTO_INCREMENT,
  `name` varchar(250) NOT NULL,
  `path` text NOT NULL,
  `type` varchar(20) NOT NULL,
  `extension` varchar(10) NOT NULL,
  `size` decimal(10,2) NOT NULL,
  `date_uploaded` timestamp NOT NULL DEFAULT CURRENT_TIMESTAMP,
  `module_name` varchar(20) NOT NULL,
  `module_id` int(11) NOT NULL,
  PRIMARY KEY (`id`)
) ENGINE=InnoDB  DEFAULT CHARSET=utf8 AUTO_INCREMENT=294 ;

--
-- Dumping data for table `apl_file`
--

INSERT INTO `apl_file` (`id`, `name`, `path`, `type`, `extension`, `size`, `date_uploaded`, `module_name`, `module_id`) VALUES
(66, 'metis-tile.png', 'upload/53bd627b58e51_-1087306386.png', 'image', 'png', 5194.00, '2014-07-09 15:40:43', 'test', 1),
(75, 'testfdgd', 'upload/53bd636adcff2_689146877ce1dffa6e2b2fa0ad274d09.png', 'image', 'png', 5194.00, '2014-07-09 15:44:42', 'test', 1),
(77, 'user.gif', 'upload/53bd637e19f73_54b9352428c145c962dd452e9a927122.gif', 'image', 'gif', 239.00, '2014-07-09 15:45:02', 'rewwe', 1),
(78, 'user.gif', 'upload/53c134ddc015e_54b9352428c145c962dd452e9a927122.gif', 'image', 'gif', 239.00, '2014-07-12 13:15:09', 'test', 1),
(79, 'image.jpg', 'upload/53c934bf0d8f4_0d5b1c4c7f720f698946c7f6ab08f687.jpg', 'image', 'jpg', 53058.00, '2014-07-18 14:52:47', 'page', 12),
(81, '53cb90c0e28e2_26d1c2c946f83a115a680df4a69f2f5f.png', 'upload/53cec7eb72c50_90cd3318d570ca2a0dbeb67abdbf909e.png', 'image', 'png', 576952.00, '2014-07-22 20:22:03', 'page', 18),
(82, 'image_128x128.png', 'upload/53dbd3551f36b_1bc1e34af1362dd8a779f50ad6a710a7.png', 'image', 'png', 4771.00, '2014-08-01 17:50:13', 'page', 26),
(83, 'image_670x470.png', 'upload/53dbd359cd5a0_4d320987a9e0f74af56202b03bde4d6c.png', 'image', 'png', 38436.00, '2014-08-01 17:50:17', 'page', 26),
(84, 'image_256x256.png', 'upload/53dbd35ede062_35c17c9bdd4fa10fcea81aa33afb1ec2.png', 'image', 'png', 11899.00, '2014-08-01 17:50:22', 'page', 26),
(85, 'image_1366x768.png', 'upload/53dbd362dc5ef_23737090140d5cdf7712a909582221ec.png', 'image', 'png', 48338.00, '2014-08-01 17:50:26', 'page', 26),
(86, 'image_400x300.png', 'upload/53dbd3679ac35_d34898ff08837d3a30369eeb52467680.png', 'image', 'png', 19122.00, '2014-08-01 17:50:31', 'page', 26),
(87, 'favicon.ico', 'upload/53f20e2f19bb7_8af3a74ede48e250ceb935c026242483.ico', 'undefined', 'ico', 1150.00, '2014-08-18 14:31:11', 'person', 2),
(88, 'favicon.ico', 'upload/53f22c80d1cd2_8af3a74ede48e250ceb935c026242483.ico', 'undefined', 'ico', 1150.00, '2014-08-18 16:40:32', 'person', 4),
(89, 'image_128x128.png', 'upload/53fb3c62dbb6f_1bc1e34af1362dd8a779f50ad6a710a7.png', 'image', 'png', 4771.00, '2014-08-25 13:38:42', 'gallery', 1),
(90, 'image_400x300.png', 'upload/53fb3c67dc075_d34898ff08837d3a30369eeb52467680.png', 'image', 'png', 19122.00, '2014-08-25 13:38:47', 'gallery', 1),
(91, 'image_670x470.png', 'upload/53fb3c6d1270d_4d320987a9e0f74af56202b03bde4d6c.png', 'image', 'png', 38436.00, '2014-08-25 13:38:53', 'gallery', 1),
(92, 'image_1366x768.png', 'upload/53fb3c719e272_23737090140d5cdf7712a909582221ec.png', 'image', 'png', 48338.00, '2014-08-25 13:38:57', 'gallery', 1),
(93, 'code-wallpaper-4.png', 'upload/54007a91f0e6b_7c58beca9363385b13969269fcc91f1d.png', 'image', 'png', 1713174.00, '2014-08-29 13:05:22', 'article_cover', 1),
(94, 'code-wallpaper-4.png', 'upload/54007ab0745c3_7c58beca9363385b13969269fcc91f1d.png', 'image', 'png', 1713174.00, '2014-08-29 13:05:52', 'article_cover', 1),
(95, 'code-wallpaper-4.png', 'upload/54007ac9ad5a5_7c58beca9363385b13969269fcc91f1d.png', 'image', 'png', 1713174.00, '2014-08-29 13:06:17', 'article_cover', 31),
(96, 'funny_quotes_for_desktop_1920x1080.jpg', 'upload/54007d9a65b87_b3b4c278e60946919e3741f5a7869eae.jpg', 'image', 'jpg', 106550.00, '2014-08-29 13:18:18', 'post_cover', 31),
(97, 'city.png', 'upload/540094ed9441f_5d48ed56bdb54f45cbdac7e028bb10bc.png', 'image', 'png', 17401.00, '2014-08-29 14:57:49', 'post_cover', 35),
(98, 'pers.png', 'upload/5401cd6730e3a_ba9fbcdde0d2277e5fa805ffe66c0608.png', 'image', 'png', 57206.00, '2014-08-30 13:11:03', 'person', 26),
(99, 'city.png', 'upload/5401e7ee1975b_5d48ed56bdb54f45cbdac7e028bb10bc.png', 'image', 'png', 17401.00, '2014-08-30 15:04:14', 'page', 39),
(100, 'pers.png', 'upload/5401e7f4e4d22_ba9fbcdde0d2277e5fa805ffe66c0608.png', 'image', 'png', 57206.00, '2014-08-30 15:04:20', 'page', 39),
(101, 'pers.doc', 'upload/5401e8463f438_ba45d9008b087f1fa42070261d08ad4c.doc', 'document', 'doc', 57206.00, '2014-08-30 15:05:42', 'page', 39),
(102, 'persg.pdf', 'upload/5401e84c574a7_2ede2b0da24e1d22c2d5a1bf8f402848.pdf', 'document', 'pdf', 57206.00, '2014-08-30 15:05:48', 'page', 39),
(103, '01.jpg', 'upload/540999b27c7c8_4efdd2f969559e8b1c92e99f32ded48e.jpg', 'image', 'jpg', 86887.00, '2014-09-05 11:08:34', 'post_cover', 49),
(104, 'b_news.png', 'upload/540999c86dad6_8d605d3a3c20f2d270fa6fb9e2a3ae3b.png', 'image', 'png', 596251.00, '2014-09-05 11:08:56', 'post_cover', 48),
(105, '4.docx', 'upload/5409fd745fdc4_e9941fd3b13f3fe587ddf1dbdc42232e.docx', 'document', 'docx', 15250.00, '2014-09-05 18:14:12', 'page', 52),
(106, 'img2 (1).jpg', 'upload/540ac207136ed_c2112b5836239fdede59c01b27e33828.jpg', 'image', 'jpg', 229941.00, '2014-09-06 08:12:55', 'doc_post', 56),
(107, '4.docx', 'upload/540ac39d517be_e9941fd3b13f3fe587ddf1dbdc42232e.docx', 'document', 'docx', 15250.00, '2014-09-06 08:19:41', 'doc_post', 56),
(109, '4.docx', 'upload/540ad8e107047_e9941fd3b13f3fe587ddf1dbdc42232e.docx', 'document', 'docx', 15250.00, '2014-09-06 09:50:25', 'doc_post_lang', 90),
(110, 'nr de angajati pe functii.xls', 'upload/540ad9788c7e7_141211f05f3044a67275c57174daee26.xls', 'document', 'xls', 444416.00, '2014-09-06 09:52:56', 'doc_post_lang', 90),
(111, 'b_pers.png', 'upload/540adade249a0_8384e04c64376f2e20bf4be39086f108.png', 'image', 'png', 96105.00, '2014-09-06 09:58:54', 'person', 27),
(112, 'b_news.png', 'upload/540ae07be4096_8d605d3a3c20f2d270fa6fb9e2a3ae3b.png', 'image', 'png', 596251.00, '2014-09-06 10:22:51', 'person', 29),
(113, 'primar.png', 'upload/540ae61e505c5_cc364f95febbe696e99ad340103571ca.png', 'image', 'png', 297463.00, '2014-09-06 10:46:54', 'person', 30),
(114, '4.pdf', 'upload/540f24ee9c56c_98dd10d220bb79bd82dd8728df5a8064.pdf', 'document', 'pdf', 15250.00, '2014-09-09 16:03:58', 'doc_post_lang', 122),
(115, 'organigrama.xls', 'upload/540f250c4a849_c46f7e0e1575fafa526e05afbdd76c76.xls', 'document', 'xls', 174281.00, '2014-09-09 16:04:28', 'doc_post_lang', 122),
(116, 'nr de angajati pe functii.xls', 'upload/541007a544c50_141211f05f3044a67275c57174daee26.xls', 'document', 'xls', 444416.00, '2014-09-10 08:11:17', 'doc_post_lang', 128),
(117, 'structura site-urilor FINAL 28 aug.docx', 'upload/541007acc5247_b1711530fbc72e5f21a887894675c60d.docx', 'document', 'docx', 42973.00, '2014-09-10 08:11:24', 'doc_post_lang', 128),
(118, 'b_pers.png', 'upload/5411c56210da1_8384e04c64376f2e20bf4be39086f108.png', 'image', 'png', 96105.00, '2014-09-11 15:53:06', 'person', 31),
(119, 'organigrama.xls', 'upload/5411ca7c7a032_c46f7e0e1575fafa526e05afbdd76c76.xls', 'document', 'xls', 174281.00, '2014-09-11 16:14:52', 'doc_post_lang', 140),
(120, 'structura site-urilor FINAL 28 aug.docx', 'upload/5411ca827f9d8_b1711530fbc72e5f21a887894675c60d.docx', 'document', 'docx', 42973.00, '2014-09-11 16:14:58', 'doc_post_lang', 140),
(121, '4.pdf', 'upload/5411caafaf5ea_98dd10d220bb79bd82dd8728df5a8064.pdf', 'document', 'pdf', 15250.00, '2014-09-11 16:15:43', 'doc_post_lang', 142),
(123, 'b_news.png', 'upload/541323f08fa56_8d605d3a3c20f2d270fa6fb9e2a3ae3b.png', 'image', 'png', 596251.00, '2014-09-12 16:48:48', 'post_cover', 92),
(124, '04.jpg', 'upload/541323fac8f06_2de40e0d504f583cda7465979f958a98.jpg', 'image', 'jpg', 251123.00, '2014-09-12 16:48:58', 'post_cover', 91),
(125, 'primar.png', 'upload/541324094d4e1_cc364f95febbe696e99ad340103571ca.png', 'image', 'png', 297463.00, '2014-09-12 16:49:13', 'post_cover', 90),
(126, 'Last Reminder_PT.doc', 'upload/5419b3114fcd4_267c912038636b264d1bf7db4e5526cf.doc', 'document', 'doc', 33280.00, '2014-09-17 16:13:05', 'page', 143),
(127, 'key1.xls', 'upload/5419b33e378ca_3677e34b4e8e175ce808db244515e565.xls', 'document', 'xls', 468.00, '2014-09-17 16:13:50', 'page', 143),
(128, 'back1.png', 'upload/5419b6f1a0886_f423343082b5710ff3438d914c9874b1.png', 'image', 'png', 5752480.00, '2014-09-17 16:29:37', 'post_cover', 27),
(131, 'FollowUP_PT.doc', 'upload/541aa7da74a5c_6ab30e3478edc2b5085eff8de3b54775.doc', 'document', 'doc', 29696.00, '2014-09-18 09:37:30', 'page', 143),
(132, 'How can_PT.doc', 'upload/541aa7e4a77ae_40f78008cde0e494d125660b0b00726b.doc', 'document', 'doc', 35328.00, '2014-09-18 09:37:40', 'page', 143),
(133, 'Hot. 188 din 03.04.12.docx', 'upload/541aa7e9231ba_33a376831247b9f2e76e9b90ac78d293.docx', 'document', 'docx', 32008.00, '2014-09-18 09:37:45', 'page', 143),
(134, 'Last Reminder_PT.xls', 'upload/541aa8142609f_f74e7a74dd4e72461f35d0c2b5d40056.xls', 'document', 'xls', 4789.00, '2014-09-18 09:38:28', 'page', 143),
(135, 'template.xls', 'upload/541aa8212a486_c40feb1f3c36a0e3f588de6531939a96.xls', 'document', 'xls', 7866.00, '2014-09-18 09:38:41', 'page', 143),
(136, 'FollowUP_PT.pdf', 'upload/541aa854361ed_f91e06348b507878e1dea0ab535a389e.pdf', 'document', 'pdf', 4844.00, '2014-09-18 09:39:32', 'page', 143),
(137, 'template.pdf', 'upload/541aa87a4a655_d0dba71eef7b737013f984f55b546f9b.pdf', 'document', 'pdf', 7866.00, '2014-09-18 09:40:10', 'page', 143),
(140, 'template.pdf', 'upload/541aac5bce740_d0dba71eef7b737013f984f55b546f9b.pdf', 'document', 'pdf', 7866.00, '2014-09-18 09:56:43', 'page', 156),
(141, 'Last Reminder_PT.xls', 'upload/541aac5e7e041_f74e7a74dd4e72461f35d0c2b5d40056.xls', 'document', 'xls', 4789.00, '2014-09-18 09:56:46', 'page', 156),
(142, 'FollowUP_PT.xls', 'upload/541aac6176892_c15b16b956f30a303f16ae8a68b3755f.xls', 'document', 'xls', 29696.00, '2014-09-18 09:56:49', 'page', 156),
(143, 'Last Reminder_PT.doc', 'upload/541aac67113b3_267c912038636b264d1bf7db4e5526cf.doc', 'document', 'doc', 33280.00, '2014-09-18 09:56:55', 'page', 156),
(144, 'How can_PT (2).pdf', 'upload/541aac7c15a33_f29df781569291e49e0326f43ce82325.pdf', 'document', 'pdf', 8252.00, '2014-09-18 09:57:16', 'page', 156),
(145, 'Last Reminder_PT.doc', 'upload/541aac7f96a9e_267c912038636b264d1bf7db4e5526cf.doc', 'document', 'doc', 33280.00, '2014-09-18 09:57:19', 'page', 156),
(146, 'FollowUP_PT.xls', 'upload/541aac865c0d7_c15b16b956f30a303f16ae8a68b3755f.xls', 'document', 'xls', 29696.00, '2014-09-18 09:57:26', 'page', 156),
(147, 'Hot. 188 din 03.04.12.docx', 'upload/541aac8923b9e_33a376831247b9f2e76e9b90ac78d293.docx', 'document', 'docx', 32008.00, '2014-09-18 09:57:29', 'page', 156),
(148, 'structura site-urilor FINAL 28 aug.docx', 'upload/541aac98154f0_b1711530fbc72e5f21a887894675c60d.docx', 'document', 'docx', 34822.00, '2014-09-18 09:57:44', 'page', 156),
(149, 'How can_PT.pdf', 'upload/541aac9c9b6fe_8b336f567ba805bf040a06d2b152dd39.pdf', 'document', 'pdf', 35328.00, '2014-09-18 09:57:48', 'page', 156),
(150, 'template.pdf', 'upload/541ab3aa435bc_d0dba71eef7b737013f984f55b546f9b.pdf', 'document', 'pdf', 7866.00, '2014-09-18 10:27:54', 'page', 174),
(151, 'structura site-urilor FINAL 28 aug.docx', 'upload/541ab3adcdcde_b1711530fbc72e5f21a887894675c60d.docx', 'document', 'docx', 34822.00, '2014-09-18 10:27:57', 'page', 174),
(152, 'key1.xls', 'upload/541ab3b1c1459_3677e34b4e8e175ce808db244515e565.xls', 'document', 'xls', 468.00, '2014-09-18 10:28:01', 'page', 174),
(153, 'Last Reminder_PT.doc', 'upload/541ab3b5a480c_267c912038636b264d1bf7db4e5526cf.doc', 'document', 'doc', 33280.00, '2014-09-18 10:28:05', 'page', 174),
(154, 'How can_PT (2).pdf', 'upload/541ab3b958f72_f29df781569291e49e0326f43ce82325.pdf', 'document', 'pdf', 8252.00, '2014-09-18 10:28:09', 'page', 174),
(155, 'Last Reminder_PT.xls', 'upload/541ab3bc4928d_f74e7a74dd4e72461f35d0c2b5d40056.xls', 'document', 'xls', 4789.00, '2014-09-18 10:28:12', 'page', 174),
(156, 'FollowUP_PT.xls', 'upload/541ab3bfbe3e2_c15b16b956f30a303f16ae8a68b3755f.xls', 'document', 'xls', 29696.00, '2014-09-18 10:28:15', 'page', 174),
(157, 'Hot. 188 din 03.04.12.docx', 'upload/541ab3c4c1abe_33a376831247b9f2e76e9b90ac78d293.docx', 'document', 'docx', 32008.00, '2014-09-18 10:28:20', 'page', 174),
(158, 'FollowUP_PT.pdf', 'upload/541ab3c8a8a61_f91e06348b507878e1dea0ab535a389e.pdf', 'document', 'pdf', 4844.00, '2014-09-18 10:28:24', 'page', 174),
(159, 'edu.png', 'upload/541ab571e4d3d_22d1ca0cc61347c29bba2961b281a6f3.png', 'image', 'png', 48679.00, '2014-09-18 10:35:29', 'post_cover', 260),
(160, 'edu3.png', 'upload/541ab5c6c752e_4301f6c7eab2b6154b04553f8eea55f5.png', 'image', 'png', 41899.00, '2014-09-18 10:36:54', 'post_cover', 261),
(161, 'structura site-urilor FINAL 28 aug.docx', 'upload/541ab9e8ecf04_b1711530fbc72e5f21a887894675c60d.docx', 'document', 'docx', 34822.00, '2014-09-18 10:54:32', 'page', 193),
(162, 'Hot. 188 din 03.04.12.docx', 'upload/541ab9ebe5323_33a376831247b9f2e76e9b90ac78d293.docx', 'document', 'docx', 32008.00, '2014-09-18 10:54:35', 'page', 193),
(163, 'FollowUP_PT.xls', 'upload/541ab9eeb0f24_c15b16b956f30a303f16ae8a68b3755f.xls', 'document', 'xls', 29696.00, '2014-09-18 10:54:38', 'page', 193),
(164, 'template.pdf', 'upload/541ab9f11ffc8_d0dba71eef7b737013f984f55b546f9b.pdf', 'document', 'pdf', 7866.00, '2014-09-18 10:54:41', 'page', 193),
(165, 'key1.xls', 'upload/541ab9f4d750e_3677e34b4e8e175ce808db244515e565.xls', 'document', 'xls', 468.00, '2014-09-18 10:54:44', 'page', 193),
(166, 'Last Reminder_PT.doc', 'upload/541ab9f7805ff_267c912038636b264d1bf7db4e5526cf.doc', 'document', 'doc', 33280.00, '2014-09-18 10:54:47', 'page', 193),
(167, 'How can_PT (2).pdf', 'upload/541ab9fb567f6_f29df781569291e49e0326f43ce82325.pdf', 'document', 'pdf', 8252.00, '2014-09-18 10:54:51', 'page', 193),
(168, 'FollowUP_PT.xls', 'upload/541ab9fe61bd4_c15b16b956f30a303f16ae8a68b3755f.xls', 'document', 'xls', 29696.00, '2014-09-18 10:54:54', 'page', 193),
(169, 'Last Reminder_PT.doc', 'upload/541aba1172042_267c912038636b264d1bf7db4e5526cf.doc', 'document', 'doc', 33280.00, '2014-09-18 10:55:13', 'page', 193),
(170, 'key1.xls', 'upload/541aba14f3052_3677e34b4e8e175ce808db244515e565.xls', 'document', 'xls', 468.00, '2014-09-18 10:55:16', 'page', 193),
(171, 'How can_PT.pdf', 'upload/541aba184e464_8b336f567ba805bf040a06d2b152dd39.pdf', 'document', 'pdf', 35328.00, '2014-09-18 10:55:20', 'page', 193),
(172, 'How can_PT (2).pdf', 'upload/541aba26b056d_f29df781569291e49e0326f43ce82325.pdf', 'document', 'pdf', 8252.00, '2014-09-18 10:55:34', 'page', 194),
(173, 'structura site-urilor FINAL 28 aug.docx', 'upload/541aba2b3bbaf_b1711530fbc72e5f21a887894675c60d.docx', 'document', 'docx', 34822.00, '2014-09-18 10:55:39', 'page', 194),
(174, 'Last Reminder_PT.xls', 'upload/541aba2e4bc60_f74e7a74dd4e72461f35d0c2b5d40056.xls', 'document', 'xls', 4789.00, '2014-09-18 10:55:42', 'page', 194),
(175, 'Hot. 188 din 03.04.12.docx', 'upload/541aba31386df_33a376831247b9f2e76e9b90ac78d293.docx', 'document', 'docx', 32008.00, '2014-09-18 10:55:45', 'page', 194),
(176, 'template.pdf', 'upload/541aba33ba216_d0dba71eef7b737013f984f55b546f9b.pdf', 'document', 'pdf', 7866.00, '2014-09-18 10:55:47', 'page', 194),
(177, 'FollowUP_PT.xls', 'upload/541aba370efc5_c15b16b956f30a303f16ae8a68b3755f.xls', 'document', 'xls', 29696.00, '2014-09-18 10:55:51', 'page', 194),
(178, 'Last Reminder_PT.doc', 'upload/541aba3ba10f1_267c912038636b264d1bf7db4e5526cf.doc', 'document', 'doc', 33280.00, '2014-09-18 10:55:55', 'page', 194),
(179, 'key1.xls', 'upload/541aba3e9d552_3677e34b4e8e175ce808db244515e565.xls', 'document', 'xls', 468.00, '2014-09-18 10:55:58', 'page', 194),
(180, 'How can_PT.pdf', 'upload/541aba4207b35_8b336f567ba805bf040a06d2b152dd39.pdf', 'document', 'pdf', 35328.00, '2014-09-18 10:56:02', 'page', 194),
(181, 'FollowUP_PT.pdf', 'upload/541aba46d4cf6_f91e06348b507878e1dea0ab535a389e.pdf', 'document', 'pdf', 4844.00, '2014-09-18 10:56:06', 'page', 194),
(182, 'How can_PT (2).pdf', 'upload/541aba5878d12_f29df781569291e49e0326f43ce82325.pdf', 'document', 'pdf', 8252.00, '2014-09-18 10:56:24', 'page', 195),
(183, 'Hot. 188 din 03.04.12.docx', 'upload/541aba5f97201_33a376831247b9f2e76e9b90ac78d293.docx', 'document', 'docx', 32008.00, '2014-09-18 10:56:31', 'page', 195),
(184, 'FollowUP_PT.xls', 'upload/541aba61cf943_c15b16b956f30a303f16ae8a68b3755f.xls', 'document', 'xls', 29696.00, '2014-09-18 10:56:33', 'page', 195),
(185, 'structura site-urilor FINAL 28 aug.docx', 'upload/541aba6498af0_b1711530fbc72e5f21a887894675c60d.docx', 'document', 'docx', 34822.00, '2014-09-18 10:56:36', 'page', 195),
(186, 'template.pdf', 'upload/541aba66f0a47_d0dba71eef7b737013f984f55b546f9b.pdf', 'document', 'pdf', 7866.00, '2014-09-18 10:56:38', 'page', 195),
(187, 'key1.xls', 'upload/541aba69b9f34_3677e34b4e8e175ce808db244515e565.xls', 'document', 'xls', 468.00, '2014-09-18 10:56:41', 'page', 195),
(188, 'key1.xls', 'upload/541aba6c5cb45_3677e34b4e8e175ce808db244515e565.xls', 'document', 'xls', 468.00, '2014-09-18 10:56:44', 'page', 195),
(189, 'Last Reminder_PT.doc', 'upload/541aba6fba71d_267c912038636b264d1bf7db4e5526cf.doc', 'document', 'doc', 33280.00, '2014-09-18 10:56:47', 'page', 195),
(190, 'Hot. 188 din 03.04.12.docx', 'upload/541aba74a7ba0_33a376831247b9f2e76e9b90ac78d293.docx', 'document', 'docx', 32008.00, '2014-09-18 10:56:52', 'page', 195),
(191, 'FollowUP_PT.xls', 'upload/541aba7777859_c15b16b956f30a303f16ae8a68b3755f.xls', 'document', 'xls', 29696.00, '2014-09-18 10:56:55', 'page', 195),
(192, 'How can_PT (2).pdf', 'upload/541abaa7cdd1b_f29df781569291e49e0326f43ce82325.pdf', 'document', 'pdf', 8252.00, '2014-09-18 10:57:43', 'page', 196),
(193, 'Last Reminder_PT.xls', 'upload/541abaaab58fb_f74e7a74dd4e72461f35d0c2b5d40056.xls', 'document', 'xls', 4789.00, '2014-09-18 10:57:46', 'page', 196),
(194, 'structura site-urilor FINAL 28 aug.docx', 'upload/541abab68d516_b1711530fbc72e5f21a887894675c60d.docx', 'document', 'docx', 34822.00, '2014-09-18 10:57:58', 'page', 196),
(195, 'Last Reminder_PT.doc', 'upload/541abab99c677_267c912038636b264d1bf7db4e5526cf.doc', 'document', 'doc', 33280.00, '2014-09-18 10:58:01', 'page', 196),
(196, 'key1.xls', 'upload/541ababc3c06e_3677e34b4e8e175ce808db244515e565.xls', 'document', 'xls', 468.00, '2014-09-18 10:58:04', 'page', 196),
(197, 'template.pdf', 'upload/541ababf13801_d0dba71eef7b737013f984f55b546f9b.pdf', 'document', 'pdf', 7866.00, '2014-09-18 10:58:07', 'page', 196),
(198, 'How can_PT (2).pdf', 'upload/541abac7f3192_f29df781569291e49e0326f43ce82325.pdf', 'document', 'pdf', 8252.00, '2014-09-18 10:58:15', 'page', 196),
(199, 'structura site-urilor FINAL 28 aug.docx', 'upload/541abacdc5fba_b1711530fbc72e5f21a887894675c60d.docx', 'document', 'docx', 34822.00, '2014-09-18 10:58:21', 'page', 196),
(200, 'key1.xls', 'upload/541abad234e77_3677e34b4e8e175ce808db244515e565.xls', 'document', 'xls', 468.00, '2014-09-18 10:58:26', 'page', 196),
(201, 'How can_PT.pdf', 'upload/541ad2d22564e_8b336f567ba805bf040a06d2b152dd39.pdf', 'document', 'pdf', 35328.00, '2014-09-18 12:40:50', 'page', 210),
(202, 'Last Reminder_PT.doc', 'upload/541ad2d660ee0_267c912038636b264d1bf7db4e5526cf.doc', 'document', 'doc', 33280.00, '2014-09-18 12:40:54', 'page', 210),
(203, 'key1.xls', 'upload/541ad2d992a47_3677e34b4e8e175ce808db244515e565.xls', 'document', 'xls', 468.00, '2014-09-18 12:40:57', 'page', 210),
(204, 'Last Reminder_PT.doc', 'upload/541adb1339e1c_267c912038636b264d1bf7db4e5526cf.doc', 'document', 'doc', 33280.00, '2014-09-18 13:16:03', 'page', 207),
(207, 'back1.png', 'upload/541aff8ad9394_f423343082b5710ff3438d914c9874b1.png', 'image', 'png', 5752480.00, '2014-09-18 15:51:38', 'page_bg', 103),
(221, 'menu1.png', 'upload/541bf5db4259e_db140c73a9ab7821ad07baa490cb8bfe.png', 'image', 'png', 1761.00, '2014-09-19 09:22:35', 'page_icon_big', 103),
(224, 'menu2.png', 'upload/541bf602047ea_0ef6901075ef279dea587dc2a1aed80f.png', 'image', 'png', 1924.00, '2014-09-19 09:23:14', 'page_icon_big', 104),
(227, 'menu3.png', 'upload/541bf6211c8d4_8711ce617ea57dc6a9d7eb988a8ec09d.png', 'image', 'png', 2082.00, '2014-09-19 09:23:45', 'page_icon_big', 105),
(231, 'back2.png', 'upload/541bf92996be7_d1c2cb58a829914fa26f67f567612d3f.png', 'image', 'png', 1203648.00, '2014-09-19 09:36:41', 'page_bg', 105),
(233, 'back1.png', 'upload/541bf9482921e_f423343082b5710ff3438d914c9874b1.png', 'image', 'png', 5752480.00, '2014-09-19 09:37:12', 'page_bg', 104),
(234, 'menu4.png', 'upload/541bf959017a4_805ba18032ce8599484ad3ce6fee80f4.png', 'image', 'png', 1386.00, '2014-09-19 09:37:29', 'page_icon_big', 106),
(237, 'back2.png', 'upload/541bf98129c30_d1c2cb58a829914fa26f67f567612d3f.png', 'image', 'png', 1203648.00, '2014-09-19 09:38:09', 'page_bg', 106),
(238, 'Grafic.pdf', 'upload/541f217c99394_e49140e795537b05dd5773c5e9f6289c.pdf', 'document', 'pdf', 208595.00, '2014-09-21 19:05:32', 'gallery', 2),
(240, 'Grafic.pdf', 'upload/541f288a0fd92_e49140e795537b05dd5773c5e9f6289c.pdf', 'document', 'pdf', 208595.00, '2014-09-21 19:35:38', 'page', 25),
(241, 'back2.png', 'upload/54203cf9af05f_d1c2cb58a829914fa26f67f567612d3f.png', 'image', 'png', 1203648.00, '2014-09-22 15:15:05', 'post_cover', 266),
(242, 'edu2.png', 'upload/54203d2d3bebd_35594083f57487ede9c4d7168f35143b.png', 'image', 'png', 38453.00, '2014-09-22 15:15:57', 'post_cover', 267),
(261, 'vanga_154 vcbxcvb xcv șțădîfsdfîăsdfîăs49200.jpg', 'upload/vanga-154-vcbxcvb-xcv-stadifsdfiasdfias49200jpg_124caa00e49559fe66f445106602a38b6a7bfa38.jpg', 'image', 'jpg', 165261.00, '2014-09-22 18:39:49', 'page', 25),
(262, 'Cetateni-si-Business-.jpg', 'upload/cetateni-si-business-jpg_c656c5a2192c1e6f5e2929082966123dc5ccdd95.jpg', 'image', 'jpg', 1952.00, '2014-09-23 14:06:39', 'page_icon', 103),
(263, 'Cetateni-si-Business-hover.jpg', 'upload/cetateni-si-business-hoverjpg_0c8a789d8d6f0bc7e16ccc3c9395f0b6dc874998.jpg', 'image', 'jpg', 2097.00, '2014-09-23 14:06:45', 'page_icon_active', 103),
(265, 'Primaria.jpg', 'upload/primariajpg_1b1d8aae3918a494620577d1ea0b301b58b22304.jpg', 'image', 'jpg', 2058.00, '2014-09-23 14:07:31', 'page_icon', 104),
(266, 'Primaria_hover.jpg', 'upload/primaria-hoverjpg_1d61363ba0473eca95264eea3258f32951df4f3f.jpg', 'image', 'jpg', 2239.00, '2014-09-23 14:07:40', 'page_icon_active', 104),
(267, 'Consiliul-local.jpg', 'upload/consiliul-localjpg_706df97c829943cecc90c1ed718fefc09bfc1374.jpg', 'image', 'jpg', 2117.00, '2014-09-23 14:07:58', 'page_icon', 105),
(268, 'Consiliul-local_hover.jpg', 'upload/consiliul-local-hoverjpg_e15a7694a8e7fff8e9c7b657d3d2db6392d6ee6c.jpg', 'image', 'jpg', 2287.00, '2014-09-23 14:08:03', 'page_icon_active', 105),
(269, 'Transparenta.jpg', 'upload/transparentajpg_d5928d33b66f98fb32cc0cbd943551fd5ee37856.jpg', 'image', 'jpg', 1978.00, '2014-09-23 14:08:18', 'page_icon', 106),
(270, 'Transparenta_hovert.jpg', 'upload/transparenta-hovertjpg_f06184fe6e6ef727aab912981312c6b66480211d.jpg', 'image', 'jpg', 2150.00, '2014-09-23 14:08:24', 'page_icon_active', 106),
(271, 'b35bed3dc2fe10cb5f2ec316febd9f60.jpeg', 'upload/b35bed3dc2fe10cb5f2ec316febd9f60jpeg_345eae538c539dd49e091836f94ac064df3b10c1.jpeg', 'image', 'jpeg', 16452.00, '2014-09-25 12:38:21', 'person_chat', 30),
(272, 'metis-tile.png', 'upload/53bd627b58e51_-1087306386.png', 'image', 'png', 5194.00, '2014-09-25 20:40:16', 'person', 32),
(273, 'Logoul primăriei sîngerei', 'upload/logo-homejpg_55a0f7adf41a8ff201d00c01b6cddaa689acbab4.jpg', 'image', 'jpg', 53685.00, '2014-10-01 13:47:07', 'website_logo', 1),
(274, 'Logoul primăriei sîngerei', 'upload/logo-interiorjpg_eef6411e3444c7efe0e93df519d98248a2e7074a.jpg', 'image', 'jpg', 15956.00, '2014-10-01 13:47:13', 'website_logo_sm', 1),
(275, 'elite_new.png', 'upload/elite-newpng_5575f82c351eb10ebcd9ae12678dc836530cf0fd.png', 'image', 'png', 210118.00, '2014-10-02 12:14:06', 'page', 128),
(276, 'metis-tile.png', 'upload/53bd627b58e51_-1087306386.png', 'image', 'png', 5194.00, '2014-10-02 12:14:42', 'page', 128),
(277, 'funny-quotes-for-desktop-1920x1080jpg_33ab63330d378ad8cd35259ecae733048192fe81.jpg', 'upload/post-gallery-1/funny-quotes-for-desktop-1920x1080jpg_33ab63330d378ad8cd35259ecae733048192fe81.jpg', 'image', 'jpg', 106550.00, '2014-10-02 12:15:15', 'page', 128),
(278, 'contacte_1024.jpg', 'upload/contacte-1024jpg_48a4d1fafa1dde1c95955bb9355ccc9005fa1c90.jpg', 'image', 'jpg', 349713.00, '2014-10-02 12:16:11', 'gallery', 2),
(279, '10647071_1523543607864008_1001500755069526849_n.png', 'upload/10647071-1523543607864008-1001500755069526849-npng_ec1a682d2136717cb2a0387c2f8bcc0ce17628a9.png', 'image', 'png', 219394.00, '2014-10-02 12:16:38', 'gallery', 2),
(280, 'download.png', 'upload/rgdffgdfg-2/downloadpng_3ee4b52317391030db1bd470ce05f8b18f0af867.png', 'image', 'png', 1302.00, '2014-10-02 12:21:39', 'gallery', 2),
(282, 'download.png', 'upload/rgdffgdfg-2/downloadpng_3ee4b52317391030db1bd470ce05f8b18f0af867.png', 'image', 'png', 1302.00, '2014-10-02 12:23:23', 'gallery', 2),
(283, 'hqdefault.jpg', 'upload/actelocale/hqdefaultjpg_769a5a508ba8462b3534c1102822b13c42b0ac88.jpg', 'image', 'jpg', 17610.00, '2014-10-03 07:57:50', 'actelocale', 1),
(284, 'user.gif', 'upload/53c134ddc015e_54b9352428c145c962dd452e9a927122.gif', 'image', 'gif', 239.00, '2014-10-03 12:19:39', 'actelocale', 2),
(285, 'image_128x128.png', 'upload/53dbd3551f36b_1bc1e34af1362dd8a779f50ad6a710a7.png', 'image', 'png', 4771.00, '2014-10-03 12:19:54', 'actelocale', 3),
(289, 'apl-logo-1452562117-4_avatar.png', 'upload/apl-logo-1452562117-4-avatarpng_dd1adc737dac56bc247a39e3aba836bff5979cfa.png', 'image', 'png', 6628.00, '2014-10-13 16:40:36', 'website_favicon', 1),
(290, 'article1.png', 'upload/article1png_bcf0a7cf4c5184457f1e9a4ab94216b3930d079f.png', 'image', 'png', 218191.00, '2014-10-15 16:33:39', 'page_icon_big', 107),
(291, 'Logoul primăriei sîngerei', 'upload/logo-homejpg_55a0f7adf41a8ff201d00c01b6cddaa689acbab4.jpg', 'image', 'jpg', 53685.00, '2014-10-19 19:27:54', 'website_logo_ro', 1),
(292, 'Logoul primăriei sîngerei', 'upload/logo-interiorjpg_eef6411e3444c7efe0e93df519d98248a2e7074a.jpg', 'image', 'jpg', 15956.00, '2014-10-19 19:28:04', 'website_logo_sm_ro', 1),
(293, 'city.png', 'upload/540094ed9441f_5d48ed56bdb54f45cbdac7e028bb10bc.png', 'image', 'png', 17401.00, '2014-10-19 20:01:26', 'post_cover', 280);

-- --------------------------------------------------------

--
-- Table structure for table `apl_firechat`
--

DROP TABLE IF EXISTS `apl_firechat`;
CREATE TABLE IF NOT EXISTS `apl_firechat` (
  `id` int(11) NOT NULL AUTO_INCREMENT,
  `active` int(1) NOT NULL DEFAULT '1',
  `date_created` timestamp NOT NULL DEFAULT CURRENT_TIMESTAMP,
  `person_id` int(11) NOT NULL,
  `user_name` varchar(100) NOT NULL,
  `user_email` varchar(100) NOT NULL,
  `roomId` varchar(50) NOT NULL,
  `userId` varchar(50) NOT NULL,
  PRIMARY KEY (`id`)
) ENGINE=InnoDB  DEFAULT CHARSET=utf8 AUTO_INCREMENT=80 ;

--
-- Dumping data for table `apl_firechat`
--

INSERT INTO `apl_firechat` (`id`, `active`, `date_created`, `person_id`, `user_name`, `user_email`, `roomId`, `userId`) VALUES
(1, 0, '2014-09-25 09:25:29', 30, 'Panda', 'sq65kk@gmail.com', '-JXgm_Fj8iMKlOUOeOjN', '-JXbwiypl7s9O0ABen3p'),
(2, 1, '2014-09-25 09:37:49', 30, 'Godina Nicolae', 'sq65kk@gmail.com', '', ''),
(3, 1, '2014-09-25 09:39:07', 30, 'Test chat', 'ngodina.ebs@gmail.com', '-JXgAQSE0hwZSn_VtztM', '-JXgAQ6S5n8tdXFf0eP4'),
(4, 1, '2014-09-25 11:02:32', 30, 'Medivac', 'ngodina@ebs.md', '-JXgTWRJk6H4I6ZfcPV0', '-JXgTW1FffvlnAj90nE4'),
(5, 1, '2014-09-25 11:08:23', 30, 'GodinaD', 'asd@dsfs.com', '-JXgWCCu7QdrtW3_p-g0', '-JXgUqkop13wG7e9DSHV'),
(6, 0, '2014-09-25 11:34:34', 30, 'Panda', 'tcoban.9ebs@gmail.com', '-JXg_qrRv3rg2Xo1WIiy', '-JXg_qWaQq5PkSyplVg4'),
(7, 0, '2014-09-25 12:02:40', 30, 'asdfasdfsdf', 'tcoban.9ebs@gmail.com', '-JXggHLU1oXod8TfD5Rc', '-JXggGxaUZWkgXcgFuWF'),
(8, 0, '2014-09-25 12:30:35', 30, 'Medivac', 'ngodina.ebs@gmail.com', '-JXgmeylFNpDws6DdbaO', '-JXbwiypl7s9O0ABen3p'),
(9, 1, '2014-09-25 12:36:16', 30, 'Medivac', 'tcoban.ebs@gmail.com', '', ''),
(10, 1, '2014-09-25 12:36:44', 30, 'Medivac', 'tcoban.ebs@gmail.com', '', ''),
(11, 1, '2014-09-25 12:37:23', 30, 'Medivac', 'tcoban.ebs@gmail.com', '', ''),
(12, 0, '2014-09-25 12:38:34', 30, 'Medivac', 'tcoban.ebs@gmail.com', '-JXgoV1RPjuZTUwAl9Ed', '-JXgoUc14LGyMF8zGoYR'),
(13, 0, '2014-09-25 12:46:57', 30, 'lkmjppmk', 'aliona@mail.ru', '-JXgqQPvP34qMphZrYTK', '-JXgqPup8Rr3a7U3Cpxd'),
(14, 0, '2014-09-25 12:49:19', 30, 'Dr.Lorem Ipsum 9', 'aliona@mail.ru', '-JXgqxgm0n0KwX3VcRHs', '-JXgqPup8Rr3a7U3Cpxd'),
(15, 0, '2014-09-25 13:21:20', 30, 'Panda', 'ngodina@ebs.md', '-JXgyHUlnYiSbG5-LfMp', '-JXgyH3UdqD02hSqkNLI'),
(16, 0, '2014-09-25 13:34:19', 29, 'Medivac', 'tcoban.9ebs@gmail.com', '-JXh0FpXKCK7J4qBXgJu', '-JXbwiypl7s9O0ABen3p'),
(17, 0, '2014-09-25 13:40:02', 29, 'Medivac', 'ngodina@ebs.md', '-JXh1ZPJmF9k6VWi3mCu', '-JXbwiypl7s9O0ABen3p'),
(18, 0, '2014-09-25 14:55:36', 29, 'aliona', 'aliona@mail.ru', '-JXhIrcvx6FFLI2YwxgU', '-JXgqPup8Rr3a7U3Cpxd'),
(19, 0, '2014-09-25 14:57:01', 30, 'aliona', 'aliona@mail.ru', '-JXhJBFlI4x823Q4FU3o', '-JXgqPup8Rr3a7U3Cpxd'),
(20, 0, '2014-09-25 14:58:01', 30, 'aliona', 'aliona@mail.ru', '-JXhJPn3dDzwC9BoIW8w', '-JXhJPLEKW84PxlSy45P'),
(21, 0, '2014-09-25 14:59:27', 30, 'Panda', 'ngodina@ebs.md', '-JXhJjkoQrvtk1WpitWw', '-JXhJjSJE5rW4BJsTGc9'),
(22, 0, '2014-09-25 15:05:37', 30, 'aliona', 'aliona@mail.ru', '-JXhL9NWQUjemu7J6PGn', '-JXgqPup8Rr3a7U3Cpxd'),
(23, 0, '2014-09-25 15:37:46', 30, 'Dr.Lorem Ipsum 11', 'aliona@mail.ru', '-JXhSVw2nSaDqfWh2TLF', '-JXgqPup8Rr3a7U3Cpxd'),
(24, 0, '2014-09-25 15:40:21', 29, 'dsjfghsdkjhfg', 'sdfasd@dsfk.sd', '-JXhT5vau9wOSADgClaU', '-JXgqPup8Rr3a7U3Cpxd'),
(25, 0, '2014-09-25 15:41:21', 30, 'kjkjhkljh', '564+564+5', '-JXhTKTvD9DI43QgXJyd', '-JXgqPup8Rr3a7U3Cpxd'),
(26, 0, '2014-09-25 15:43:15', 29, 'Medivac', 'ngodina@ebs.md', '-JXhTlMMW75SHWhJGdb2', '-JXhTktjRFeeRg8RvfN2'),
(27, 0, '2014-09-25 15:43:25', 30, 'Panda', 'tcoban.9ebs@gmail.com', '-JXhTnTuTGsVpZ16DKzq', '-JXhTktjRFeeRg8RvfN2'),
(28, 0, '2014-09-25 15:43:26', 30, 'aliona', 'aliona@mail.ru', '-JXhTo7gevJSsIr6Isiv', '-JXgqPup8Rr3a7U3Cpxd'),
(29, 0, '2014-09-25 15:45:31', 30, 'aliona', 'aliona@mail.ru', '-JXhUHV4uPl6GKAbH5mo', '-JXhJPLEKW84PxlSy45P'),
(30, 0, '2014-09-25 15:53:10', 30, 'Dr.Lorem Ipsum 11', 'alyona_0594@mail.ru', '-JXhW1Z-YGkgancnr0jh', '-JXgqPup8Rr3a7U3Cpxd'),
(31, 0, '2014-09-25 15:55:00', 30, 'Dr.Lorem Ipsum 10', 'drtydhgfhdfgh', '-JXhWSDZGgqmwKqH_bJX', '-JXhJPLEKW84PxlSy45P'),
(32, 0, '2014-09-25 15:57:28', 30, 'fghfghfghf', 'hfghfgh', '-JXhX0efC3DMjPYjRCtP', '-JXgqPup8Rr3a7U3Cpxd'),
(33, 0, '2014-09-25 15:58:20', 30, 'gdfgdfgdfg', 'alyona_0594@mail.ru', '-JXhXD_rrCYxkl4GPGG1', '-JXhXDAps7eH_aXaO0QE'),
(34, 0, '2014-09-25 16:42:35', 30, 'Dr.Lorem Ipsum 9', 'aliona@mail.ru', '-JXhgLZtw6klhaVUiElO', '-JXgqPup8Rr3a7U3Cpxd'),
(35, 0, '2014-09-25 19:20:59', 30, 'Panda', 'ngodina.ebs@gmail.com', '-JXiFatMHBpRhZs8SqT3', '-JXiFagDg1JBScbS6adL'),
(36, 0, '2014-09-25 19:35:40', 30, '', '', '-JXiIyBj52M2RJFBt38U', '-JXiIxhB7cv7nbgQ_wzW'),
(37, 0, '2014-09-25 20:45:37', 32, 'fdsfsdfsd', 'nfsiofsfk@gmafm.fdm', '-JXiYyYWyL3Iirjk3HHR', '-JXiYy9JbZSL93ghYwGL'),
(38, 0, '2014-09-25 20:46:10', 32, 'nnnnn', 'dsgsdgs@mail.ru', '-JXiZ5h32OmBjN1TIIDl', '-JXiZ5K4-gpjnfbjjEYJ'),
(39, 0, '2014-09-26 06:42:53', 30, 'Ion Ionescu', 'ion@abracada.com', '-JXkggD8enhtoRo3VyT2', '-JXkgg8rT1EiWwtaGur8'),
(40, 0, '2014-09-26 06:44:01', 30, 'Ion Ionescu', 'ion@abracada.com', '-JXkgwJ4a2S6i6gByaA2', '-JXkgg8rT1EiWwtaGur8'),
(41, 0, '2014-09-26 06:48:03', 30, 'dgffhd', 'dgfhdfg', '-JXkhrMqzkN8rVmqWf6W', '-JXkhrWClvfdpSIaPzGQ'),
(42, 0, '2014-09-26 08:10:55', 30, 'rgfgdf', 'fhdfh@mail.ru', '-JXl-pQ-1OK8iHEdGYfH', '-JXl-p0Xfddphr3VswWe'),
(43, 1, '2014-09-26 08:16:51', 30, 'fhdfhfhf', 'fhd@mail.ru', '-JXl1B0AjL3-KDs7kvkg', '-JXl-p0Xfddphr3VswWe'),
(44, 0, '2014-09-26 08:18:46', 32, 'mama', 'kfnasj@ksnfjksa.dm', '-JXl1c8fObRtBVrVJAhm', '-JXl1bmyXpeezWyZSQPo'),
(45, 0, '2014-09-26 11:11:45', 30, 'gfsdfgsdfs', 'admin@gmail.com', '-JXleD5KyZEMHU7UK1bq', '-JXhJjSJE5rW4BJsTGc9'),
(46, 1, '2014-09-26 12:53:01', 33, 'leyla', 'aaa@aaa.com', '-JXm0PCqcZmWhvRyRFmF', '-JXm0OqTviGlCyfhFd_O'),
(47, 0, '2014-09-27 17:43:08', 33, 'uuytf', 'hfhf@sdsdgd.com', '-JXsCOGxIipZd2XUVxK3', '-JXsCNy-6U2i-CXgr22x'),
(48, 0, '2014-09-29 12:58:30', 32, 'Panda', 'admin@gmail.com', '-JY0UQ37t5TH9jyJTOlK', '-JY0UPvkmk7kJ19nphBJ'),
(49, 0, '2014-09-29 13:13:47', 32, 'Medivac', 'elevcenco@gmail.com', '-JY0XubC0anPuq5RWaZP', '-JY0UPvkmk7kJ19nphBJ'),
(50, 0, '2014-09-29 13:18:08', 32, 'Panda', 'admin@gmail.com', '-JY0YuJgzS2R-1n5ByCS', '-JY0UPvkmk7kJ19nphBJ'),
(51, 0, '2014-09-29 13:21:00', 32, 'Panda', 'elevcenco@gmail.com', '-JY0ZZJgTluiUJYpw1ze', '-JY0UPvkmk7kJ19nphBJ'),
(52, 0, '2014-09-29 13:32:35', 32, 'Medivac', 'admin@gmail.com', '-JY0bDA7omVSA38tHfZ3', '-JY0UPvkmk7kJ19nphBJ'),
(53, 0, '2014-09-29 13:33:59', 32, 'Panda', 'elevcenco@gmail.com', '-JY0bXf4V-aSQWQRzSTt', '-JY0UPvkmk7kJ19nphBJ'),
(54, 0, '2014-09-29 16:20:31', 32, 'Panda', 'admin@gmail.com', '-JY1CeHZuHGU9QK9rMPf', '-JY1Ce97CpXK98mKll_t'),
(55, 0, '2014-09-30 12:38:06', 32, 'sfdfv ', 'sdfsdf@sgsdfs.com', '-JY5ZLHrMeXCUi9t0uFP', '-JY5ZKrhwctyQqc2tK99'),
(56, 0, '2014-09-30 17:05:46', 32, 'Medivac', 'elevcenco@gmail.com', '-JY6WbD1ih85ZLCVHhTV', '-JY6Waum01LnbLgQzfnY'),
(57, 0, '2014-09-30 17:26:07', 32, 'Medivac', 'ngodina.ebs@gmail.com', '-JY6aFqaX8FFnxS478Qz', '-JY6Waum01LnbLgQzfnY'),
(58, 0, '2014-10-02 12:47:17', 32, 'Medivac', 'sq65kk@gmail.com', '-JYFtc-GSC79J8PsukDZ', '-JYFtbs_d_DWn1en20GQ'),
(59, 0, '2014-10-02 12:54:48', 32, 'Medivac', 'admin@gmail.com', '-JYFvKrd1vz1NoC-y1U-', '-JYFtbs_d_DWn1en20GQ'),
(60, 0, '2014-10-02 12:58:27', 32, 'Medivac', 'admin@gmail.com', '-JYFwALSIXQKAH8ad68Q', '-JYFtbs_d_DWn1en20GQ'),
(61, 0, '2014-10-02 12:59:51', 32, 'Panda', 'sq65kk@gmail.com', '-JYFwUkMokBslLIZV97F', '-JYFtbs_d_DWn1en20GQ'),
(62, 0, '2014-10-02 13:00:58', 32, 'Panda', 'elevcenco@gmail.com', '-JYFwkIPmAYAcOSiLf16', '-JYFtbs_d_DWn1en20GQ'),
(63, 0, '2014-10-02 13:01:53', 32, 'Panda', 'admin@gmail.com', '-JYFwxfKyr4CdaGKb2zU', '-JYFtbs_d_DWn1en20GQ'),
(64, 0, '2014-10-03 12:29:33', 32, 'fsafas', 'sfdad@dfsdf.com', '-JYKz9emslSt0HXqRV7c', '-JYKz9NSEkv_M1Xe16CH'),
(65, 0, '2014-10-05 16:58:23', 32, 'Medivac', 'adm0in@gmail.com', '-JYWErZzasZQeJ_lm-TO', '-JYWErLsjtfqoHZv_QUL'),
(66, 0, '2014-10-05 17:03:12', 32, 'Medivac', 'adm0in2@gmail.com', '-JYWFxuZCKVijvxB_FFb', '-JYWErLsjtfqoHZv_QUL'),
(67, 0, '2014-10-06 14:05:47', 32, 'sdfsdf', 'dfsdfs@sdgfsdfg.com', '', ''),
(68, 0, '2014-10-06 14:11:15', 32, 'sadasf asfasf ', 'asfda@gsfs.com', '', ''),
(69, 0, '2014-10-08 07:08:54', 32, 'gdfgsdb afsdgsd', 'fsg@gdfgd.com', '', ''),
(70, 0, '2014-10-09 08:38:18', 32, 'Dr.Lorem Ipsum 9', 'alyona_0594@mail.ru', '-JYo2l18LFgi4FixS2WJ', '-JYo2l0NrrkFEymx2kx5'),
(71, 0, '2014-10-09 08:38:43', 32, 'aliona', 'alyona_0594@mail.ru', '-JYo2r6Bnv7EUb3Z2yQM', '-JYo2l0NrrkFEymx2kx5'),
(72, 0, '2014-10-09 10:38:04', 32, 'Medivac', 'adm0in2@gmail.com', '-JYoUAd0vqYrcA-K5Z14', '-JYoUAYN6yS4jK70SId3'),
(73, 0, '2014-10-11 12:15:29', 32, 'Medivac', 'admin@gmail.com', '-JYz7e57_uTtFc0Ngcy8', '-JYz7e3xeY5QzTWuCvWb'),
(74, 1, '2014-10-11 17:08:56', 32, 'vitalie', 'adsaf@sdf.dmn', '-JZ-ApPNYCCCtv-a5Tpb', '-JZ-AoOV9iQXmllI2keg'),
(75, 0, '2014-10-11 18:24:05', 32, 'Medivac', 'adm0in@gmail.com', '-JZ-S0HFGiLDle7Qu7TC', '-JYz7e3xeY5QzTWuCvWb'),
(76, 0, '2014-10-13 17:33:46', 32, 'Rghegrehtrhergh', 'trhertyjjdtyjtyj@dgf.ewfe', '-JZ9ZgSHbZdjSvW4OD0g', '-JZ9ZfuiD6E5i26avkvz'),
(77, 0, '2014-10-17 14:16:49', 30, 'Panda', 'adm0in@gmail.com', '-JZTSy2wjiGh9xI_lqFT', '-JZTSxJnon28lCEBTYNE'),
(78, 1, '2014-10-17 14:25:23', 30, '', '', '-JZTUvNKgA23_yX1mNcO', '-JZTUudkONtD3dSHKwtv'),
(79, 0, '2014-10-17 14:45:03', 30, 'Medivac', 'adm0in@gmail.com', '-JZTZQ6GTTq6Gasy7fOg', '-JZTSxJnon28lCEBTYNE');

-- --------------------------------------------------------

--
-- Table structure for table `apl_gallery`
--

DROP TABLE IF EXISTS `apl_gallery`;
CREATE TABLE IF NOT EXISTS `apl_gallery` (
  `id` int(11) NOT NULL AUTO_INCREMENT,
  `name` varchar(250) NOT NULL,
  PRIMARY KEY (`id`)
) ENGINE=InnoDB  DEFAULT CHARSET=utf8 AUTO_INCREMENT=3 ;

--
-- Dumping data for table `apl_gallery`
--

INSERT INTO `apl_gallery` (`id`, `name`) VALUES
(1, 'Post gallery'),
(2, 'rgdffgdfg');

-- --------------------------------------------------------

--
-- Table structure for table `apl_gallery_post`
--

DROP TABLE IF EXISTS `apl_gallery_post`;
CREATE TABLE IF NOT EXISTS `apl_gallery_post` (
  `id` int(11) NOT NULL AUTO_INCREMENT,
  `post_id` int(11) NOT NULL,
  `gallery_id` int(11) NOT NULL,
  PRIMARY KEY (`id`)
) ENGINE=InnoDB  DEFAULT CHARSET=utf8 AUTO_INCREMENT=5 ;

-- --------------------------------------------------------

--
-- Table structure for table `apl_job_requests`
--

DROP TABLE IF EXISTS `apl_job_requests`;
CREATE TABLE IF NOT EXISTS `apl_job_requests` (
  `id` int(11) NOT NULL AUTO_INCREMENT,
  `post_id` int(11) NOT NULL,
  `name` varchar(200) NOT NULL,
  `cv_path` varchar(500) NOT NULL,
  `date_created` timestamp NOT NULL DEFAULT CURRENT_TIMESTAMP,
  PRIMARY KEY (`id`)
) ENGINE=InnoDB  DEFAULT CHARSET=utf8 AUTO_INCREMENT=24 ;

--
-- Dumping data for table `apl_job_requests`
--

INSERT INTO `apl_job_requests` (`id`, `post_id`, `name`, `cv_path`, `date_created`) VALUES
(1, 63, 'Godina Nicolae', '/apps/backend/views/templates/Default/assets/img/logo.png', '2014-09-07 13:50:46'),
(2, 62, 'dsfsdfs', '', '2014-09-07 17:10:38'),
(3, 65, 'Medivac', '', '2014-09-30 16:38:08'),
(4, 65, 'Medivac', '', '2014-09-30 16:39:43'),
(5, 65, 'Medivac', '', '2014-09-30 16:40:36'),
(6, 65, 'Medivac', '', '2014-09-30 16:41:45'),
(7, 65, 'Medivac', '', '2014-09-30 16:43:23'),
(8, 65, 'Medivac', '/upload/cv/cv_65_2014-09-30_542ade501ed40.pdf', '2014-09-30 16:46:08'),
(9, 65, 'Medivac', '', '2014-09-30 16:47:36'),
(10, 65, 'Medivac', '', '2014-09-30 16:48:03'),
(11, 65, 'Medivac', '', '2014-09-30 16:48:17'),
(12, 65, 'Medivac', '', '2014-09-30 16:48:33'),
(13, 65, 'Medivac', '', '2014-09-30 16:49:03'),
(14, 65, 'Medivac', '', '2014-09-30 16:49:05'),
(15, 65, 'Medivac', '', '2014-09-30 16:51:38'),
(16, 65, 'Medivac', '', '2014-09-30 16:53:27'),
(17, 65, 'Medivac', '', '2014-09-30 16:53:41'),
(18, 65, 'Medivac', '', '2014-09-30 16:54:27'),
(19, 65, 'Medivac', '/upload/cv/cv_65_2014-09-30_542ae0599f9b4.pdf', '2014-09-30 16:54:49'),
(20, 65, 'Medivac', '/upload/cv/cv_65_2014-09-30_542ae21d4f036.pdf', '2014-09-30 17:02:21'),
(21, 65, 'Medivac', '/upload/cv/cv_65_2014-09-30_542ae23f26840.pdf', '2014-09-30 17:02:55'),
(22, 65, 'Medivac', '/upload/cv/cv_65_2014-09-30_542ae24b1cd86.pdf', '2014-09-30 17:03:07'),
(23, 62, 'dfsdfsdf', '/upload/cv/cv_62_2014-10-17_5440d6007b8e4.pdf', '2014-10-17 08:40:32');

-- --------------------------------------------------------

--
-- Table structure for table `apl_lang`
--

DROP TABLE IF EXISTS `apl_lang`;
CREATE TABLE IF NOT EXISTS `apl_lang` (
  `id` int(11) NOT NULL AUTO_INCREMENT,
  `name` varchar(50) NOT NULL,
  `ext` varchar(2) NOT NULL,
  `enabled` int(1) NOT NULL DEFAULT '1',
  PRIMARY KEY (`id`)
) ENGINE=InnoDB  DEFAULT CHARSET=utf8 AUTO_INCREMENT=8 ;

--
-- Dumping data for table `apl_lang`
--

INSERT INTO `apl_lang` (`id`, `name`, `ext`, `enabled`) VALUES
(1, 'Română', 'ro', 1),
(2, 'Руский', 'ru', 1),
(6, 'English', 'en', 1),
(7, 'Болгарский', 'bg', 1);

-- --------------------------------------------------------

--
-- Table structure for table `apl_logs`
--

DROP TABLE IF EXISTS `apl_logs`;
CREATE TABLE IF NOT EXISTS `apl_logs` (
  `id` int(11) NOT NULL AUTO_INCREMENT,
  `event_date` timestamp NOT NULL DEFAULT CURRENT_TIMESTAMP,
  `level` varchar(10) NOT NULL,
  `message` text NOT NULL,
  `url` varchar(500) NOT NULL,
  `ip` varchar(50) NOT NULL,
  `user_id` int(11) NOT NULL,
  PRIMARY KEY (`id`)
) ENGINE=InnoDB DEFAULT CHARSET=utf8 AUTO_INCREMENT=1 ;

-- --------------------------------------------------------

--
-- Table structure for table `apl_menu`
--

DROP TABLE IF EXISTS `apl_menu`;
CREATE TABLE IF NOT EXISTS `apl_menu` (
  `id` int(11) NOT NULL AUTO_INCREMENT,
  `name` varchar(250) NOT NULL,
  `enabled` int(1) NOT NULL DEFAULT '0',
  PRIMARY KEY (`id`)
) ENGINE=InnoDB  DEFAULT CHARSET=utf8 AUTO_INCREMENT=7 ;

--
-- Dumping data for table `apl_menu`
--

INSERT INTO `apl_menu` (`id`, `name`, `enabled`) VALUES
(5, 'dffasfasdfasdf', 1),
(6, 'dsfasdfasdf', 1);

-- --------------------------------------------------------

--
-- Table structure for table `apl_menu_item`
--

DROP TABLE IF EXISTS `apl_menu_item`;
CREATE TABLE IF NOT EXISTS `apl_menu_item` (
  `id` int(11) NOT NULL AUTO_INCREMENT,
  `menu_id` int(11) NOT NULL,
  `enabled` int(1) NOT NULL DEFAULT '1',
  `parent` int(11) NOT NULL DEFAULT '0',
  `ord` int(11) NOT NULL DEFAULT '0',
  PRIMARY KEY (`id`)
) ENGINE=InnoDB  DEFAULT CHARSET=utf8 AUTO_INCREMENT=20 ;

--
-- Dumping data for table `apl_menu_item`
--

INSERT INTO `apl_menu_item` (`id`, `menu_id`, `enabled`, `parent`, `ord`) VALUES
(16, 5, 1, 0, 3),
(17, 6, 1, 0, 0),
(18, 5, 1, 0, 1),
(19, 5, 1, 0, 2);

-- --------------------------------------------------------

--
-- Table structure for table `apl_menu_item_lang`
--

DROP TABLE IF EXISTS `apl_menu_item_lang`;
CREATE TABLE IF NOT EXISTS `apl_menu_item_lang` (
  `id` int(11) NOT NULL AUTO_INCREMENT,
  `menu_item_id` int(11) NOT NULL,
  `lang_id` int(11) NOT NULL,
  `title` text NOT NULL,
  `href` text NOT NULL,
  PRIMARY KEY (`id`)
) ENGINE=InnoDB  DEFAULT CHARSET=utf8 AUTO_INCREMENT=23 ;

--
-- Dumping data for table `apl_menu_item_lang`
--

INSERT INTO `apl_menu_item_lang` (`id`, `menu_item_id`, `lang_id`, `title`, `href`) VALUES
(14, 14, 1, 'fadsfasd fdasf', 'ads fdasf asdf as'),
(15, 15, 1, 'qweqdsadasd', 'asdasdasdasd'),
(16, 16, 1, '12343241324', '132412341324123534523'),
(17, 17, 1, 'sdfsdf', 'asdfasdfasd'),
(18, 17, 2, 'fasdfasd', 'fsadfsdf'),
(19, 18, 1, 'fdadfd fsdfsadf', 'sdf sdf asdf '),
(20, 18, 2, 'asd fasdfa', 'sdfa dfasdfasdf'),
(21, 19, 1, 'wqeqweqw', 'wqeqweqw'),
(22, 19, 2, 'qweqweqw', 'qweqweqw');

-- --------------------------------------------------------

--
-- Table structure for table `apl_module`
--

DROP TABLE IF EXISTS `apl_module`;
CREATE TABLE IF NOT EXISTS `apl_module` (
  `id` int(11) NOT NULL AUTO_INCREMENT,
  `name` text NOT NULL,
  `extension` varchar(100) NOT NULL,
  `settings_page` varchar(255) NOT NULL,
  `enabled` int(1) NOT NULL DEFAULT '0',
  PRIMARY KEY (`id`)
) ENGINE=InnoDB  DEFAULT CHARSET=utf8 AUTO_INCREMENT=11 ;

--
-- Dumping data for table `apl_module`
--

INSERT INTO `apl_module` (`id`, `name`, `extension`, `settings_page`, `enabled`) VALUES
(2, 'Gallery', 'gallery', '', 1),
(3, 'Newsletter', 'newsletter', '', 1),
(4, 'Modul persoane', 'person', '', 1),
(5, 'Calendar', 'calendar', '', 1),
(6, 'Social complaints', 'socialcomplaints', '', 1),
(7, 'Job REquests', 'jobrequest', '', 1),
(8, 'Poll', 'poll', '', 1),
(9, 'Chat', 'firechat', '', 1),
(10, 'Acte locale', 'actelocale', '', 1);

-- --------------------------------------------------------

--
-- Table structure for table `apl_newsletter`
--

DROP TABLE IF EXISTS `apl_newsletter`;
CREATE TABLE IF NOT EXISTS `apl_newsletter` (
  `id` int(11) NOT NULL AUTO_INCREMENT,
  `email` varchar(100) NOT NULL,
  `enabled` int(1) NOT NULL DEFAULT '1',
  `hash` varchar(50) NOT NULL,
  `subscribe_date` timestamp NOT NULL DEFAULT CURRENT_TIMESTAMP,
  PRIMARY KEY (`id`)
) ENGINE=InnoDB  DEFAULT CHARSET=utf8 AUTO_INCREMENT=13 ;

--
-- Dumping data for table `apl_newsletter`
--

INSERT INTO `apl_newsletter` (`id`, `email`, `enabled`, `hash`, `subscribe_date`) VALUES
(1, '', 1, 'sdfgasdgrtbwretbynwviorqnvenwpy823543tewq', '2014-08-15 10:08:27'),
(2, 'ngodina1@ebs.md', 1, '', '2014-08-15 11:04:41'),
(3, 'ngodina@ebs.md', 0, '5ea02606b7d0e3ca2716639f07dd38cb598ac34e', '2014-09-17 14:39:15'),
(4, 'sq65kk@gmail.com', 1, '66f53231c91ca4d9b4b4d8aff4e6bc57eeb9dda0', '2014-09-17 14:39:47'),
(5, 'testare@abonament.emd', 1, '276e869338a2d77f66a2c471177e1cf6b74ae907', '2014-09-30 12:32:44'),
(6, 'sas@fsds.md', 1, '602529a37cb85a86c6fa51798516cdbdec4f0b7f', '2014-10-02 06:42:22'),
(7, 'test@gsfdg.com', 1, '29b13651bde64b3951bbdb51c88e900a8ae0c5ef', '2014-10-03 12:21:26'),
(8, 'testdsf@gdgfg.com', 1, '888320adeda1b297216bae2e0cb653c7b98c2761', '2014-10-03 12:23:02'),
(9, 'admine23@gmail.com', 1, '5e738324a4655b93286cce6c1ee53c8f11295d02', '2014-10-05 16:32:49'),
(10, 'admin@gmail.com', 1, '2417c4706a9c4e63a6d5a7687edeaebcc3f3099c', '2014-10-17 14:09:35'),
(11, 'adm0in2@gmail.com', 1, '7eefdb0fec12652a5a00a21dc1a048dfabeb618a', '2014-10-17 14:10:07'),
(12, 'adm0in2@gmail.com', 1, '50a42c90494f247466c27422607960e82c10017c', '2014-10-17 14:10:58');

-- --------------------------------------------------------

--
-- Table structure for table `apl_person`
--

DROP TABLE IF EXISTS `apl_person`;
CREATE TABLE IF NOT EXISTS `apl_person` (
  `id` int(11) NOT NULL AUTO_INCREMENT,
  `feed_id` int(11) NOT NULL DEFAULT '0',
  `user_id` int(11) NOT NULL,
  `phone` varchar(100) NOT NULL,
  `email` varchar(100) NOT NULL,
  `date_birth` date NOT NULL,
  `for_audience` int(1) NOT NULL DEFAULT '0',
  `dynamic_fields` text NOT NULL,
  PRIMARY KEY (`id`)
) ENGINE=InnoDB  DEFAULT CHARSET=utf8 AUTO_INCREMENT=35 ;

--
-- Dumping data for table `apl_person`
--

INSERT INTO `apl_person` (`id`, `feed_id`, `user_id`, `phone`, `email`, `date_birth`, `for_audience`, `dynamic_fields`) VALUES
(26, 12, 4, '098 353 234', 'sq65kk@gmail.com', '2014-08-28', 0, ''),
(27, 0, 0, '022- 01-02-03', 'pnume.primaria@gmail.com', '0000-00-00', 0, ''),
(28, 0, 0, '', '', '0000-00-00', 0, ''),
(29, 0, 0, '37378434231', 'sq65kk@gmail.com', '1966-03-09', 0, ''),
(30, 12, 2, '+373 78 434 231', 'ngodina.ebs@gmail.com', '1966-03-09', 1, 'a:4:{i:0;a:3:{s:4:"name";s:4:"2013";s:7:"lang_id";s:1:"1";s:5:"value";s:99:"Presedinte al Organizatiei Judetene de Tineret. Vicepresedinte al Organizatiei Nationale de Tineret";}i:1;a:3:{s:4:"name";s:4:"alol";s:7:"lang_id";s:1:"0";s:5:"value";s:9:"qweqweqwe";}i:2;a:3:{s:4:"name";s:4:"2014";s:7:"lang_id";s:1:"1";s:5:"value";s:48:"Membru PD, Presedinte al Organizatiei de Tineret";}i:3;a:3:{s:4:"name";s:7:"orglinm";s:7:"lang_id";s:1:"2";s:5:"value";s:17:"dsfs fgdfs gsfbvc";}}'),
(31, 12, 0, '37378434231', 'sq65kk@gmail.com', '1955-11-16', 0, 'a:1:{i:0;a:3:{s:4:"name";s:12:"Ore audiente";s:7:"lang_id";s:1:"1";s:5:"value";s:19:"luni, joi si vineri";}}'),
(32, 0, 1, '069154311', 'ngodina.ebs@gmail.com', '0000-00-00', 1, ''),
(33, 0, 0, '', '', '0000-00-00', 0, ''),
(34, 0, 0, '', '', '0000-00-00', 0, '');

-- --------------------------------------------------------

--
-- Table structure for table `apl_person_audience`
--

DROP TABLE IF EXISTS `apl_person_audience`;
CREATE TABLE IF NOT EXISTS `apl_person_audience` (
  `id` int(11) NOT NULL AUTO_INCREMENT,
  `person_id` int(11) NOT NULL,
  `name` varchar(100) NOT NULL,
  `phone` varchar(50) NOT NULL,
  `email` varchar(50) NOT NULL,
  `date_created` timestamp NOT NULL DEFAULT CURRENT_TIMESTAMP,
  PRIMARY KEY (`id`)
) ENGINE=InnoDB  DEFAULT CHARSET=utf8 AUTO_INCREMENT=4 ;

--
-- Dumping data for table `apl_person_audience`
--

INSERT INTO `apl_person_audience` (`id`, `person_id`, `name`, `phone`, `email`, `date_created`) VALUES
(1, 30, 'godina nicolae', '37378434231', 'sq65kk@gmail.com', '0000-00-00 00:00:00'),
(2, 30, 'godina nicolae', '37378434231', 'sq65kk@gmail.com', '2014-09-06 14:16:57'),
(3, 32, 'asdfasdfasdf', '37378434231', 'sq65kk@gmail.com', '2014-10-16 14:44:30');

-- --------------------------------------------------------

--
-- Table structure for table `apl_person_group`
--

DROP TABLE IF EXISTS `apl_person_group`;
CREATE TABLE IF NOT EXISTS `apl_person_group` (
  `id` int(11) NOT NULL AUTO_INCREMENT,
  `date_created` timestamp NOT NULL DEFAULT CURRENT_TIMESTAMP,
  PRIMARY KEY (`id`)
) ENGINE=InnoDB  DEFAULT CHARSET=utf8 AUTO_INCREMENT=23 ;

--
-- Dumping data for table `apl_person_group`
--

INSERT INTO `apl_person_group` (`id`, `date_created`) VALUES
(16, '2014-08-28 09:29:29'),
(17, '2014-08-28 09:49:19'),
(18, '2014-08-30 10:07:17'),
(19, '2014-08-30 10:07:58'),
(20, '2014-09-06 05:57:33'),
(21, '2014-09-06 06:37:30'),
(22, '2014-09-11 11:27:57');

-- --------------------------------------------------------

--
-- Table structure for table `apl_person_group_lang`
--

DROP TABLE IF EXISTS `apl_person_group_lang`;
CREATE TABLE IF NOT EXISTS `apl_person_group_lang` (
  `id` int(11) NOT NULL AUTO_INCREMENT,
  `group_id` int(11) NOT NULL,
  `lang_id` int(11) NOT NULL,
  `name` varchar(200) NOT NULL,
  `description` text NOT NULL,
  PRIMARY KEY (`id`)
) ENGINE=InnoDB  DEFAULT CHARSET=utf8 AUTO_INCREMENT=71 ;

--
-- Dumping data for table `apl_person_group_lang`
--

INSERT INTO `apl_person_group_lang` (`id`, `group_id`, `lang_id`, `name`, `description`) VALUES
(27, 16, 1, 'Consilieri si domenii de actiune', 'fd gdfgcvbxcvbxvb vbxcvbx cvbc sdfcvxv'),
(30, 16, 2, 'Consilieri si domenii de actiune', 'fdg fdgvbxvcbcvb fdg bcvxbcv dg bcv'),
(31, 17, 1, 'Comisia de specialitate', ''),
(34, 17, 2, 'Comisia de specialitate', ''),
(35, 19, 1, 'Personalitati', ''),
(36, 19, 2, 'Personalitati', ''),
(37, 20, 1, 'Viceprimari', ''),
(38, 20, 2, 'Viceprimari', ''),
(39, 21, 1, 'Primar', ''),
(40, 21, 2, 'Primar', ''),
(41, 22, 1, 'Secretar', ''),
(42, 22, 2, 'Secretar', ''),
(57, 16, 6, '', ''),
(58, 17, 6, '', ''),
(59, 18, 6, '', ''),
(60, 19, 6, '', ''),
(61, 20, 6, '', ''),
(62, 21, 6, '', ''),
(63, 22, 6, '', ''),
(64, 16, 7, '', ''),
(65, 17, 7, '', ''),
(66, 18, 7, '', ''),
(67, 19, 7, '', ''),
(68, 20, 7, '', ''),
(69, 21, 7, '', ''),
(70, 22, 7, '', '');

-- --------------------------------------------------------

--
-- Table structure for table `apl_person_group_post`
--

DROP TABLE IF EXISTS `apl_person_group_post`;
CREATE TABLE IF NOT EXISTS `apl_person_group_post` (
  `id` int(11) NOT NULL AUTO_INCREMENT,
  `post_id` int(11) NOT NULL,
  `group_id` int(11) NOT NULL,
  PRIMARY KEY (`id`)
) ENGINE=InnoDB  DEFAULT CHARSET=utf8 AUTO_INCREMENT=34 ;

--
-- Dumping data for table `apl_person_group_post`
--

INSERT INTO `apl_person_group_post` (`id`, `post_id`, `group_id`) VALUES
(4, 29, 16),
(5, 29, 17),
(6, 42, 19),
(8, 58, 20),
(9, 59, 21),
(10, 80, 22),
(14, 96, 20),
(15, 96, 21),
(16, 96, 22),
(21, 183, 19),
(22, 204, 21),
(23, 208, 20),
(24, 215, 22),
(25, 216, 16),
(29, 223, 19),
(30, 224, 19),
(31, 225, 19),
(32, 226, 19),
(33, 198, 20);

-- --------------------------------------------------------

--
-- Table structure for table `apl_person_lang`
--

DROP TABLE IF EXISTS `apl_person_lang`;
CREATE TABLE IF NOT EXISTS `apl_person_lang` (
  `id` int(11) NOT NULL AUTO_INCREMENT,
  `lang_id` int(11) NOT NULL,
  `person_id` int(11) NOT NULL,
  `first_name` varchar(250) NOT NULL,
  `last_name` varchar(250) NOT NULL,
  `text` text NOT NULL,
  `function` varchar(500) NOT NULL,
  `civil_state` varchar(500) NOT NULL,
  `studies` text NOT NULL,
  `activity` text NOT NULL,
  `motto` text NOT NULL,
  `sector` varchar(500) NOT NULL,
  PRIMARY KEY (`id`)
) ENGINE=InnoDB  DEFAULT CHARSET=utf8 AUTO_INCREMENT=55 ;

--
-- Dumping data for table `apl_person_lang`
--

INSERT INTO `apl_person_lang` (`id`, `lang_id`, `person_id`, `first_name`, `last_name`, `text`, `function`, `civil_state`, `studies`, `activity`, `motto`, `sector`) VALUES
(2, 1, 26, 'Godina', 'Nicolae', '<p>fgh 11111111dfghdfg dfgdf gdfgsdf gsdgsdfnvbnc vbnvnvbcv</p>\n', 'super proger', '', '', 'Partidul PLDM', 'gdfgdfg', 'botanica si toata ciocana'),
(3, 1, 27, 'Godina', 'Nicolae', '', '', '', '', '', '', ''),
(4, 1, 28, 'Godina', 'sdfsdfsd', '', '', '', '', '', '', ''),
(5, 2, 27, 'gsdfg', '', '', '', '', '', '', '', ''),
(6, 2, 28, 'sdfsdfsdf', '', '', '', '', '', '', '', ''),
(7, 1, 29, 'dfgsdgfsdg', 'dfgsdfgdfsg', '', '', '', '', '', '', ''),
(8, 2, 29, 'dfgsdfgsd', 'dfgsdgdsfgsd', '', '', '', '', '', '', ''),
(9, 1, 30, 'Primar', 'Primarovici', '', '', 'Casatorit, un copil', 'Universtatea Tehnica', 'Activitate politica', 'Str??eni înseamn? copil?ria, adolescen?a ?i familia mea. M-am n?scut, am copil?rit ?i am crescut pe str?zile din acest ora?!', ''),
(10, 2, 30, '', '', '', '', '', '', '', '', ''),
(11, 1, 31, 'godina', 'nicolae', '<h2>Articolul 39. Atribuţiile secretarului</h2>\n\n<p>&nbsp;Secretarul &icirc;ndeplineşte, sub autoritatea primarului, următoarele atribuţii de bază:</p>\n\n<p><span style="color:#b6c57e">a) </span>asigură &icirc;nştiinţarea convocării consiliului local;<br />\n<span style="color:rgb(182, 197, 126)">b)&nbsp;</span>participă la şedinţele consiliului local;<br />\n<span style="color:rgb(182, 197, 126)">c)&nbsp;</span>avizează proiectele de decizii ale consiliului local şi contrasemnează deciziile;<br />\n<span style="color:rgb(182, 197, 126)">d)&nbsp;</span>asigură buna funcţionare a primăriei;<br />\n<span style="color:rgb(182, 197, 126)">e)&nbsp;</span>&nbsp;asigură efectuarea lucrărilor de secretariat;<br />\n<span style="color:rgb(182, 197, 126)">f)&nbsp;</span>pregăteşte materialele pe marginea problemelor supuse dezbaterii &icirc;n consiliul local;<br />\n<span style="color:rgb(182, 197, 126)">g)&nbsp;</span>comunică şi remite, &icirc;n termen de 5 zile, dacă legea nu prevede altfel, autorităţilor şi persoanelor interesate actele emise de consiliul local sau de primar;<br />\n<span style="color:rgb(182, 197, 126)">h)&nbsp;</span>asigură consultarea publică a proiectelor de decizii ale consiliului local şi de dispoziţii normative ale primarului, informarea publicului referitor la deciziile adoptate şi la dispoziţiile emise; [Art.39 al.(1), lit.h) &icirc;n redacţia LP72 din 04.05.10, <span style="color:rgb(182, 197, 126)">&nbsp;</span>MO94-97/11.06.10 art.270]<br />\n<span style="color:rgb(182, 197, 126)">j)&nbsp;</span>primeşte, distribuie şi &icirc;ntreţine corespondenţa;<br />\n<span style="color:rgb(182, 197, 126)">k)&nbsp;</span>eliberează extrase sau copii de pe orice act din arhiva consiliului local, &icirc;n afara celor care conţin informaţii secrete, stabilite potrivit legii, precum şi extrase şi copii de pe actele de stare civilă;<br />\n<span style="color:rgb(182, 197, 126)">l)&nbsp;</span>organizează, coordonează, poartă răspundere pentru activitatea serviciilor de stare civilă, de protecţie socială şi exercită, după caz, atribuţiile respective;<br />\n<span style="color:rgb(182, 197, 126)">m)&nbsp;</span>ţine evidenţa gospodăriilor ţărăneşti (de fermier) şi a asociaţiilor acestora conform registrului aprobat de Guvern;<br />\n<span style="color:rgb(182, 197, 126)">n)&nbsp;</span>păstrează şi aplică, după caz, sigiliul;<br />\n<span style="color:rgb(182, 197, 126)">o)&nbsp;</span>acordă ajutor consilierilor şi comisiilor consiliului local;</p>\n', '', '', 'ffd vcb xcvb xcvbxcv bvcbxcvbx', 'PLM', '', ''),
(12, 2, 31, '', '', '', '', '', '', '', '', ''),
(19, 1, 32, 'Nicolae', 'Lungu', '', 'Viceprimar', 'Casatorit', 'liceu', 'am uitat', 'a fost odata', 'tot asa '),
(20, 2, 32, '', '', '', '', '', '', '', '', ''),
(22, 1, 33, 'Petru', '', '', '', '', '', '', '', ''),
(23, 2, 33, '', '', '', '', '', '', '', '', ''),
(33, 1, 34, '', '', '', '', '', '', '', '', ''),
(34, 2, 34, '', '', '', '', '', '', '', '', ''),
(37, 6, 26, '', '', '', '', '', '', '', '', ''),
(38, 6, 27, '', '', '', '', '', '', '', '', ''),
(39, 6, 28, '', '', '', '', '', '', '', '', ''),
(40, 6, 29, '', '', '', '', '', '', '', '', ''),
(41, 6, 30, '', '', '', '', '', '', '', '', ''),
(42, 6, 31, '', '', '', '', '', '', '', '', ''),
(43, 6, 32, '', '', '', '', '', '', '', '', ''),
(44, 6, 33, '', '', '', '', '', '', '', '', ''),
(45, 6, 34, '', '', '', '', '', '', '', '', ''),
(46, 7, 26, '', '', '', '', '', '', '', '', ''),
(47, 7, 27, '', '', '', '', '', '', '', '', ''),
(48, 7, 28, '', '', '', '', '', '', '', '', ''),
(49, 7, 29, '', '', '', '', '', '', '', '', ''),
(50, 7, 30, '', '', '', '', '', '', '', '', ''),
(51, 7, 31, '', '', '', '', '', '', '', '', ''),
(52, 7, 32, '', '', '', '', '', '', '', '', ''),
(53, 7, 33, '', '', '', '', '', '', '', '', ''),
(54, 7, 34, '', '', '', '', '', '', '', '', '');

-- --------------------------------------------------------

--
-- Table structure for table `apl_person_rel`
--

DROP TABLE IF EXISTS `apl_person_rel`;
CREATE TABLE IF NOT EXISTS `apl_person_rel` (
  `id` int(11) NOT NULL AUTO_INCREMENT,
  `person_id` int(11) NOT NULL,
  `group_id` int(11) NOT NULL,
  PRIMARY KEY (`id`)
) ENGINE=InnoDB  DEFAULT CHARSET=utf8 AUTO_INCREMENT=15 ;

--
-- Dumping data for table `apl_person_rel`
--

INSERT INTO `apl_person_rel` (`id`, `person_id`, `group_id`) VALUES
(5, 26, 16),
(6, 26, 19),
(7, 27, 20),
(8, 29, 20),
(10, 31, 22),
(11, 32, 20),
(12, 30, 19),
(13, 30, 21),
(14, 28, 19);

-- --------------------------------------------------------

--
-- Table structure for table `apl_poll`
--

DROP TABLE IF EXISTS `apl_poll`;
CREATE TABLE IF NOT EXISTS `apl_poll` (
  `id` int(11) NOT NULL AUTO_INCREMENT,
  `date_created` timestamp NOT NULL DEFAULT CURRENT_TIMESTAMP,
  `author_id` int(11) NOT NULL DEFAULT '1',
  `enabled` int(1) NOT NULL DEFAULT '1',
  `active` int(1) NOT NULL DEFAULT '1',
  PRIMARY KEY (`id`)
) ENGINE=InnoDB  DEFAULT CHARSET=utf8 AUTO_INCREMENT=15 ;

--
-- Dumping data for table `apl_poll`
--

INSERT INTO `apl_poll` (`id`, `date_created`, `author_id`, `enabled`, `active`) VALUES
(10, '2014-08-22 15:10:01', 1, 1, 1),
(13, '2014-08-22 15:12:46', 1, 1, 1),
(14, '2014-09-10 12:29:33', 1, 1, 1);

-- --------------------------------------------------------

--
-- Table structure for table `apl_poll_answer`
--

DROP TABLE IF EXISTS `apl_poll_answer`;
CREATE TABLE IF NOT EXISTS `apl_poll_answer` (
  `id` int(11) NOT NULL AUTO_INCREMENT,
  `title` varchar(50) NOT NULL,
  `poll_question_id` int(11) NOT NULL,
  PRIMARY KEY (`id`)
) ENGINE=InnoDB  DEFAULT CHARSET=utf8 AUTO_INCREMENT=25 ;

--
-- Dumping data for table `apl_poll_answer`
--

INSERT INTO `apl_poll_answer` (`id`, `title`, `poll_question_id`) VALUES
(11, 'answer1', 7),
(12, 'answer2', 7),
(13, 'answer3', 7),
(14, 'ответ1', 8),
(15, 'ответ2', 8),
(16, 'ответ3', 8),
(17, 'answer21', 9),
(18, 'answer22', 9),
(19, 'вопрос21', 10),
(20, 'вопрос22', 10),
(21, 'df gsdfg fdsgsdfg sdfgsdf', 11),
(22, 'dfg dfgsdfg dfgdfgdfs ', 11),
(23, 'cvb cvbxcvb xcvbxcvb xcvb', 11),
(24, 'retwert ert er twertewrt', 11);

-- --------------------------------------------------------

--
-- Table structure for table `apl_poll_question`
--

DROP TABLE IF EXISTS `apl_poll_question`;
CREATE TABLE IF NOT EXISTS `apl_poll_question` (
  `id` int(11) NOT NULL AUTO_INCREMENT,
  `title` varchar(50) NOT NULL,
  `poll_id` int(11) NOT NULL,
  `lang_id` int(11) NOT NULL,
  PRIMARY KEY (`id`)
) ENGINE=InnoDB  DEFAULT CHARSET=utf8 AUTO_INCREMENT=24 ;

--
-- Dumping data for table `apl_poll_question`
--

INSERT INTO `apl_poll_question` (`id`, `title`, `poll_id`, `lang_id`) VALUES
(7, 'Intrebare 1', 10, 1),
(8, 'Вопрос 1', 10, 2),
(9, 'Intrebare 2', 13, 1),
(10, 'Вопрос 2', 13, 2),
(11, 'Tatata?', 14, 1),
(12, '', 10, 4),
(13, '', 13, 4),
(14, '', 14, 4),
(15, '', 10, 5),
(16, '', 13, 5),
(17, '', 14, 5),
(18, '', 10, 6),
(19, '', 13, 6),
(20, '', 14, 6),
(21, '', 10, 7),
(22, '', 13, 7),
(23, '', 14, 7);

-- --------------------------------------------------------

--
-- Table structure for table `apl_poll_votes`
--

DROP TABLE IF EXISTS `apl_poll_votes`;
CREATE TABLE IF NOT EXISTS `apl_poll_votes` (
  `id` int(11) NOT NULL AUTO_INCREMENT,
  `ip` varchar(100) NOT NULL,
  `poll_id` int(11) NOT NULL,
  `answer_id` int(11) NOT NULL,
  `date_created` timestamp NOT NULL DEFAULT CURRENT_TIMESTAMP,
  PRIMARY KEY (`id`)
) ENGINE=InnoDB  DEFAULT CHARSET=utf8 AUTO_INCREMENT=32 ;

--
-- Dumping data for table `apl_poll_votes`
--

INSERT INTO `apl_poll_votes` (`id`, `ip`, `poll_id`, `answer_id`, `date_created`) VALUES
(18, '92.115.237.211', 13, 18, '2014-09-10 16:33:14'),
(19, '92.115.237.211', 13, 17, '2014-09-10 16:34:03'),
(20, '92.115.237.211', 13, 17, '2014-09-10 16:42:05'),
(21, '92.115.237.211', 13, 17, '2014-09-10 16:42:43'),
(22, '92.115.237.211', 13, 17, '2014-09-10 16:57:02'),
(23, '92.115.237.211', 13, 17, '2014-09-10 16:57:02'),
(24, '92.115.237.215', 14, 23, '2014-09-18 15:04:47'),
(25, '92.115.237.215', 14, 22, '2014-09-21 20:33:43'),
(26, '::1', 10, 11, '2014-10-11 12:43:07'),
(27, '92.115.237.211', 14, 24, '2014-10-11 15:25:44'),
(28, '109.185.200.186', 14, 22, '2014-10-13 09:46:00'),
(29, '109.185.200.186', 13, 18, '2014-10-13 09:46:27'),
(30, '92.115.237.211', 13, 17, '2014-10-17 08:44:28'),
(31, '92.115.237.211', 14, 21, '2014-10-17 09:02:28');

-- --------------------------------------------------------

--
-- Table structure for table `apl_post`
--

DROP TABLE IF EXISTS `apl_post`;
CREATE TABLE IF NOT EXISTS `apl_post` (
  `id` int(11) NOT NULL AUTO_INCREMENT,
  `created_at` timestamp NOT NULL DEFAULT CURRENT_TIMESTAMP,
  `updated_at` timestamp NOT NULL DEFAULT '0000-00-00 00:00:00',
  `author_id` int(11) DEFAULT NULL,
  `taxonomy_id` int(11) DEFAULT NULL,
  `feed_id` int(11) NOT NULL DEFAULT '0',
  `clone_id` int(11) NOT NULL DEFAULT '0',
  `ord_num` int(11) NOT NULL,
  `views` int(11) NOT NULL DEFAULT '0',
  `view_mod` varchar(100) NOT NULL,
  `have_socials` int(1) NOT NULL DEFAULT '1',
  `have_comments` int(1) NOT NULL DEFAULT '0',
  `show_files` int(1) NOT NULL DEFAULT '1',
  `show_file_search` int(1) NOT NULL DEFAULT '0',
  `show_pcomment` int(1) NOT NULL DEFAULT '0',
  `parent` int(11) DEFAULT '0',
  `general_node` int(1) NOT NULL DEFAULT '0',
  `is_home_page` int(1) NOT NULL DEFAULT '0',
  `is_trash` int(1) NOT NULL DEFAULT '0',
  `is_alert` int(1) NOT NULL DEFAULT '0',
  `alert_expire` timestamp NULL DEFAULT NULL,
  `redirect_to` int(11) NOT NULL DEFAULT '0',
  `to_home` int(1) NOT NULL DEFAULT '0',
  PRIMARY KEY (`id`)
) ENGINE=InnoDB  DEFAULT CHARSET=utf8 AUTO_INCREMENT=281 ;

--
-- Dumping data for table `apl_post`
--

INSERT INTO `apl_post` (`id`, `created_at`, `updated_at`, `author_id`, `taxonomy_id`, `feed_id`, `clone_id`, `ord_num`, `views`, `view_mod`, `have_socials`, `have_comments`, `show_files`, `show_file_search`, `show_pcomment`, `parent`, `general_node`, `is_home_page`, `is_trash`, `is_alert`, `alert_expire`, `redirect_to`, `to_home`) VALUES
(19, '2014-07-23 00:21:14', '2014-07-23 00:21:14', 1, 2, 0, 0, 19, 0, '', 1, 0, 1, 0, 0, 0, 0, 0, 0, 0, NULL, 0, 0),
(20, '2014-07-23 00:21:24', '2014-07-23 09:40:42', 1, 2, 0, 0, 20, 0, '', 1, 0, 1, 0, 0, 0, 0, 0, 0, 0, NULL, 0, 0),
(21, '2014-08-23 00:25:00', '2014-07-23 10:12:43', 1, 2, 0, 0, 21, 0, '', 1, 0, 1, 0, 0, 0, 0, 0, 0, 0, NULL, 0, 0),
(22, '2014-07-23 11:28:50', '2014-07-23 12:06:45', 1, 2, 0, 0, 22, 0, '', 1, 0, 1, 0, 0, 0, 0, 0, 0, 0, NULL, 0, 0),
(23, '2014-07-23 12:11:39', '2014-07-23 12:11:39', 1, 2, 0, 0, 23, 0, '', 1, 0, 1, 0, 0, 0, 0, 0, 0, 0, NULL, 0, 0),
(24, '2014-07-25 07:40:12', '2014-07-25 07:40:12', 1, 2, 0, 0, 24, 0, '', 1, 0, 1, 0, 0, 0, 0, 0, 0, 0, NULL, 0, 0),
(27, '2014-08-28 05:05:11', '2014-08-28 05:05:11', 1, 2, 0, 0, 27, 0, '', 1, 0, 1, 0, 0, 0, 0, 0, 0, 0, NULL, 0, 0),
(31, '2014-08-29 09:46:38', '2014-08-29 09:46:38', 1, 2, 0, 0, 31, 0, '', 1, 0, 1, 0, 0, 0, 0, 0, 0, 0, NULL, 0, 0),
(33, '2014-08-29 11:50:48', '2014-08-29 11:50:48', 1, 2, 0, 0, 33, 0, '', 1, 0, 1, 0, 0, 0, 0, 0, 0, 0, NULL, 0, 0),
(35, '2014-08-29 11:56:20', '2014-08-29 11:56:20', 1, 2, 0, 0, 35, 0, '', 1, 0, 1, 0, 0, 0, 0, 0, 0, 0, NULL, 0, 0),
(37, '2014-08-30 09:30:27', '2014-09-29 10:32:30', 1, 2, 0, 0, 37, 0, '', 1, 0, 1, 0, 0, 0, 0, 0, 0, 0, NULL, 0, 0),
(38, '2014-08-30 09:31:25', '2014-08-30 09:31:25', 1, 2, 0, 0, 38, 0, '', 1, 0, 1, 0, 0, 0, 0, 0, 0, 0, NULL, 0, 0),
(40, '2014-08-30 09:55:07', '2014-08-30 09:55:07', 1, 2, 0, 0, 40, 0, '', 1, 0, 1, 0, 0, 0, 0, 0, 0, 0, NULL, 0, 0),
(41, '2014-08-30 09:55:51', '2014-08-30 09:55:51', 1, 2, 0, 0, 41, 0, '', 1, 0, 1, 0, 0, 0, 0, 0, 0, 0, NULL, 0, 0),
(48, '2014-09-05 07:04:35', '2014-09-05 07:04:35', 1, 2, 0, 0, 48, 0, '', 1, 0, 1, 0, 0, 0, 0, 0, 0, 0, NULL, 0, 0),
(49, '2014-09-05 07:05:17', '2014-09-05 07:05:17', 1, 2, 0, 0, 49, 0, '', 1, 0, 1, 0, 0, 0, 0, 0, 0, 0, NULL, 0, 0),
(53, '2014-09-05 14:18:13', '2014-09-05 14:18:13', 1, 2, 0, 0, 53, 0, '', 1, 0, 1, 0, 0, 0, 0, 0, 0, 0, NULL, 0, 0),
(54, '2014-09-05 14:19:27', '2014-09-05 14:19:27', 1, 2, 0, 0, 54, 0, '', 1, 0, 1, 0, 0, 0, 0, 0, 0, 0, NULL, 0, 0),
(56, '2014-09-06 03:41:02', '2014-09-06 03:41:02', 1, 2, 0, 0, 56, 0, '', 1, 0, 1, 0, 0, 0, 0, 0, 0, 0, NULL, 0, 0),
(62, '2014-09-06 12:55:13', '2014-09-06 12:55:13', 1, 2, 0, 0, 62, 0, '', 1, 0, 1, 0, 0, 0, 0, 0, 0, 0, NULL, 0, 0),
(63, '2014-09-07 08:19:20', '2014-09-07 08:19:20', 1, 2, 0, 0, 63, 0, '', 1, 0, 1, 0, 0, 0, 0, 0, 0, 0, NULL, 0, 0),
(64, '2014-09-07 09:12:21', '2014-09-07 09:12:21', 1, 2, 0, 0, 64, 0, '', 1, 0, 1, 0, 0, 0, 0, 0, 0, 0, NULL, 0, 0),
(65, '2014-09-07 09:12:31', '2014-09-25 16:02:22', 1, 2, 0, 0, 65, 0, '', 1, 0, 1, 0, 0, 0, 0, 0, 0, 0, NULL, 0, 0),
(66, '2014-09-08 21:12:39', '2014-10-13 08:56:41', 1, 2, 0, 0, 66, 0, '', 1, 0, 1, 0, 0, 0, 0, 0, 0, 0, '0000-00-00 00:00:00', 0, 0),
(71, '2014-09-09 11:10:07', '2014-09-09 11:10:07', 1, 2, 0, 0, 71, 0, '', 1, 0, 1, 0, 0, 0, 0, 0, 0, 0, NULL, 0, 0),
(72, '2014-09-09 11:28:25', '2014-09-09 11:28:25', 1, 2, 0, 0, 72, 0, '', 1, 0, 1, 0, 0, 0, 0, 0, 0, 0, NULL, 0, 0),
(75, '2014-09-09 13:59:44', '2014-09-09 13:59:44', 1, 2, 0, 0, 75, 0, '', 1, 0, 1, 0, 0, 0, 0, 0, 0, 0, NULL, 0, 0),
(81, '2014-09-11 12:14:30', '2014-09-11 12:14:30', 1, 2, 0, 0, 81, 0, '', 1, 0, 1, 0, 0, 0, 0, 0, 0, 0, NULL, 0, 0),
(82, '2014-09-11 12:15:06', '2014-09-11 12:15:06', 1, 2, 0, 0, 82, 0, '', 1, 0, 1, 0, 0, 0, 0, 0, 0, 0, NULL, 0, 0),
(84, '2014-09-12 08:00:53', '2014-09-12 08:00:53', 1, 2, 0, 0, 84, 0, '', 1, 0, 1, 0, 0, 0, 0, 0, 0, 0, NULL, 0, 0),
(85, '2014-09-12 08:11:33', '2014-09-12 08:11:33', 1, 2, 0, 0, 85, 0, '', 1, 0, 1, 0, 0, 0, 0, 0, 0, 0, NULL, 0, 0),
(86, '2014-09-12 08:12:07', '2014-09-12 08:12:07', 1, 2, 0, 0, 86, 0, '', 1, 0, 1, 0, 0, 0, 0, 0, 0, 0, NULL, 0, 0),
(87, '2014-09-12 08:31:55', '2014-09-12 08:31:55', 1, 2, 0, 0, 87, 0, '', 1, 0, 1, 0, 0, 0, 0, 0, 0, 0, NULL, 0, 0),
(88, '2014-09-12 08:42:44', '2014-09-12 08:42:44', 1, 2, 0, 0, 88, 0, '', 1, 0, 1, 0, 0, 0, 0, 0, 0, 0, NULL, 0, 0),
(90, '2014-09-12 12:45:53', '2014-10-09 14:46:29', 1, 2, 0, 0, 90, 0, '', 1, 1, 1, 0, 1, 0, 0, 0, 0, 0, NULL, 0, 1),
(91, '2011-05-10 00:46:56', '2014-09-13 07:27:47', 1, 2, 0, 0, 91, 0, '', 1, 0, 1, 0, 0, 0, 0, 0, 0, 0, NULL, 0, 0),
(92, '2014-09-12 12:47:09', '2014-10-10 04:50:19', 1, 2, 0, 0, 92, 0, '', 1, 0, 1, 0, 0, 0, 0, 0, 0, 0, NULL, 0, 0),
(95, '2014-09-15 13:37:13', '2014-10-19 19:03:16', 1, 1, 0, 0, 106, 305, 'contactsView', 1, 0, 1, 0, 0, 0, 0, 0, 0, 0, NULL, 0, 0),
(97, '2014-10-31 01:37:06', '2014-10-16 12:22:10', 1, 2, 0, 0, 95, 0, '', 1, 0, 1, 0, 0, 0, 0, 0, 0, 0, '0000-00-00 00:00:00', 0, 0),
(98, '2014-09-16 11:40:19', '2014-09-25 15:44:06', 1, 2, 0, 0, 97, 0, '', 1, 0, 1, 0, 0, 0, 0, 0, 0, 0, NULL, 0, 0),
(101, '2014-09-17 02:00:10', '2014-09-25 15:44:53', 1, 2, 0, 0, 101, 0, '', 1, 0, 1, 0, 0, 0, 0, 0, 0, 0, NULL, 0, 0),
(102, '2014-09-17 08:41:53', '2014-09-25 14:29:45', 1, 1, 0, 0, 102, 1, '', 1, 0, 1, 0, 0, 130, 0, 0, 0, 0, NULL, 0, 0),
(103, '2014-09-17 08:42:18', '2014-10-19 21:07:01', 1, 1, 0, 0, 98, 2463, '', 1, 0, 0, 0, 0, 0, 1, 1, 0, 0, NULL, 0, 0),
(104, '2014-09-17 08:48:41', '2014-10-19 20:22:34', 1, 1, 0, 0, 103, 615, '', 1, 0, 1, 0, 0, 0, 1, 0, 0, 0, NULL, 0, 0),
(105, '2014-09-17 08:49:21', '2014-10-19 20:59:33', 1, 1, 0, 0, 104, 407, '', 1, 0, 1, 0, 0, 0, 1, 0, 0, 0, NULL, 0, 0),
(106, '2014-09-17 08:49:37', '2014-10-19 20:57:23', 1, 1, 0, 0, 105, 347, '', 1, 0, 1, 0, 0, 0, 1, 0, 0, 0, NULL, 0, 0),
(107, '2014-09-17 08:50:08', '2014-09-25 08:43:20', 1, 1, 0, 0, 107, 3, '', 1, 0, 1, 0, 0, 103, 0, 0, 0, 0, NULL, 132, 0),
(108, '2014-09-17 08:51:20', '2014-09-18 06:24:12', 1, 1, 0, 0, 108, 2, '', 1, 0, 1, 0, 0, 103, 0, 0, 0, 0, NULL, 145, 0),
(109, '2014-09-17 08:51:42', '2014-09-18 06:24:29', 1, 1, 0, 0, 109, 0, '', 1, 0, 1, 0, 0, 103, 0, 0, 0, 0, NULL, 158, 0),
(110, '2014-09-17 08:52:21', '2014-09-18 06:25:14', 1, 1, 0, 0, 110, 3, '', 1, 0, 1, 0, 0, 103, 0, 0, 0, 0, NULL, 163, 0),
(111, '2014-09-17 08:52:50', '2014-09-18 06:31:31', 1, 1, 0, 0, 111, 0, '', 1, 0, 1, 0, 0, 103, 0, 0, 0, 0, NULL, 171, 0),
(112, '2014-09-17 08:53:24', '2014-09-18 06:38:49', 1, 1, 0, 0, 112, 0, '', 1, 0, 1, 0, 0, 103, 0, 0, 0, 0, NULL, 185, 0),
(113, '2014-09-17 08:53:42', '2014-09-18 06:44:02', 1, 1, 0, 0, 113, 1, '', 1, 0, 1, 0, 0, 103, 0, 0, 0, 0, NULL, 188, 0),
(114, '2014-09-17 08:54:05', '2014-09-18 06:52:45', 1, 1, 0, 0, 114, 2, '', 1, 0, 1, 0, 0, 103, 0, 0, 0, 0, NULL, 193, 0),
(115, '2014-09-17 08:54:27', '2014-10-03 11:25:42', 1, 1, 0, 0, 115, 0, '', 1, 0, 1, 0, 0, 104, 0, 0, 0, 0, NULL, 197, 0),
(116, '2014-09-17 08:54:53', '2014-09-21 16:09:07', 1, 1, 0, 0, 116, 5, '', 1, 0, 1, 0, 0, 104, 0, 0, 0, 0, NULL, 210, 0),
(117, '2014-09-17 08:55:14', '2014-09-18 11:26:29', 1, 1, 0, 0, 117, 2, '0', 1, 0, 1, 0, 0, 104, 0, 0, 0, 0, NULL, 211, 0),
(118, '2014-09-17 08:55:44', '2014-09-18 11:27:31', 1, 1, 0, 0, 118, 0, '0', 1, 0, 1, 0, 0, 105, 0, 0, 0, 0, NULL, 213, 0),
(119, '2014-09-17 08:55:56', '2014-09-18 11:41:13', 1, 1, 0, 0, 119, 1, '', 1, 0, 1, 0, 0, 105, 0, 0, 0, 0, NULL, 223, 0),
(120, '2014-09-17 08:56:13', '2014-09-18 11:41:27', 1, 1, 0, 0, 120, 2, '', 1, 0, 1, 0, 0, 105, 0, 0, 0, 0, NULL, 227, 0),
(121, '2014-09-17 08:56:43', '2014-09-18 11:51:16', 1, 1, 0, 0, 121, 1, '', 1, 0, 1, 0, 0, 106, 0, 0, 0, 0, NULL, 235, 0),
(122, '2014-09-17 08:57:08', '2014-09-18 11:51:30', 1, 1, 0, 0, 122, 1, '', 1, 0, 1, 0, 0, 106, 0, 0, 0, 0, NULL, 237, 0),
(123, '2014-09-17 08:57:26', '2014-09-18 11:51:43', 1, 1, 0, 0, 123, 0, '', 1, 0, 1, 0, 0, 106, 0, 0, 0, 0, NULL, 239, 0),
(124, '2014-09-17 08:57:47', '2014-09-18 11:51:53', 1, 1, 0, 0, 124, 0, '', 1, 0, 1, 0, 0, 106, 0, 0, 0, 0, NULL, 243, 0),
(125, '2014-09-17 08:58:27', '2014-09-18 11:52:05', 1, 1, 0, 0, 125, 2, '', 1, 0, 1, 0, 0, 106, 0, 0, 0, 0, NULL, 247, 0),
(126, '2014-09-17 08:58:48', '2014-09-18 11:52:19', 1, 1, 0, 0, 126, 1, '', 1, 0, 1, 0, 0, 106, 0, 0, 0, 0, NULL, 251, 0),
(127, '2014-09-17 08:59:09', '2014-10-19 20:24:01', 1, 1, 5, 0, 127, 46, 'urgentNumbers', 1, 0, 1, 0, 0, 0, 0, 0, 0, 0, NULL, 0, 0),
(128, '2014-09-17 08:59:51', '2014-10-18 13:22:53', 1, 1, 0, 0, 128, 60, 'mapPage', 1, 0, 1, 0, 0, 0, 0, 0, 0, 0, NULL, 0, 0),
(129, '2014-09-17 09:00:08', '2014-10-18 13:42:25', 1, 1, 12, 0, 239, 23, 'fileFolders', 1, 0, 1, 0, 0, 123, 0, 0, 0, 0, NULL, 0, 0),
(130, '2014-09-17 09:00:23', '2014-09-26 03:28:58', 1, 1, 0, 0, 130, 1, '', 1, 0, 1, 0, 0, 0, 0, 0, 0, 0, NULL, 103, 0),
(131, '2014-09-17 09:00:36', '2014-10-06 10:47:10', 1, 1, 0, 0, 131, 828, 'error404', 1, 0, 1, 0, 0, 130, 0, 0, 0, 0, NULL, 0, 0),
(132, '2014-09-17 09:01:18', '2014-10-19 16:42:58', 1, 1, 18, 0, 132, 180, 'accordion_list', 1, 0, 1, 0, 0, 107, 0, 0, 0, 0, NULL, 0, 0),
(133, '2014-09-17 09:02:01', '2014-10-19 16:42:53', 1, 1, 0, 0, 133, 57, '', 1, 0, 1, 0, 0, 107, 0, 0, 0, 0, NULL, 0, 0),
(134, '2014-09-17 09:02:25', '2014-10-19 16:43:03', 1, 1, 0, 0, 134, 33, '', 1, 0, 1, 0, 0, 107, 0, 0, 0, 0, NULL, 0, 0),
(135, '2014-09-17 09:02:53', '2014-10-13 05:58:45', 1, 1, 0, 0, 135, 27, '', 1, 0, 1, 0, 0, 107, 0, 0, 0, 0, NULL, 0, 0),
(136, '2014-09-17 09:03:16', '2014-10-17 10:16:16', 1, 1, 0, 0, 136, 20, '', 1, 0, 1, 0, 0, 107, 0, 0, 0, 0, NULL, 0, 0),
(137, '2014-09-17 09:03:42', '2014-10-12 09:00:15', 1, 1, 0, 0, 137, 11, '', 1, 0, 1, 0, 0, 107, 0, 0, 0, 0, NULL, 0, 0),
(138, '2014-09-17 09:04:18', '2014-10-16 10:42:50', 1, 1, 0, 0, 138, 15, '', 1, 0, 1, 0, 0, 107, 0, 0, 0, 0, NULL, 0, 0),
(139, '2014-09-17 09:04:56', '2014-10-19 18:24:41', 1, 1, 0, 0, 139, 14, '', 1, 0, 1, 0, 0, 107, 0, 0, 0, 0, NULL, 0, 0),
(140, '2014-09-17 09:05:31', '2014-10-19 16:43:46', 1, 1, 0, 0, 140, 14, '', 1, 0, 1, 0, 0, 107, 0, 0, 0, 0, NULL, 0, 0),
(141, '2014-09-17 09:06:13', '2014-10-19 16:43:52', 1, 1, 0, 0, 141, 51, 'promisiuni_primar_page', 1, 0, 1, 0, 0, 107, 0, 0, 0, 0, NULL, 0, 0),
(142, '2014-09-17 09:06:52', '2014-10-19 16:44:36', 1, 1, 2, 0, 142, 43, 'accordion_list', 1, 0, 1, 0, 0, 141, 0, 0, 0, 0, NULL, 0, 0),
(143, '2014-09-17 09:07:24', '2014-10-19 16:45:04', 1, 1, 0, 0, 143, 38, '', 1, 0, 1, 1, 0, 141, 0, 0, 0, 0, NULL, 0, 0),
(144, '2014-09-17 09:07:41', '2014-10-19 16:45:42', 1, 1, 0, 0, 144, 22, '', 1, 0, 1, 0, 0, 141, 0, 0, 0, 0, NULL, 0, 0),
(145, '2014-09-17 09:08:01', '2014-10-19 18:55:15', 1, 1, 0, 0, 145, 134, '', 1, 0, 1, 0, 0, 108, 0, 0, 0, 0, NULL, 0, 0),
(146, '2014-09-17 09:20:28', '2014-10-19 20:00:33', 1, 1, 0, 0, 146, 83, '', 1, 0, 1, 0, 0, 108, 0, 0, 0, 0, NULL, 0, 0),
(147, '2014-09-17 09:20:52', '2014-10-19 19:03:53', 1, 1, 0, 0, 147, 58, '', 1, 0, 1, 0, 0, 108, 0, 0, 0, 0, NULL, 0, 0),
(148, '2014-09-17 09:25:09', '2014-10-18 11:47:56', 1, 1, 0, 0, 148, 22, '', 1, 0, 1, 0, 0, 108, 0, 0, 0, 0, NULL, 0, 0),
(149, '2014-09-17 09:26:01', '2014-10-15 10:19:15', 1, 1, 0, 0, 149, 16, '', 1, 0, 1, 0, 0, 108, 0, 0, 0, 0, NULL, 0, 0),
(150, '2014-09-17 09:26:22', '2014-10-15 11:12:52', 1, 1, 0, 0, 150, 12, '', 1, 0, 1, 0, 0, 108, 0, 0, 0, 0, NULL, 0, 0),
(151, '2014-09-17 09:26:36', '2014-10-18 11:47:57', 1, 1, 0, 0, 151, 15, '', 1, 0, 1, 0, 0, 108, 0, 0, 0, 0, NULL, 0, 0),
(152, '2014-09-17 09:26:51', '2014-10-15 11:12:54', 1, 1, 0, 0, 152, 17, '', 1, 0, 1, 0, 0, 108, 0, 0, 0, 0, NULL, 0, 0),
(153, '2014-09-17 09:27:12', '2014-10-19 16:46:42', 1, 1, 0, 0, 153, 17, '', 1, 0, 1, 0, 0, 108, 0, 0, 0, 0, NULL, 0, 0),
(154, '2014-09-17 09:27:37', '2014-10-19 16:46:44', 1, 1, 0, 0, 154, 28, 'promisiuni_primar_page', 1, 0, 1, 0, 0, 108, 0, 0, 0, 0, NULL, 0, 0),
(155, '2014-09-17 09:28:25', '2014-10-12 18:32:17', 1, 1, 2, 0, 155, 9, 'accordion_list', 1, 0, 1, 0, 0, 154, 0, 0, 0, 0, NULL, 0, 0),
(156, '2014-09-17 09:28:41', '2014-10-19 16:46:47', 1, 1, 0, 0, 156, 10, '', 1, 0, 1, 1, 0, 154, 0, 0, 0, 0, NULL, 0, 0),
(157, '2014-09-17 09:29:04', '2014-10-17 05:50:42', 1, 1, 0, 0, 157, 11, '', 1, 0, 1, 0, 0, 154, 0, 0, 0, 0, NULL, 0, 0),
(158, '2014-09-17 09:29:42', '2014-10-19 18:51:55', 1, 1, 0, 0, 158, 45, '', 1, 0, 1, 0, 0, 109, 0, 0, 0, 0, NULL, 0, 0),
(159, '2014-09-17 09:30:34', '2014-10-19 18:29:46', 1, 1, 0, 0, 159, 30, '', 1, 0, 1, 0, 0, 109, 0, 0, 0, 0, NULL, 0, 0),
(160, '2014-09-17 09:31:15', '2014-10-19 16:47:14', 1, 1, 0, 0, 161, 24, '', 1, 0, 1, 0, 0, 109, 0, 0, 0, 0, NULL, 0, 0),
(161, '2014-09-17 09:31:34', '2014-10-19 16:48:31', 1, 1, 0, 0, 160, 22, '', 1, 0, 1, 0, 0, 109, 0, 0, 0, 0, NULL, 0, 0),
(162, '2014-09-17 09:32:04', '2014-10-19 16:47:29', 1, 1, 1, 0, 162, 36, 'locations_list', 1, 0, 1, 0, 0, 109, 0, 0, 0, 0, NULL, 0, 0),
(163, '2014-09-17 09:32:36', '2014-10-19 16:49:00', 1, 1, 4, 0, 163, 84, 'tablePosts', 1, 0, 1, 0, 0, 110, 0, 0, 0, 0, NULL, 0, 0),
(164, '2014-09-17 09:33:12', '2014-10-16 11:52:32', 1, 1, 0, 0, 164, 21, '', 1, 0, 1, 0, 0, 110, 0, 0, 0, 0, NULL, 0, 0),
(165, '2014-09-17 09:33:30', '2014-10-16 11:52:34', 1, 1, 0, 0, 165, 14, '', 1, 0, 1, 0, 0, 110, 0, 0, 0, 0, NULL, 0, 0),
(166, '2014-09-17 09:34:50', '2014-10-18 13:05:43', 1, 1, 0, 0, 166, 17, '', 1, 0, 1, 0, 0, 110, 0, 0, 0, 0, NULL, 0, 0),
(167, '2014-09-17 09:35:21', '2014-10-19 16:49:23', 1, 1, 0, 0, 167, 14, '', 1, 0, 1, 0, 0, 110, 0, 0, 0, 0, NULL, 0, 0),
(168, '2014-09-17 09:36:00', '2014-10-16 11:52:40', 1, 1, 0, 0, 168, 23, '', 1, 0, 1, 0, 0, 110, 0, 0, 0, 0, NULL, 0, 0),
(169, '2014-09-17 09:36:35', '2014-10-19 16:49:27', 1, 1, 0, 0, 169, 13, '', 1, 0, 1, 0, 0, 110, 0, 0, 0, 0, NULL, 0, 0),
(171, '2014-09-17 09:38:01', '2014-10-19 17:09:02', 1, 1, 1, 0, 171, 63, 'locations_list', 1, 0, 1, 0, 0, 111, 0, 0, 0, 0, NULL, 0, 0),
(172, '2014-09-17 09:38:20', '2014-10-19 16:49:30', 1, 1, 0, 0, 172, 31, 'promisiuni_primar_page', 1, 0, 1, 0, 0, 110, 0, 0, 0, 0, NULL, 0, 0),
(173, '2014-09-17 09:38:52', '2014-10-16 12:16:22', 1, 1, 2, 0, 173, 7, 'accordion_list', 1, 0, 1, 0, 0, 172, 0, 0, 0, 0, NULL, 0, 0),
(174, '2014-09-17 09:39:05', '2014-10-19 16:49:33', 1, 1, 0, 0, 174, 28, '', 1, 0, 1, 1, 0, 172, 0, 0, 0, 0, NULL, 0, 0),
(175, '2014-09-17 09:39:34', '2014-10-17 04:35:24', 1, 1, 0, 0, 175, 8, '', 1, 0, 1, 0, 0, 172, 0, 0, 0, 0, NULL, 0, 0),
(176, '2014-09-17 09:40:33', '2014-10-18 13:52:13', 1, 1, 1, 0, 176, 35, 'locations_list', 1, 0, 1, 0, 0, 111, 0, 0, 0, 0, NULL, 0, 0),
(177, '2014-09-17 09:41:14', '2014-10-19 21:07:05', 1, 1, 1, 0, 177, 13, 'locations_list', 1, 0, 1, 0, 0, 111, 0, 0, 0, 0, NULL, 0, 0),
(178, '2014-09-17 09:42:05', '2014-10-12 09:25:29', 1, 1, 1, 0, 178, 8, 'locations_list', 1, 0, 1, 0, 0, 111, 0, 0, 0, 0, NULL, 0, 0),
(179, '2014-09-17 09:44:34', '2014-10-12 09:22:44', 1, 1, 1, 0, 179, 6, 'locations_list', 1, 0, 1, 0, 0, 111, 0, 0, 0, 0, NULL, 0, 0),
(180, '2014-09-17 09:44:59', '2014-10-19 16:55:51', 1, 1, 0, 0, 180, 32, 'promisiuni_primar_page', 1, 0, 1, 0, 0, 111, 0, 0, 0, 0, NULL, 0, 0),
(181, '2014-09-17 09:45:29', '2014-10-19 17:08:11', 1, 1, 0, 0, 181, 22, '', 1, 0, 1, 0, 0, 180, 0, 0, 0, 0, NULL, 0, 0),
(182, '2014-09-17 09:46:05', '2014-10-19 17:08:10', 1, 1, 0, 0, 182, 19, '', 1, 0, 1, 0, 0, 180, 0, 0, 0, 0, NULL, 0, 0),
(183, '2014-09-17 09:46:34', '2014-10-19 17:08:07', 1, 1, 0, 0, 183, 24, 'persons_with_photo', 1, 0, 1, 0, 0, 180, 0, 0, 0, 0, NULL, 0, 0),
(184, '2014-09-17 09:46:57', '2014-10-19 17:07:31', 1, 1, 3, 0, 184, 34, 'town_list', 1, 0, 1, 0, 0, 180, 0, 0, 0, 0, NULL, 0, 0),
(185, '2014-09-17 09:47:21', '2014-10-19 18:25:14', 1, 1, 0, 0, 185, 30, '', 1, 0, 1, 0, 0, 112, 0, 0, 0, 0, NULL, 0, 0),
(186, '2014-09-17 09:47:42', '2014-10-12 08:14:04', 1, 1, 0, 0, 186, 17, '', 1, 0, 1, 0, 0, 112, 0, 0, 0, 0, NULL, 0, 0),
(187, '2014-09-17 09:48:05', '2014-10-19 17:08:29', 1, 1, 0, 0, 187, 26, '', 1, 0, 1, 0, 0, 112, 0, 0, 0, 0, NULL, 0, 0),
(188, '2014-09-17 09:51:29', '2014-10-19 19:02:57', 1, 1, 0, 0, 188, 50, '', 1, 0, 1, 0, 0, 113, 0, 0, 0, 0, NULL, 0, 0),
(189, '2014-09-17 09:51:59', '2014-10-19 21:06:04', 1, 1, 0, 0, 189, 36, 'page_calendar', 1, 0, 1, 0, 0, 113, 0, 0, 0, 0, NULL, 0, 0),
(190, '2014-09-17 09:52:21', '2014-10-19 21:03:32', 1, 1, 0, 0, 190, 32, '', 1, 0, 1, 0, 0, 113, 0, 0, 0, 0, NULL, 0, 0),
(191, '2014-09-17 09:52:58', '2014-10-19 18:46:20', 1, 1, 0, 0, 191, 60, 'secial_complaints_list', 1, 0, 1, 0, 0, 113, 0, 0, 0, 0, NULL, 0, 0),
(192, '2014-09-17 09:53:25', '2014-10-19 19:02:59', 1, 1, 2, 0, 192, 13, 'accordion_list', 1, 0, 1, 0, 0, 113, 0, 0, 0, 0, NULL, 0, 0),
(193, '2014-09-17 09:56:22', '2014-10-19 17:13:48', 1, 1, 0, 0, 193, 39, '', 1, 0, 1, 1, 0, 114, 0, 0, 0, 0, NULL, 0, 0),
(194, '2014-09-17 09:57:22', '2014-10-16 20:51:31', 1, 1, 0, 0, 194, 26, '', 1, 0, 1, 1, 0, 114, 0, 0, 0, 0, NULL, 0, 0),
(195, '2014-09-17 09:57:50', '2014-10-19 20:57:18', 1, 1, 0, 0, 195, 21, '', 1, 0, 1, 1, 0, 114, 0, 0, 0, 0, NULL, 0, 0),
(196, '2014-09-17 09:58:15', '2014-10-19 17:14:15', 1, 1, 0, 0, 196, 23, '', 1, 0, 1, 1, 0, 114, 0, 0, 0, 0, NULL, 0, 0),
(197, '2014-09-17 09:58:48', '2014-10-19 10:37:42', 1, 1, 0, 0, 197, 113, 'promisiuni_primar_page', 1, 0, 1, 0, 0, 115, 0, 0, 0, 0, NULL, 0, 0),
(198, '2014-09-17 09:59:04', '2014-10-18 13:49:11', 1, 1, 0, 0, 198, 132, 'persons_big', 1, 0, 1, 0, 0, 115, 0, 0, 0, 0, NULL, 0, 0),
(199, '2014-09-17 09:59:33', '2014-10-18 13:49:20', 1, 1, 0, 0, 199, 51, '', 1, 0, 1, 0, 0, 115, 0, 0, 0, 0, NULL, 0, 0),
(200, '2014-09-17 10:00:01', '2014-10-16 12:58:47', 1, 1, 0, 0, 200, 22, '', 1, 0, 1, 0, 0, 115, 0, 0, 0, 0, NULL, 0, 0),
(201, '2014-09-17 10:00:26', '2014-10-18 13:49:26', 1, 1, 7, 0, 201, 29, 'externLinks', 1, 0, 1, 0, 0, 115, 0, 0, 0, 0, NULL, 0, 0),
(202, '2014-09-17 10:00:47', '2014-10-18 13:49:33', 1, 1, 12, 0, 202, 18, 'fileFolders', 1, 0, 1, 0, 0, 115, 0, 0, 0, 0, NULL, 0, 0),
(203, '2014-09-17 10:01:09', '2014-10-19 20:07:38', 1, 1, 14, 0, 203, 396, 'newsList', 0, 0, 1, 0, 0, 115, 0, 0, 0, 0, NULL, 0, 0),
(204, '2014-09-17 10:01:24', '2014-10-19 10:37:32', 1, 1, 0, 0, 204, 76, 'persons_mayor', 1, 0, 1, 0, 0, 197, 0, 0, 0, 0, NULL, 0, 0),
(205, '2014-09-17 10:02:22', '2014-10-16 12:53:57', 1, 1, 0, 0, 205, 22, '', 1, 0, 1, 0, 0, 197, 0, 0, 0, 0, NULL, 0, 0),
(206, '2014-09-17 10:03:09', '2014-10-16 12:50:40', 1, 1, 0, 0, 206, 20, '', 1, 0, 1, 0, 0, 197, 0, 0, 0, 0, NULL, 0, 0),
(207, '2014-09-17 10:30:23', '2014-10-16 12:53:52', 1, 1, 0, 0, 207, 25, '', 1, 0, 1, 0, 0, 197, 0, 0, 0, 0, NULL, 0, 0),
(210, '2014-09-17 10:31:33', '2014-10-19 16:06:45', 1, 1, 17, 0, 210, 155, 'acticles', 1, 0, 1, 0, 0, 116, 0, 0, 0, 0, NULL, 0, 0),
(211, '2014-09-17 10:32:03', '2014-10-19 10:38:05', 1, 1, 1, 0, 211, 39, 'locations_list', 1, 0, 1, 0, 0, 117, 0, 0, 0, 0, NULL, 0, 0),
(212, '2014-09-17 10:32:26', '2014-10-12 07:15:43', 1, 1, 1, 0, 212, 17, 'locations_list', 1, 0, 1, 0, 0, 117, 0, 0, 0, 0, NULL, 0, 0),
(213, '2014-09-17 10:32:47', '2014-10-19 10:39:20', 1, 1, 0, 0, 213, 73, '', 1, 1, 1, 0, 0, 118, 0, 0, 0, 0, NULL, 0, 0),
(214, '2014-09-17 10:33:07', '2014-10-18 13:28:42', 1, 1, 0, 0, 214, 60, 'promisiuni_primar_page', 1, 0, 1, 0, 0, 118, 0, 0, 0, 0, NULL, 0, 0),
(215, '2014-09-17 10:33:31', '2014-10-17 09:29:03', 1, 1, 0, 0, 215, 69, 'persons_secretar', 1, 0, 1, 0, 0, 118, 0, 0, 0, 0, NULL, 0, 0),
(216, '2014-09-17 10:33:57', '2014-10-18 13:43:42', 1, 1, 0, 0, 216, 75, 'city_councilors', 1, 0, 1, 0, 0, 118, 0, 0, 0, 0, NULL, 0, 0),
(217, '2014-09-17 10:34:31', '2014-10-18 13:43:51', 1, 1, 0, 0, 217, 56, 'page_calendar', 1, 0, 1, 0, 0, 118, 0, 0, 0, 0, NULL, 0, 0),
(218, '2014-09-17 10:35:06', '2014-10-18 13:44:54', 1, 1, 12, 0, 218, 134, 'acteList', 1, 0, 1, 0, 0, 118, 0, 0, 0, 0, NULL, 0, 0),
(219, '2014-09-17 10:35:30', '2014-10-19 20:05:35', 1, 1, 16, 0, 219, 42, 'meetingFuture', 1, 0, 1, 0, 0, 214, 0, 0, 0, 0, NULL, 0, 0),
(220, '2014-09-17 10:36:25', '2014-10-19 20:05:28', 1, 1, 15, 0, 220, 82, 'acticles', 1, 0, 1, 0, 0, 214, 0, 0, 0, 0, NULL, 0, 0),
(221, '2014-09-17 10:37:05', '2014-10-19 20:05:39', 1, 1, 0, 0, 221, 26, 'page_calendar', 1, 0, 1, 0, 0, 214, 0, 0, 0, 0, NULL, 0, 0),
(222, '2014-09-17 10:37:42', '2014-10-19 20:05:43', 1, 1, 0, 0, 222, 15, '', 1, 0, 1, 0, 0, 214, 0, 0, 0, 0, NULL, 0, 0),
(223, '2014-09-17 10:38:46', '2014-10-19 20:59:39', 1, 1, 0, 0, 223, 64, 'group_with_persons', 1, 0, 1, 0, 0, 119, 0, 0, 0, 0, NULL, 0, 0),
(224, '2014-09-17 10:39:11', '2014-10-19 20:59:41', 1, 1, 0, 0, 224, 38, 'group_with_persons', 1, 0, 1, 0, 0, 119, 0, 0, 0, 0, NULL, 0, 0),
(225, '2014-09-17 10:39:38', '2014-10-17 04:08:52', 1, 1, 0, 0, 225, 13, 'group_with_persons', 1, 0, 1, 0, 0, 119, 0, 0, 0, 0, NULL, 0, 0),
(226, '2014-09-17 10:39:56', '2014-10-19 20:59:36', 1, 1, 0, 0, 226, 11, 'group_with_persons', 1, 0, 1, 0, 0, 119, 0, 0, 0, 0, NULL, 0, 0),
(227, '2014-09-17 10:43:22', '2014-10-19 10:39:19', 1, 1, 15, 0, 227, 62, 'acticles', 1, 0, 1, 0, 0, 120, 0, 0, 0, 0, NULL, 0, 0),
(228, '2014-09-17 10:45:37', '2014-10-12 11:42:54', 1, 1, 15, 0, 228, 23, 'acticles', 1, 0, 1, 0, 0, 120, 0, 0, 0, 0, NULL, 0, 0),
(229, '2014-09-17 10:45:57', '2014-10-13 07:01:33', 1, 1, 15, 0, 229, 20, 'acticles', 1, 0, 1, 0, 0, 120, 0, 0, 0, 0, NULL, 0, 0),
(230, '2014-09-17 10:46:26', '2014-10-13 01:27:30', 1, 1, 15, 0, 230, 19, 'acticles', 1, 0, 1, 0, 0, 120, 0, 0, 0, 0, NULL, 0, 0),
(231, '2014-09-17 10:47:11', '2014-10-14 01:29:50', 1, 1, 15, 0, 231, 19, 'acticles', 1, 0, 1, 0, 0, 120, 0, 0, 0, 0, NULL, 0, 0),
(232, '2014-09-17 10:47:37', '2014-10-15 04:04:26', 1, 1, 15, 0, 232, 22, 'acticles', 1, 0, 1, 0, 0, 120, 0, 0, 0, 0, NULL, 0, 0),
(233, '2014-09-17 10:48:16', '2014-10-12 22:18:15', 1, 1, 15, 0, 233, 14, 'acticles', 1, 0, 1, 0, 0, 120, 0, 0, 0, 0, NULL, 0, 0),
(234, '2014-09-17 10:48:48', '2014-10-14 08:05:29', 1, 1, 15, 0, 234, 25, 'acticles', 1, 0, 1, 0, 0, 120, 0, 0, 0, 0, NULL, 0, 0),
(235, '2014-09-17 10:49:23', '2014-10-12 09:42:18', 1, 1, 2, 0, 235, 33, 'accordion_list', 1, 0, 1, 0, 0, 121, 0, 0, 0, 0, NULL, 0, 0),
(236, '2014-09-17 10:49:51', '2014-10-15 03:41:40', 1, 1, 7, 0, 236, 22, 'externLinks', 1, 0, 1, 0, 0, 121, 0, 0, 0, 0, NULL, 0, 0),
(237, '2014-09-17 10:50:36', '2014-10-19 18:09:18', 1, 1, 13, 0, 237, 145, 'videoList', 1, 0, 1, 0, 0, 122, 0, 0, 0, 0, NULL, 0, 0),
(238, '2014-09-17 10:51:06', '2014-10-16 20:56:06', 1, 1, 0, 0, 238, 21, 'secial_complaints_list', 1, 0, 1, 0, 0, 122, 0, 0, 0, 0, NULL, 0, 0),
(239, '2014-09-17 10:51:30', '2014-10-19 11:03:36', 1, 1, 14, 0, 251, 115, 'adsList', 1, 0, 1, 0, 0, 123, 0, 0, 0, 0, NULL, 0, 0),
(240, '2014-09-17 10:51:53', '2014-10-19 12:38:00', 1, 1, 10, 0, 240, 104, 'acquisitionsList', 1, 0, 1, 0, 0, 123, 0, 0, 0, 0, NULL, 0, 0),
(241, '2014-09-17 10:53:08', '2014-10-18 13:42:04', 1, 1, 9, 0, 241, 88, 'posturi_vacante', 0, 0, 1, 0, 0, 123, 0, 0, 0, 0, NULL, 0, 0),
(242, '2014-09-17 10:53:31', '2014-10-19 12:38:49', 1, 1, 15, 0, 242, 32, 'acticles', 1, 0, 1, 0, 0, 123, 0, 0, 0, 0, NULL, 0, 0),
(243, '2014-09-17 10:54:11', '2014-10-19 11:03:36', 1, 1, 15, 0, 243, 81, 'acticles', 1, 0, 1, 0, 0, 124, 0, 0, 0, 0, NULL, 0, 0),
(244, '2014-09-17 10:54:39', '2014-10-15 10:15:44', 1, 1, 15, 0, 244, 34, 'acticles', 1, 0, 1, 0, 0, 124, 0, 0, 0, 0, NULL, 0, 0),
(245, '2014-09-17 10:55:25', '2014-10-15 10:09:53', 1, 1, 15, 0, 245, 28, 'acticles', 1, 0, 1, 0, 0, 124, 0, 0, 0, 0, NULL, 0, 0),
(246, '2014-09-17 10:56:26', '2014-10-14 01:27:08', 1, 1, 15, 0, 246, 25, 'acticles', 1, 0, 1, 0, 0, 124, 0, 0, 0, 0, NULL, 0, 0),
(247, '2014-09-17 10:56:52', '2014-10-19 11:03:37', 1, 1, 15, 0, 247, 49, 'acticles', 0, 0, 1, 0, 0, 125, 0, 0, 0, 0, NULL, 0, 0),
(248, '2014-09-17 10:57:39', '2014-10-14 06:24:11', 1, 1, 15, 0, 248, 21, 'acticles', 1, 0, 1, 0, 0, 125, 0, 0, 0, 0, NULL, 0, 0),
(249, '2014-09-17 10:58:33', '2014-10-14 01:27:06', 1, 1, 15, 0, 249, 30, 'acticles', 1, 0, 1, 0, 0, 125, 0, 0, 0, 0, NULL, 0, 0),
(250, '2014-09-17 10:58:52', '2014-10-17 06:08:36', 1, 1, 0, 0, 250, 77, 'pollList', 1, 0, 1, 0, 0, 125, 0, 0, 0, 0, NULL, 0, 0),
(251, '2014-09-17 10:59:11', '2014-10-19 11:03:38', 1, 1, 11, 0, 252, 40, 'projectsList', 1, 0, 1, 0, 0, 126, 0, 0, 0, 0, NULL, 0, 0),
(252, '2014-09-17 10:59:37', '2014-10-16 12:07:47', 1, 1, 11, 0, 129, 18, 'projectsList', 1, 0, 1, 0, 0, 126, 0, 0, 0, 0, NULL, 0, 0),
(253, '2014-09-17 12:26:44', '2014-09-17 12:26:44', 1, 2, 0, 0, 0, 0, '', 1, 0, 1, 0, 0, 0, 0, 0, 0, 0, NULL, 0, 0),
(254, '2014-09-18 05:28:36', '2014-09-18 05:28:36', 1, 2, 0, 0, 0, 0, '', 1, 0, 1, 0, 0, 0, 0, 0, 0, 0, NULL, 0, 0),
(255, '2014-09-18 05:33:30', '2014-09-18 05:33:30', 1, 2, 0, 0, 0, 0, '', 1, 0, 1, 0, 0, 0, 0, 0, 0, 0, NULL, 0, 0),
(256, '2014-09-18 05:34:21', '2014-09-18 05:34:21', 1, 2, 0, 0, 0, 0, '', 1, 0, 1, 0, 0, 0, 0, 0, 0, 0, NULL, 0, 0),
(257, '2014-09-18 05:34:32', '2014-09-18 05:34:32', 1, 2, 0, 0, 0, 0, '', 1, 0, 1, 0, 0, 0, 0, 0, 0, 0, NULL, 0, 0),
(258, '2014-09-18 05:34:39', '2014-09-18 05:34:39', 1, 2, 0, 0, 0, 0, '', 1, 0, 1, 0, 0, 0, 0, 0, 0, 0, NULL, 0, 0),
(259, '2014-09-18 05:34:46', '2014-09-18 05:34:46', 1, 2, 0, 0, 0, 0, '', 1, 0, 1, 0, 0, 0, 0, 0, 0, 0, NULL, 0, 0),
(260, '2014-09-18 06:33:22', '2014-09-18 06:33:22', 1, 2, 0, 0, 0, 0, '', 1, 0, 1, 0, 0, 0, 0, 0, 0, 0, NULL, 0, 0),
(261, '2014-09-18 06:35:50', '2014-09-18 06:35:50', 1, 2, 0, 0, 0, 0, '', 1, 0, 1, 0, 0, 0, 0, 0, 0, 0, NULL, 0, 0),
(262, '2014-09-18 07:03:06', '2014-10-19 18:57:33', 1, 1, 15, 0, 262, 55, 'acticles', 1, 0, 1, 0, 0, 116, 0, 0, 0, 0, NULL, 0, 0),
(266, '2014-09-22 11:10:56', '2014-09-22 11:10:56', 1, 2, 0, 0, 0, 0, '', 1, 0, 1, 0, 0, 0, 0, 0, 0, 0, NULL, 0, 0),
(267, '2014-09-22 11:15:15', '2014-10-10 04:53:32', 1, 2, 0, 0, 0, 0, '', 1, 0, 1, 0, 1, 0, 0, 0, 0, 0, NULL, 0, 0),
(268, '2014-09-23 15:23:59', '2014-09-23 15:23:59', 1, 2, 0, 0, 0, 0, '', 1, 0, 1, 0, 0, 0, 0, 0, 0, 0, NULL, 0, 0),
(269, '2014-09-23 15:25:27', '2014-09-23 15:25:43', 1, 2, 0, 0, 0, 0, '', 1, 0, 1, 0, 0, 0, 0, 0, 0, 0, NULL, 0, 1),
(270, '2014-09-25 14:40:13', '2014-09-25 15:30:07', 1, 1, 0, 0, 270, 1, '', 1, 0, 1, 0, 0, 0, 0, 0, 0, 0, NULL, 0, 0),
(271, '2014-09-26 04:29:38', '2014-09-29 10:43:53', 1, 2, 0, 0, 0, 0, '', 1, 0, 1, 0, 0, 0, 0, 0, 1, 0, NULL, 0, 0),
(272, '2014-09-26 04:57:24', '2014-09-26 04:57:24', 1, 2, 0, 0, 0, 0, '', 1, 0, 1, 0, 0, 0, 0, 0, 0, 0, NULL, 0, 0),
(273, '2014-09-27 07:46:44', '2014-09-26 07:47:32', 1, 2, 0, 0, 0, 0, '', 1, 0, 1, 0, 0, 0, 0, 0, 0, 0, NULL, 0, 0),
(274, '2014-10-03 11:22:49', '2014-10-07 15:31:49', 4, 1, 0, 0, 274, 0, '', 0, 0, 1, 0, 0, 0, 0, 0, 0, 0, NULL, 203, 0),
(275, '2014-10-03 12:21:51', '2014-10-03 12:21:51', 4, 2, 0, 0, 0, 0, '', 1, 0, 1, 0, 0, 0, 0, 0, 0, 0, NULL, 0, 0),
(276, '2014-10-03 12:22:32', '2014-10-03 12:22:38', 4, 2, 0, 0, 0, 0, '', 1, 0, 1, 0, 0, 0, 0, 0, 0, 0, NULL, 0, 0),
(277, '2014-10-03 12:23:05', '2014-10-03 12:23:05', 4, 2, 0, 0, 0, 0, '', 1, 0, 1, 0, 0, 0, 0, 0, 0, 0, NULL, 0, 0),
(278, '2014-10-03 12:23:59', '2014-10-03 12:23:59', 4, 2, 0, 0, 0, 0, '', 1, 0, 1, 0, 0, 0, 0, 0, 0, 0, NULL, 0, 0),
(279, '2014-10-03 12:24:34', '2014-10-10 10:27:05', 4, 2, 0, 0, 0, 0, '', 1, 0, 1, 0, 0, 0, 0, 0, 0, 1, '2014-10-31 01:27:03', 0, 0),
(280, '2014-10-19 17:00:46', '2014-10-19 17:04:13', 4, 2, 0, 0, 0, 0, '', 1, 0, 1, 0, 0, 0, 0, 0, 0, 0, '0000-00-00 00:00:00', 0, 0);

-- --------------------------------------------------------

--
-- Table structure for table `apl_post_category`
--

DROP TABLE IF EXISTS `apl_post_category`;
CREATE TABLE IF NOT EXISTS `apl_post_category` (
  `id` int(11) NOT NULL AUTO_INCREMENT,
  `post_id` int(11) NOT NULL,
  `category_id` int(11) NOT NULL,
  PRIMARY KEY (`id`)
) ENGINE=InnoDB DEFAULT CHARSET=utf8 AUTO_INCREMENT=1 ;

-- --------------------------------------------------------

--
-- Table structure for table `apl_post_lang`
--

DROP TABLE IF EXISTS `apl_post_lang`;
CREATE TABLE IF NOT EXISTS `apl_post_lang` (
  `id` int(11) NOT NULL AUTO_INCREMENT,
  `title` text NOT NULL,
  `text` text NOT NULL,
  `uri` varchar(200) NOT NULL,
  `post_id` int(11) NOT NULL,
  `lang_id` int(11) NOT NULL,
  `enabled` int(1) NOT NULL DEFAULT '0',
  PRIMARY KEY (`id`)
) ENGINE=InnoDB  DEFAULT CHARSET=utf8 AUTO_INCREMENT=1188 ;

--
-- Dumping data for table `apl_post_lang`
--

INSERT INTO `apl_post_lang` (`id`, `title`, `text`, `uri`, `post_id`, `lang_id`, `enabled`) VALUES
(22, 'dadsfsdfasdfasdxcvxcvzxc', '', 'dadsfsdfasdfasdxcvxcvzxc', 21, 1, 1),
(23, 'sdfsdfsdf ds fsdfsd fs', '', 'sdfsdfsdf-ds-fsdfsd-fs', 21, 2, 0),
(24, 'zxcZXczXCZXczxczxCZX', 'dfsdfsadfadsfs\ndfasdsafasdfasdfasdf', 'zxczxczxczxczxczxczx', 22, 1, 1),
(25, 'dfgsdgdsfgdsfg', 'fdg sdfgdfgdsfg sdfgfgdfg dfgsdf gd', 'dfgsdgdsfgdsfg', 22, 2, 0),
(26, 'qweqweqwe', '', 'qweqweqwe', 23, 1, 1),
(27, 'qweqweqweqwqwe', '', 'qweqweqweqwqwe', 23, 2, 0),
(28, 'dsf sd fsdfsdfasdfasd fsd fasdfas', 'sdfasdfasdfasdf asdfasdfasdfasd f', 'dsf-sd-fsdfsdfasdfasd-fsd-fasdfas', 24, 1, 1),
(29, 'fasdfasdfasdfasdfasfa', 'sd fasdfasddsfasd fasdfsdf asdf sdf s', 'fasdfasdfasdfasdfasfa', 24, 2, 0),
(34, 'sdfgsdfg', 'sdfgsdfgsdfg', 'sdfgsdfg', 0, 0, 1),
(35, 'Regia apa canal', '<p>dfg dfgdfgfsd cvbxcv bvcb &nbsp;gfdgdfgsd</p>\n', 'regia-apa-canal', 27, 1, 1),
(40, 'Super title4t5gcrvg', '', 'super-title4t5gcrvg', 31, 1, 1),
(41, '', '', '41', 31, 2, 0),
(44, ' Doresc sa-mi reintregesc familia pe teritoriul Moldovei!', '<p><span style="color:rgb(75, 75, 75); font-family:open_sanssemibold; font-size:14px">Potrivit legii azilului din Rom&acirc;nia, &icirc;n conformitate cu prevederile Convenţiei de la Geneva din 1951, statutul de refugiat se recunoaşte, la cerere, cetăţeanului străin care, &icirc;n urma unei temeri bine &icirc;ntemeiate de a fi persecutat pe motive de rasă, religie, naţionalitate, opinii politice sau apartenenţă la un anumit grup social, se află &icirc;n afara ţării de origine şi care nu poate sau, datorită acestei temeri, nu doreşte protecţia acestei ţări, precum şi persoanei fără cetăţenie care, fiind &icirc;n afara ţării &icirc;n care &icirc;şi avea reşedinţa obişnuită datorită aceloraşi motive menţionate mai sus, nu poate sau, datorită respectivei temeri, nu doreşte să se re&icirc;ntoarcă.</span></p>\n', '-doresc-sa-mi-reintregesc-familia-pe-teritoriul-moldovei', 33, 1, 1),
(45, '', '', '45', 33, 2, 0),
(48, 'Mun. Piatra Neamț', '', 'mun-piatra-neamt', 35, 1, 1),
(49, '', '', '49', 35, 2, 0),
(52, 'Scopul serviciului public', '<p>Autorizaţia de funcționare este un act administrativ individual ce atestă dreptul titularului autorizaţiei de a desfăşura activitatea &icirc;n unitatea comercială şi/sau de prestări servicii &icirc;n locul (terenul, localul, incinta) stabilit, pentru o perioadă stabilită, cu respectarea obligatorie a condiţiilor de autorizare prevăzute de legislaţie.</p>\n', 'scopul-serviciului-public', 37, 1, 1),
(53, '', '', '53', 37, 2, 0),
(54, 'Planul încăperii nelocative actualizat', '<ol>\n	<li><a href="http://apl.localhost/page/markup/autorizatii">Cerere tipzată (descarcă)</a></li>\n	<li>Extrasul din Registrul de stat al persoanelor juridice și &icirc;ntreprinzătorilor individuali;</li>\n	<li>Certificatul de proprietate asupra imobilului cu destinaţie nelocativă, eliberat de către Oficiul cadastral teritorial. Pentru unităţile amplasate &icirc;n &icirc;ncăperi &icirc;nchiriate urmează să fie prezentat şi contractul de locaţiune;</li>\n	<li>Planul &icirc;ncăperii nelocative actualizat la OCT;</li>\n	<li>Schema de amplasare a unităţii comerciale (pentru gherete, tarabe şi alte unităţi mobile);</li>\n	<li>Contractul de locaţiune sau titlul de autentificare a deţinătorului de teren;</li>\n	<li>Autorizaţia sanitară de funcţionare, pentru toate tipurile de unităţi comerciale şi/sau prestare servicii, iar &icirc;n cazul autorizării magazinelor alimentare şi unităţilor de alimentaţie publică suplimentar şi asortimentul produselor comercializate; Autorizaţia sanitară veterinară de funcţionare</li>\n</ol>\n', 'planul-incaperii-nelocative-actualizat', 38, 1, 1),
(55, '', '', '55', 38, 2, 0),
(58, 'Dispecerul serviciului de pompieri', '', 'dispecerul-serviciului-de-pompieri', 40, 1, 1),
(59, '', '', '59', 40, 2, 0),
(60, 'Politia', '', 'politia', 41, 1, 1),
(61, '', '', '61', 41, 2, 0),
(74, 'PRELEGERE PUBLICĂ LA ULIM: ”POLITICA DE SECURITATE A STATELOR NEUTRE DIN EUROPA', '<p>O prelege memorabilă a prezentat recent la Universitatea Liberă Internaţională din Moldova profesorul Dr. Hanspeter Neuhold, de la Universitatea din Viena, directorul Programului de Masterat al Universităţii şi Academiei Diplomatice din Viena. Profesorul austriac a fost &icirc;nsoţit de c&acirc;ţiva diplomaţi din ţara sa, care de asemenea au răspuns cu amabilitate la &icirc;ntrebările studenţilor şi profesorilor ULIM -Dr. Karl Schramek, Ambasadorul Austriei la NATO, şi Ambasadorul Gerhard Jandl, Directorul Departamentului PoliticO prelege memorabilă a prezentat recent la Universitatea Liberă Internaţională din Moldova profesorul Dr. Hanspeter Neuhold, de la Universitatea din Viena, directorul Programului de Masterat al Universităţii şi Academiei Diplomatice din Viena. Profesorul austriac a fost &icirc;nsoţit de c&acirc;ţiva diplomaţi din ţara sa, care de asemenea au răspuns cu amabilitate la &icirc;ntrebările studenţilor şi profesorilor ULIM -Dr. Karl Schramek, Ambasadorul Austriei la NATO, şi Ambasadorul Gerhard Jandl, Directorul Departamentului PoliticO prelege memorabilă a prezentat recent la Universitatea Liberă Internaţională din Moldova profesorul Dr. Hanspeter Neuhold, de la Universitatea din Viena, directorul Programului de Masterat al Universităţii şi Academiei Diplomatice din Viena. Profesorul austriac a fost &icirc;nsoţit de c&acirc;ţiva diplomaţi din ţara sa, care de asemenea au răspuns cu amabilitate la &icirc;ntrebările studenţilor şi profesorilor ULIM -Dr. Karl Schramek, Ambasadorul Austriei la NATO, şi Ambasadorul Gerhard Jandl, Directorul Departamentului Politic</p>\n', 'prelegere-publica-la-ulim-politica-de-securitate-a-statelor-neutre-din-europa', 48, 1, 1),
(75, '', '', '75', 48, 2, 0),
(76, 'PRELEGERE PUBLICĂ', '<p>Profesorul austriac a fost &icirc;nsoţit de c&acirc;ţiva diplomaţi din ţara sa, care de asemenea au răspuns cu amabilitate la &icirc;ntrebările studenţilor şi profesorilor ULIM -Dr. Karl Schramek, Ambasadorul Austriei la NATO, şi Ambasadorul Gerhard Jandl, Directorul Departamentului Politică de Securitate şi Politică Externă şi de Securitate Comună al MAE al Austriei.&nbsp;Profesorul austriac a fost &icirc;nsoţit de c&acirc;ţiva diplomaţi din ţara sa, care de asemenea au răspuns cu amabilitate la &icirc;ntrebările studenţilor şi profesorilor ULIM -Dr. Karl Schramek, Ambasadorul Austriei la NATO, şi Ambasadorul Gerhard Jandl, Directorul Departamentului Politică de Securitate şi Politică Externă şi de Securitate Comună al MAE al Austriei.&nbsp;Profesorul austriac a fost &icirc;nsoţit de c&acirc;ţiva diplomaţi din ţara sa, care de asemenea au răspuns cu amabilitate la &icirc;ntrebările studenţilor şi profesorilor ULIM -Dr. Karl Schramek, Ambasadorul Austriei la NATO, şi Ambasadorul Gerhard Jandl, Directorul Departamentului Politică de Securitate şi Politică Externă şi de Securitate Comună al MAE al Austriei.&nbsp;Profesorul austriac a fost &icirc;nsoţit de c&acirc;ţiva diplomaţi din ţara sa, care de asemenea au răspuns cu amabilitate la &icirc;ntrebările studenţilor şi profesorilor ULIM -Dr. Karl Schramek, Ambasadorul Austriei la NATO, şi Ambasadorul Gerhard Jandl, Directorul Departamentului Politică de Securitate şi Politică Externă şi de Securitate Comună al MAE al Austriei.</p>\n', 'prelegere-publica', 49, 1, 1),
(77, '', '', '77', 49, 2, 0),
(84, 'Cadrul legal al administratiei publice locale din Republica Moldova', '', 'cadrul-legal-al-administratiei-publice-locale-din-republica-moldova', 53, 1, 1),
(85, '', '', '85', 53, 2, 0),
(86, 'Cadrul legal al administratiei publice locale din Republica Moldova', '', 'cadrul-legal-al-administratiei-publice-locale-din-republica-moldova-86', 54, 1, 1),
(87, '', '', '87', 54, 2, 0),
(90, 'Documente strategice - 2008', '<p>dfg sdfgdbvxcbxcv&nbsp;dfg sdfgdbvxcbxcv&nbsp;dfg sdfgdbvxcbxcv&nbsp;dfg sdfgdbvxcbxcv&nbsp;dfg sdfgdbvxcbxcv&nbsp;dfg sdfgdbvxcbxcv&nbsp;dfg sdfgdbvxcbxcv&nbsp;dfg sdfgdbvxcbxcv&nbsp;dfg sdfgdbvxcbxcv&nbsp;dfg sdfgdbvxcbxcv&nbsp;dfg sdfgdbvxcbxcv&nbsp;dfg sdfgdbvxcbxcv&nbsp;dfg sdfgdbvxcbxcv&nbsp;dfg sdfgdbvxcbxcv&nbsp;</p>\n', 'documente-strategice-2008', 56, 1, 1),
(91, '', '', '91', 56, 2, 0),
(102, 'Contabil', '<p>Cautati un serviciu care &icirc;ţi poate aduce satisfacţie şi dezvoltare?</p>\n\n<p>Care &icirc;ţi va pune &icirc;n valoare potenţialul şi unde vei putea să-ţi manifeşti cunoştinţele pe deplin?</p>\n\n<p>Atunci postul vacant de contabil in compania ICS &bdquo;Vicmobile&rdquo; SRL, este pentru D-voastră.</p>\n\n<p><span style="color:#7c4d7c"><strong>CERINŢE FAŢĂ DE CANDIDAT:</strong></span></p>\n\n<ul>\n	<li>Studii superioare de profil (contabilitate, economie, finanţe);</li>\n	<li>Experienţă &icirc;n poziţie similară &ndash; minim 2 ani;</li>\n	<li>Deprinderi avansate PC (MS Office, 1C);</li>\n	<li>Cunoaşterea limbii rom&acirc;ne şi ruse;</li>\n	<li>Orientare spre instruire;</li>\n	<li>Responsabilitate, organizare, atenţie la detalii;</li>\n	<li>Rezistenţă la stres;</li>\n</ul>\n\n<p><strong><span style="color:#7c4d7c">SARCINI DE LUCRU:</span></strong></p>\n\n<ul>\n	<li>Introducerea, emiterea şi evidenţa facturilor fiscale;</li>\n	<li>Primirea şi verificarea documentelor contabile primare şi pregătirea lor pentru procesul de numărare.</li>\n	<li>Evidenţa intrărilor şi ieşirilor mijloacelor băneşti (casa);</li>\n	<li>Păstrarea competentă şi veridică a evidenţei contabile;</li>\n</ul>\n\n<hr />\n<p>[cv_form]</p>\n', 'contabil', 62, 1, 1),
(103, '', '', '103', 62, 2, 0),
(104, 'Cursuri gratuite de tinichigiu, mecanic si electrician auto pentru someri, cu sprijin la angajare', '<p>Cautati un serviciu care &icirc;ţi poate aduce satisfacţie şi dezvoltare?</p>\n\n<p>Care &icirc;ţi va pune &icirc;n valoare potenţialul şi unde vei putea să-ţi manifeşti cunoştinţele pe deplin?</p>\n\n<p>Atunci postul vacant de contabil in compania ICS &bdquo;Vicmobile&rdquo; SRL, este pentru D-voastră.</p>\n\n<div class="ldm_li" style="box-sizing: border-box; color: rgb(34, 34, 34); font-family: open_sansregular; font-size: 16px; line-height: 22.3999996185303px;">\n<p><strong>CERINŢE FAŢĂ DE CANDIDAT:</strong></p>\n\n<ul>\n	<li>Studii superioare de profil (contabilitate, economie, finanţe);</li>\n	<li>Experienţă &icirc;n poziţie similară &ndash; minim 2 ani;</li>\n	<li>Deprinderi avansate PC (MS Office, 1C);</li>\n	<li>Cunoaşterea limbii rom&acirc;ne şi ruse;</li>\n	<li>Orientare spre instruire;</li>\n	<li>Responsabilitate, organizare, atenţie la detalii;</li>\n	<li>Rezistenţă la stres;</li>\n</ul>\n</div>\n', 'cursuri-gratuite-de-tinichigiu-mecanic-si-electrician-auto-pentru-someri-cu-sprijin-la-angajare', 63, 1, 1),
(105, '', '', '105', 63, 2, 0),
(106, 'dfgdsfgdsfgdsfgsdfgdsgfs', '', 'dfgdsfgdsfgdsfgsdfgdsgfs', 64, 1, 1),
(107, '', '', '107', 64, 2, 0),
(108, 'dfg dfgdfgdsfg sd cvbxcvbxcb xcvb', '', 'dfg-dfgdfgdsfg-sd-cvbxcvbxcb-xcvb', 65, 1, 1),
(109, '', '', '109', 65, 2, 0),
(110, ' Lorem Ipsum passages, and more recently with desktop publishing', '<p>Lorem Ipsum&nbsp;is simply dummy text of the printing and typesetting industry. Lorem Ipsum has been the industry&#39;s standard dummy text ever since the 1500s, when an unknown printer took a galley of type and scrambled it to make a type specimen book. It has survived not only five centuries, but also the leap into electronic typesetting, remaining essentially unchanged. It was popularised in the 1960s with the release of Letraset sheets containing Lorem Ipsum passages, and more recently with desktop publishing software like Aldus PageMaker including versions of Lorem Ipsum.</p>\n\n<p>It is a long established fact that a reader will be distracted by the readable content of a page when looking at its layout. The point of using Lorem Ipsum is that it has a more-or-less normal distribution of letters, as opposed to using &#39;Content here, content here&#39;, making it look like readable English. Many desktop publishing packages and web page editors now use Lorem Ipsum as their default model text, and a search for &#39;lorem ipsum&#39; will uncover many web sites still in their infancy. Various versions have evolved over the years, sometimes by accident, sometimes on purpose (injected humour and the like).</p>\n\n<p>Contrary to popular belief, Lorem Ipsum is not simply random text. It has roots in a piece of classical Latin literature from 45 BC, making it over 2000 years old. Richard McClintock, a Latin professor at Hampden-Sydney College in Virginia, looked up one of the more obscure Latin words, consectetur, from a Lorem Ipsum passage, and going through the cites of the word in classical literature, discovered the undoubtable source. Lorem Ipsum comes from sections 1.10.32 and 1.10.33 of &quot;de Finibus Bonorum et Malorum&quot; (The Extremes of Good and Evil) by Cicero, written in 45 BC. This book is a treatise on the theory of ethics, very popular during the Renaissance. The first line of Lorem Ipsum, &quot;Lorem ipsum dolor sit amet..&quot;, comes from a line in section 1.10.32.</p>\n', '-lorem-ipsum-passages-and-more-recently-with-desktop-publishing', 66, 1, 1),
(111, '', '', '111', 66, 2, 0),
(120, 'Ordinul nr.15 din 01.10.2012 cu privire la atribuţiile serviciilor teritoriale ale Agenției Achiziții Publice', '', 'ordinul-nr15-din-01102012-cu-privire-la-atributiile-serviciilor-teritoriale-ale-agentiei-achizitii-publice', 71, 1, 1),
(121, '', '', '121', 71, 2, 0),
(122, 'Hotărîre pentru aprobarea Regulamentului privind Vocabularul comun al achizițiilor publice(CPV) nr.837 din 11.11.2011', '<p>&Icirc;n economiile contemporane, tot mai multe bunuri și servicii sunt achiziționate de guverne de pe piață de la sectorul privat. De modul &icirc;n care Autoritățile <span style="color:#7c4d7c">Contractante efectuează</span> achizițiile &icirc;n mare parte depinde eficiența utilizării banilor publici. Pierderile rezultate din achizițiile publice afectează grav dezvoltarea infrastructurii și serviciilor publice, duc&acirc;nd la deteriorarea mediului de afaceri și afect&acirc;nd calitatea vieții cetățenilor.</p>\n\n<p>Scopul acestui studiu&nbsp;este de a prezenta situația din achizițiile publice din Republica Moldova, nu numai prin prisma politicilor și reglementărilor din acest domeniu, dar și țin&acirc;nd cont de alți factori care pot influența performanța acestora.</p>\n\n<p><span style="color:#7c4d7c">Rezultatele studiului&nbsp;se bazează pe </span>analiza actelor legislative din achizițiile publice, consultarea paginilor WEB ale autorităților publice, organizațiilor internaționale, inclusiv a donatorilor.De asemenea, au fost studiate practicile internaționale &icirc;n acest domeniu. &Icirc;n calitate de s urse de informație privind procesul real de achiziții publice și performanța acestuia au fost utilizate rapoartele de audit ale Curții de Conturi din perioada 2011-2013 (circa 60 rapoarte), dările de seamă ale autorităților contractante pe achiziții și contestațiile prezentate de către Agenția Achizițiilor Publice la solicitarea autorilor și rapoartele Agenției publicate pe http://tender.gov.md/ . De asemenea, pentru a evalua conlucrarea Agenției cu autoritățile publice locale au fost intervievate și chestionate peste 30 de autorități locale de nivelul I și II.</p>\n\n<p>Studiul conține&nbsp;șapte capitole de baz.ă, Introducere și Sumar executiv. &Icirc;n primul capitol este prezentată privirea de ansamblu a dezvoltării achizițiilor publice &icirc;n Republica Moldova și evoluția volumelor</p>\n\n<p>&nbsp;</p>\n', 'hotarire-pentru-aprobarea-regulamentului-privind-vocabularul-comun-al-achizitiilor-publicecpv-nr837-din-11112011', 72, 1, 1),
(123, '', '', '123', 72, 2, 0),
(128, 'ghgfhbnvbcn', '<p>gh gncvbncvn vbnvvbncvb hfbvc bvcb xcvbcvbxcvbxcvbxcvbxcncv n</p>\n', 'ghgfhbnvbcn', 75, 1, 1),
(129, '', '<p>gdfgdsfgds</p>\n', '129', 75, 2, 0),
(140, 'Declaratii 2014', '', 'declaratii-2014', 81, 1, 1),
(141, '', '', '141', 81, 2, 0),
(142, 'Dosare 2012', '', 'dosare-2012', 82, 1, 0),
(143, '', '', '143', 82, 2, 0),
(146, 'Sedinta CL Costesti', '<div class="embeddedContent">&nbsp;</div>\n\n<p>&nbsp;</p>\n', 'sedinta-cl-costesti', 84, 1, 0),
(147, '', '', '147', 84, 2, 0),
(148, 'Şedinţa CL Tulcea ', '<div class="embeddedContent" data-align="center" data-maxheight="315" data-maxwidth="560" data-oembed="http://youtu.be/POcSCN7q550" data-resizetype="responsive" style="text-align: center;"><iframe allowfullscreen="true" allowscriptaccess="always" frameborder="0" height="315" scrolling="no" src="//www.youtube.com/embed/POcSCN7q550?wmode=transparent&amp;jqoemcache=tkDob" width="383.5959885386819"></iframe></div>\n\n<p>&nbsp;</p>\n', 'sedinta-cl-tulcea-', 85, 1, 1),
(149, '', '', '149', 85, 2, 0),
(150, 'O sedinta a consiliului local', '<div class="embeddedContent" data-align="center" data-maxheight="315" data-maxwidth="560" data-oembed="http://youtu.be/Bq2kFLWG1n0" data-resizetype="responsive" style="text-align: center;"><iframe allowfullscreen="true" allowscriptaccess="always" frameborder="0" height="315" scrolling="no" src="//www.youtube.com/embed/Bq2kFLWG1n0?wmode=transparent&amp;jqoemcache=V6nTn" width="383.5959885386819"></iframe></div>\n\n<p>&nbsp;</p>\n', 'o-sedinta-a-consiliului-local', 86, 1, 1),
(151, '', '', '151', 86, 2, 0),
(152, 'Sedinta Consiliului Local Calarasi ', '<div class="embeddedContent" data-align="center" data-maxheight="315" data-maxwidth="560" data-oembed="http://youtu.be/zkHUtZrvskk" data-resizetype="responsive" style="text-align: center;"><iframe allowfullscreen="true" allowscriptaccess="always" frameborder="0" height="315" scrolling="no" src="//www.youtube.com/embed/zkHUtZrvskk?wmode=transparent&amp;jqoemcache=Bvxe9" width="383.5959885386819"></iframe></div>\n\n<p>&nbsp;</p>\n', 'sedinta-consiliului-local-calarasi-', 87, 1, 1),
(153, '', '', '153', 87, 2, 0),
(154, 'Sedinta consiliului local', '<div class="embeddedContent" data-align="center" data-maxheight="315" data-maxwidth="560" data-oembed="http://youtu.be/neJvfSufzss" data-resizetype="responsive" style="text-align: center;"><iframe allowfullscreen="true" allowscriptaccess="always" frameborder="0" height="315" scrolling="no" src="//www.youtube.com/embed/neJvfSufzss?wmode=transparent&amp;jqoemcache=xoqUw" width="383.5959885386819"></iframe></div>\n\n<p>&nbsp;</p>\n', 'sedinta-consiliului-local', 88, 1, 1),
(155, '', '', '155', 88, 2, 0),
(158, 'fgsdfgsdbvcbcvb vfgsdfg dfgsdfgsdfgdsfg', '<p>Lorem Ipsum&nbsp;este pur şi simplu o machetă pentru text a industriei tipografice. Lorem Ipsum a fost macheta standard a industriei &icirc;ncă din secolul al XVI-lea, c&acirc;nd un tipograf anonim a luat o planşetă de litere şi le-a amestecat pentru a crea o carte demonstrativă pentru literele respective. Nu doar că a supravieţuit timp de cinci secole, dar şi a facut saltul &icirc;n tipografia electronică practic neschimbată. A fost popularizată &icirc;n anii &#39;60 odată cu ieşirea colilor Letraset care conţineau pasaje Lorem Ipsum, iar mai recent, prin programele de publicare pentru calculator, ca Aldus PageMaker care includeau versiuni de Lorem Ipsum</p>\n\n<p>Lorem Ipsum&nbsp;este pur şi simplu o machetă pentru text a industriei tipografice. Lorem Ipsum a fost macheta standard a industriei &icirc;ncă din secolul al XVI-lea, c&acirc;nd un tipograf anonim a luat o planşetă de litere şi le-a amestecat pentru a crea o carte demonstrativă pentru literele respective. Nu doar că a supravieţuit timp de cinci secole, dar şi a facut saltul &icirc;n tipografia electronică practic neschimbată. A fost popularizată &icirc;n anii &#39;60 odată cu ieşirea colilor Letraset care conţineau pasaje Lorem Ipsum, iar mai recent, prin programele de publicare pentru calculator, ca Aldus PageMaker care includeau versiuni de Lorem Ipsum</p>\n\n<p>Lorem Ipsum&nbsp;este pur şi simplu o machetă pentru text a industriei tipografice. Lorem Ipsum a fost macheta standard a industriei &icirc;ncă din secolul al XVI-lea, c&acirc;nd un tipograf anonim a luat o planşetă de litere şi le-a amestecat pentru a crea o carte demonstrativă pentru literele respective. Nu doar că a supravieţuit timp de cinci secole, dar şi a facut saltul &icirc;n tipografia electronică practic neschimbată. A fost popularizată &icirc;n anii &#39;60 odată cu ieşirea colilor Letraset care conţineau pasaje Lorem Ipsum, iar mai recent, prin programele de publicare pentru calculator, ca Aldus PageMaker care includeau versiuni de Lorem Ipsum</p>\n\n<p>Lorem Ipsum&nbsp;este pur şi simplu o machetă pentru text a industriei tipografice. Lorem Ipsum a fost macheta standard a industriei &icirc;ncă din secolul al XVI-lea, c&acirc;nd un tipograf anonim a luat o planşetă de litere şi le-a amestecat pentru a crea o carte demonstrativă pentru literele respective. Nu doar că a supravieţuit timp de cinci secole, dar şi a facut saltul &icirc;n tipografia electronică practic neschimbată. A fost popularizată &icirc;n anii &#39;60 odată cu ieşirea colilor Letraset care conţineau pasaje Lorem Ipsum, iar mai recent, prin programele de publicare pentru calculator, ca Aldus PageMaker care includeau versiuni de Lorem Ipsum</p>\n\n<p>Lorem Ipsum&nbsp;este pur şi simplu o machetă pentru text a industriei tipografice. Lorem Ipsum a fost macheta standard a industriei &icirc;ncă din secolul al XVI-lea, c&acirc;nd un tipograf anonim a luat o planşetă de litere şi le-a amestecat pentru a crea o carte demonstrativă pentru literele respective. Nu doar că a supravieţuit timp de cinci secole, dar şi a facut saltul &icirc;n tipografia electronică practic neschimbată. A fost popularizată &icirc;n anii &#39;60 odată cu ieşirea colilor Letraset care conţineau pasaje Lorem Ipsum, iar mai recent, prin programele de publicare pentru calculator, ca Aldus PageMaker care includeau versiuni de Lorem Ipsum</p>\n', 'fgsdfgsdbvcbcvb-vfgsdfg-dfgsdfgsdfgdsfg', 90, 1, 1),
(159, '', '', '159', 90, 2, 0),
(160, 'sdfasd vxcvxcv xvxcz vzxcvzxcvz', '<p>Lorem Ipsum&nbsp;este pur şi simplu o machetă pentru text a industriei tipografice. Lorem Ipsum a fost macheta standard a industriei &icirc;ncă din secolul al XVI-lea, c&acirc;nd un tipograf anonim a luat o planşetă de litere şi le-a amestecat pentru a crea o carte demonstrativă pentru literele respective. Nu doar că a supravieţuit timp de cinci secole, dar şi a facut saltul &icirc;n tipografia electronică practic neschimbată. A fost popularizată &icirc;n anii &#39;60 odată cu ieşirea colilor Letraset care conţineau pasaje Lorem Ipsum, iar mai recent, prin programele de publicare pentru calculator, ca Aldus PageMaker care includeau versiuni de Lorem Ipsum</p>\n\n<p>Lorem Ipsum&nbsp;este pur şi simplu o machetă pentru text a industriei tipografice. Lorem Ipsum a fost macheta standard a industriei &icirc;ncă din secolul al XVI-lea, c&acirc;nd un tipograf anonim a luat o planşetă de litere şi le-a amestecat pentru a crea o carte demonstrativă pentru literele respective. Nu doar că a supravieţuit timp de cinci secole, dar şi a facut saltul &icirc;n tipografia electronică practic neschimbată. A fost popularizată &icirc;n anii &#39;60 odată cu ieşirea colilor Letraset care conţineau pasaje Lorem Ipsum, iar mai recent, prin programele de publicare pentru calculator, ca Aldus PageMaker care includeau versiuni de Lorem Ipsum</p>\n\n<p>Lorem Ipsum&nbsp;este pur şi simplu o machetă pentru text a industriei tipografice. Lorem Ipsum a fost macheta standard a industriei &icirc;ncă din secolul al XVI-lea, c&acirc;nd un tipograf anonim a luat o planşetă de litere şi le-a amestecat pentru a crea o carte demonstrativă pentru literele respective. Nu doar că a supravieţuit timp de cinci secole, dar şi a facut saltul &icirc;n tipografia electronică practic neschimbată. A fost popularizată &icirc;n anii &#39;60 odată cu ieşirea colilor Letraset care conţineau pasaje Lorem Ipsum, iar mai recent, prin programele de publicare pentru calculator, ca Aldus PageMaker care includeau versiuni de Lorem Ipsum</p>\n\n<p>Lorem Ipsum&nbsp;este pur şi simplu o machetă pentru text a industriei tipografice. Lorem Ipsum a fost macheta standard a industriei &icirc;ncă din secolul al XVI-lea, c&acirc;nd un tipograf anonim a luat o planşetă de litere şi le-a amestecat pentru a crea o carte demonstrativă pentru literele respective. Nu doar că a supravieţuit timp de cinci secole, dar şi a facut saltul &icirc;n tipografia electronică practic neschimbată. A fost popularizată &icirc;n anii &#39;60 odată cu ieşirea colilor Letraset care conţineau pasaje Lorem Ipsum, iar mai recent, prin programele de publicare pentru calculator, ca Aldus PageMaker care includeau versiuni de Lorem Ipsum</p>\n\n<p>Lorem Ipsum&nbsp;este pur şi simplu o machetă pentru text a industriei tipografice. Lorem Ipsum a fost macheta standard a industriei &icirc;ncă din secolul al XVI-lea, c&acirc;nd un tipograf anonim a luat o planşetă de litere şi le-a amestecat pentru a crea o carte demonstrativă pentru literele respective. Nu doar că a supravieţuit timp de cinci secole, dar şi a facut saltul &icirc;n tipografia electronică practic neschimbată. A fost popularizată &icirc;n anii &#39;60 odată cu ieşirea colilor Letraset care conţineau pasaje Lorem Ipsum, iar mai recent, prin programele de publicare pentru calculator, ca Aldus PageMaker care includeau versiuni de Lorem Ipsum</p>\n\n<p>Lorem Ipsum&nbsp;este pur şi simplu o machetă pentru text a industriei tipografice. Lorem Ipsum a fost macheta standard a industriei &icirc;ncă din secolul al XVI-lea, c&acirc;nd un tipograf anonim a luat o planşetă de litere şi le-a amestecat pentru a crea o carte demonstrativă pentru literele respective. Nu doar că a supravieţuit timp de cinci secole, dar şi a facut saltul &icirc;n tipografia electronică practic neschimbată. A fost popularizată &icirc;n anii &#39;60 odată cu ieşirea colilor Letraset care conţineau pasaje Lorem Ipsum, iar mai recent, prin programele de publicare pentru calculator, ca Aldus PageMaker care includeau versiuni de Lorem Ipsum</p>\n\n<p>Lorem Ipsum&nbsp;este pur şi simplu o machetă pentru text a industriei tipografice. Lorem Ipsum a fost macheta standard a industriei &icirc;ncă din secolul al XVI-lea, c&acirc;nd un tipograf anonim a luat o planşetă de litere şi le-a amestecat pentru a crea o carte demonstrativă pentru literele respective. Nu doar că a supravieţuit timp de cinci secole, dar şi a facut saltul &icirc;n tipografia electronică practic neschimbată. A fost popularizată &icirc;n anii &#39;60 odată cu ieşirea colilor Letraset care conţineau pasaje Lorem Ipsum, iar mai recent, prin programele de publicare pentru calculator, ca Aldus PageMaker care includeau versiuni de Lorem Ipsum</p>\n', 'sdfasd-vxcvxcv-xvxcz-vzxcvzxcvz', 91, 1, 1),
(161, '', '', '161', 91, 2, 0),
(162, 'Un anunt de forma', '<p>Lorem Ipsum&nbsp;este pur şi simplu o machetă pentru text a industriei tipografice. Lorem Ipsum a fost macheta standard a industriei &icirc;ncă din secolul al XVI-lea, c&acirc;nd un tipograf anonim a luat o planşetă de litere şi le-a amestecat pentru a crea o carte demonstrativă pentru literele respective. Nu doar că a supravieţuit timp de cinci secole, dar şi a facut saltul &icirc;n tipografia electronică practic neschimbată. A fost popularizată &icirc;n anii &#39;60 odată cu ieşirea colilor Letraset care conţineau pasaje Lorem Ipsum, iar mai recent, prin programele de publicare pentru calculator, ca Aldus PageMaker care includeau versiuni de Lorem Ipsum</p>\n\n<p>Lorem Ipsum&nbsp;este pur şi simplu o machetă pentru text a industriei tipografice. Lorem Ipsum a fost macheta standard a industriei &icirc;ncă din secolul al XVI-lea, c&acirc;nd un tipograf anonim a luat o planşetă de litere şi le-a amestecat pentru a crea o carte demonstrativă pentru literele respective. Nu doar că a supravieţuit timp de cinci secole, dar şi a facut saltul &icirc;n tipografia electronică practic neschimbată. A fost popularizată &icirc;n anii &#39;60 odată cu ieşirea colilor Letraset care conţineau pasaje Lorem Ipsum, iar mai recent, prin programele de publicare pentru calculator, ca Aldus PageMaker care includeau versiuni de Lorem Ipsum</p>\n\n<p>&nbsp;</p>\n', 'un-anunt-de-forma', 92, 1, 1),
(163, '', '', '163', 92, 2, 0),
(168, 'Contacte', '<p>Adresa primărie Orașului Strășeni</p>\n\n<p>Sreda Ștefan cel Mare 24, MD 2034<span style="font-family:open_sansregular">Orașul Strășeni</span></p>\n', 'contacte', 95, 1, 0),
(169, 'Контактные данные', '', 'kontaktn-dann', 95, 2, 0),
(172, 'ghdfhdfhdgf', '<p>Mai mulți locatari ai blocului de la Botanica a cărui mansardă a ars la &icirc;nceputul lunii mai au venit din nou la Primărie. Ei sunt nemulțumiți de faptul că lucrările de restabilire a acoperișului nu au &icirc;nceput &icirc;ncă. Autoritățile municipale dau &icirc;nsă asigurări că la mijlocul lunii septembrie lucrările vor fi finalizate.</p>\n\n<p>Locatarii blocului situat pe strada Independenței din capitală, a cărui mansardă a fost mistuită de flăcări &icirc;n luna mai susțin că muncitorii care acum demontează acoperișul vechi nu se grăbesc să finalizeze lucrările. Din această cauză oamenii sunt nevoiți să locuiască &icirc;n continuare &icirc;n apartament &icirc;n care plouă, iar pereţii sunt plini de igrasie:</p>\n\n<p>&quot;Nu e lucru care ar trebui făcut de oamenii care &icirc;și cunosc meseria dar sunt niște copii veniți de la țară să lucreze pentru 100 de lei. Cu așa meșteri noi nu o să avem acoperiș&quot;.</p>\n\n<p>&quot;Situația este dezastruoasă. C&acirc;t nu am fost două săptăm&acirc;ni, era imposibil să mai stai &icirc;n casă. Ieri am prelucrat din nou apartamentul cu antimucegai&quot;.</p>\n\n<p>&quot;Le-am scris autorităților municipale un demers. Ni s-a răspuns că termenul de executare a lucrărilor pe acoperiș este de 90 de zile. Vrem să știm c&acirc;t vor mai dura aceste lucrări și dacă trebuie să sufere oamenii&quot;.</p>\n\n<p>&Icirc;n cadrul ședinței Primăriei, autoritățile municipale au spus că lucrările de construcție ar putea &icirc;ncepe marţi.</p>\n\n<p>&quot;Agentul economic spune că o să se țină de cuv&acirc;nt și o să &icirc;ndeplinească totul conform graficului care l-a semnat. Adică astăzi trebuie să se finalizeze demolarea pentru ca să &icirc;nceapă a instala construcția&quot;, a spus șeful Direcției locativ-comunale, Petru Gontea.</p>\n\n<p>Primarul capitalei, Dorin Chirtoacă, le-a cerut responsabililor ca &icirc;n această săptăm&acirc;nă să &icirc;nceapă și evaluarea pagubelelor produse de incendiu și ploi. Iar şi pe cele suportate de proprietarii apartamentelor situate la etajele de jos: &rdquo;Pot &icirc;ncepe deja lucrările de reparație, primesc suma pentru compensații și acolo se poate introduce și două trei luni pentru chirie pentru a nu fi &icirc;ncurcate lucrurile&rdquo;.</p>\n\n<p>&#39;&#39;Pot &icirc;ncepe deja lucrările de reparație, primesc suma pentru compensații și acolo se poate introduce și două trei luni pentru chirie pentru a nu fi &icirc;ncurcate lucrurile. Trebuie de &icirc;nceput de la cazurile cele mai grave&quot;, a spus Dorin Chirtoacă.</p>\n\n<p>Pentru construcția acoperișului blocului, Primăria a alocat 3,5 milioane de lei.</p>\n', 'ghdfhdfhdgf', 97, 1, 1),
(173, '', '', '173', 97, 2, 0),
(174, '', '<p>Mai mulți locatari ai blocului de la Botanica a cărui mansardă a ars la &icirc;nceputul lunii mai au venit din nou la Primărie. Ei sunt nemulțumiți de faptul că lucrările de restabilire a acoperișului nu au &icirc;nceput &icirc;ncă. Autoritățile municipale dau &icirc;nsă asigurări că la mijlocul lunii septembrie lucrările vor fi finalizate.</p>\n\n<p>Locatarii blocului situat pe strada Independenței din capitală, a cărui mansardă a fost mistuită de flăcări &icirc;n luna mai susțin că muncitorii care acum demontează acoperișul vechi nu se grăbesc să finalizeze lucrările. Din această cauză oamenii sunt nevoiți să locuiască &icirc;n continuare &icirc;n apartament &icirc;n care plouă, iar pereţii sunt plini de igrasie:</p>\n\n<p>&quot;Nu e lucru care ar trebui făcut de oamenii care &icirc;și cunosc meseria dar sunt niște copii veniți de la țară să lucreze pentru 100 de lei. Cu așa meșteri noi nu o să avem acoperiș&quot;.</p>\n\n<p>&#39;&#39;Pot &icirc;ncepe deja lucrările de reparație, primesc suma pentru compensații și acolo se poate introduce și două trei luni pentru chirie pentru a nu fi &icirc;ncurcate lucrurile. Trebuie de &icirc;nceput de la cazurile cele mai grave&quot;, a spus Dorin Chirtoacă.</p>\n\n<p>Pentru construcția acoperișului blocului, Primăria a alocat 3,5 milioane de lei.</p>\n', '174', 98, 1, 1),
(175, '', '', '175', 98, 2, 0),
(180, '', '<p>gbvxcv bxcv bvxcb vcb xcv bxcvbvcbcvbxcv</p>\n', '180', 101, 1, 1),
(181, '', '', '181', 101, 2, 0),
(182, 'Eroare de sistem', '<p>s-a produs o eroare de sistem, noi deja am primit notificare si o reparam</p>\n', 'eroare-de-sistem', 102, 1, 1),
(183, 'Системная ошибка', '', 'sistmnaya-oshibka', 102, 2, 0),
(184, 'Cetățeni și business', '', 'cetateni-si-business', 103, 1, 1),
(185, 'Граждане и  бизнес', '', 'grazhdan-i-bizns', 103, 2, 0),
(186, 'Primăria', '', 'primaria', 104, 1, 1),
(187, 'Примэрия', '', 'primriya', 104, 2, 0),
(188, 'Consiliul local', '', 'consiliul-local', 105, 1, 1),
(189, 'Местный совет', '', 'mstny-sovt', 105, 2, 0),
(190, 'Transparența', '', 'transparenta', 106, 1, 1),
(191, 'Прозрачность', '', 'prozrachnosty', 106, 2, 0),
(192, 'Beneficii sociale și ajutoare', '', 'beneficii-sociale-si-ajutoare', 107, 1, 1),
(193, 'Социальные льготы и помощь', '', 'sotsialyn-lygot-i-pomoshty', 107, 2, 0),
(194, 'Impozite și taxe locale', '', 'impozite-si-taxe-locale-194', 108, 1, 1),
(195, 'Сборы и налоги', '', 'sbor-i-nalogi', 108, 2, 0),
(196, 'Business și antreprenoriat', '', 'business-si-antreprenoriat', 109, 1, 1),
(197, 'Бизнес и предпринимательская деятельность', '', 'bizns-i-prdprinimatlyskaya-dyatlynosty', 109, 2, 0),
(198, 'Autorizații și certificate', '', 'autorizatii-si-certificate', 110, 1, 1),
(199, 'Авторизации (разрешения) и сертификаты', '', 'avtorizatsii-razrshniya-i-srtifikat', 110, 2, 0),
(200, 'Educație, cultură, turism și sport', '', 'educatie-cultura-turism-si-sport', 111, 1, 1),
(201, 'Образование, культура, туризм и спорт', '', 'obrazovani-kulytura-turizm-i-sport', 111, 2, 0),
(202, 'Implicarea cetățenilor', '', 'implicarea-cetatenilor', 112, 1, 1),
(203, 'Вовлечение граждан', '', 'vovlchni-grazhdan', 112, 2, 0),
(204, 'Audierea cetățenilor', '', 'audierea-cetatenilor', 113, 1, 1),
(205, 'Приём граждан', '', 'prim-grazhdan', 113, 2, 0),
(206, 'Modele de acte / formulare', '', 'modele-de-acte-formulare', 114, 1, 1),
(207, 'Образцы документов / бланков', '', 'obrazts-dokumntov-blankov', 114, 2, 0),
(208, 'Primăria', '', 'primaria-208', 115, 1, 1),
(209, 'Примэрия', '', 'primriya-209', 115, 2, 0),
(210, 'Rapoarte și planuri de activitate', '', 'rapoarte-si-planuri-de-activitate', 116, 1, 1),
(211, 'Отчёты и планы действий', '', 'otcht-i-plan-dystviy', 116, 2, 0),
(212, 'Întreprinderi  subordonate', '', 'intreprinderi-subordonate', 117, 1, 0),
(213, 'Подчинённые предприятия', '', 'podchinnn-prdpriyatiya', 117, 2, 0),
(214, 'Consiliul local', '', 'consiliul-local-214', 118, 1, 1),
(215, 'Местный совет', '', 'mstny-sovt-215', 118, 2, 0),
(216, 'Comisiile de specialitate', '', 'comisiile-de-specialitate', 119, 1, 1),
(217, 'Специализированные комиссии', '', 'sptsializirovann-komissii', 119, 2, 0),
(218, 'Strategii, planuri și politici', '', 'strategii-planuri-si-politici', 120, 1, 1),
(219, 'Стратегии, планы и политики', '', 'stratgii-plan-i-politiki', 120, 2, 0),
(220, 'Ce este transparența?', '', 'ce-este-transparenta', 121, 1, 1),
(221, 'Что такое прозрачность?', '', 'chto-tako-prozrachnosty', 121, 2, 0),
(222, 'Dialogul cu cetățenii', '', 'dialogul-cu-cetatenii', 122, 1, 1),
(223, 'Диалог с гражданами', '', 'dialog-s-grazhdanami', 122, 2, 0),
(224, 'Informații de interes public', '', 'informatii-de-interes-public', 123, 1, 1),
(225, 'Публичная информация', '', 'publichnaya-informatsiya', 123, 2, 0),
(226, 'Finanțele publice locale', '', 'finantele-publice-locale', 124, 1, 1),
(227, 'Местные государственные финансы', '', 'mstn-gosudarstvnn-finans', 124, 2, 0),
(228, 'Consultări publice', '', 'consultari-publice', 125, 1, 1),
(229, 'Общественные консультации', '', 'obshtstvnn-konsulytatsii', 125, 2, 0),
(230, 'Proiecte locale', '', 'proiecte-locale', 126, 1, 1),
(231, 'Местные проекты', '', 'mstn-prokt', 126, 2, 0),
(232, 'Contacte și adrese utile', '', 'contacte-si-adrese-utile', 127, 1, 1),
(233, 'Контакты и полезные адреса', '', 'kontakt-i-polzn-adrsa', 127, 2, 0),
(234, 'Harta saitului', '', 'harta-saitului', 128, 1, 1),
(235, 'Карта сайта', '', 'karta-sayta', 128, 2, 0),
(236, 'Declarații anuale de venituri și interese', '', 'declaratii-anuale-de-venituri-si-interese', 129, 1, 1),
(237, 'Заявления о доходах и имуществе', '', 'zayavlniya-o-dohodah-i-imushtstv', 129, 2, 0),
(238, 'Erori', '', 'erori', 130, 1, 1),
(239, 'Ошибки', '', 'oshibki', 130, 2, 0),
(240, 'Pagina nu a fost gasita', '<p>Din pacate pagina data nu a fost gasita</p>\n', 'pagina-nu-a-fost-gasita', 131, 1, 1),
(241, 'Страница не найдена', '', 'stranitsa-n-naydna', 131, 2, 0),
(242, 'Ajutoare sociale familiale', '<p><span style="font-size:26px"><strong><span style="font-family:helvetica neue,helvetica,arial,sans-serif">Regulamentul cu privire la modul de stabilire şi plată a ajutorului social.</span></strong></span></p>\n', 'ajutoare-sociale-familiale', 132, 1, 1),
(243, 'Социальная поддержка семей', '', 'sotsialynaya-poddrzhka-smy', 132, 2, 0),
(244, 'Bursa muncii / ajutorul de șomaj', '<h1 style="text-align: justify;">Ce sunt beneficiile sau ajutoarele sociale?</h1>\n\n<p style="text-align: justify;">Acestea sunt ajutoare oferite de stat in anumite circumstante persoanelor care indeplinesc anumite criterii de rezidenta si eligibilitate (spre exemplu, in cazul in care au copii, venituri mici sau au ramas fara venit).</p>\n\n<h1 style="text-align: justify;">Care sunt tipurile cele mai intalnite de beneficii?</h1>\n\n<p style="text-align: justify;">Cele mai intalnite beneficii la care se pot incadra si cetatenii romani sunt Child Benefit, Tax Credits, Disability Living Allowance, Employment and Support Allowance, Job Seeker&rsquo;s Allowance, Maternity Allowance/Statutory Maternity Pay si Housing Benefit.</p>\n\n<h1 style="text-align: justify;">Ce inseamna fiecare din aceste beneficii?</h1>\n\n<p style="text-align: justify;">Child Benefit este echivalentul Alocatiei pentru copii care se primeste si in Romania. Ratele pentru Child Benefit sunt de &pound;20.30 pentru primul copil si &pound;13.40 pentru fiecare din urmatorii copii. Sunt eligibili pentru acest tip de beneficiu doar persoanele care se afla in UK, care au obtinut deja National Insurance Number si care au copii de pana la 16 ani (sau intre 16-20 ani, daca inca studiaza full-time sau sunt inregistrati ca ucenici, in scopul pregatirii profesionale), indiferent daca acesti copii locuiesc in UK sau nu. Persoanele care nu sunt rezidente in UK nu se califica pentru acest tip de beneficiu.</p>\n\n<h1 style="text-align: justify;">Tax Credits are doua elemente: Working Tax Credit si Child Tax Credits.</h1>\n\n<p style="text-align: justify;">Working Tax Credits este un ajutor financiar care se da persoanelor care lucreaza employed sau self-employed, dar nu castiga suficient de mult pentru a se intretine. Child Tax Credit este ajutor financiar pentru persoanele care au copii. Daca doriti sa aflati daca va calificati, puteti suna direct la Tax Credits Office la 0345 300 3900.</p>\n\n<h1 style="text-align: justify;">Disability Living Allowance este un ajutor financiar pentru persoanele care sufera de un handicap.</h1>\n\n<p style="text-align: justify;">Suma primita va fi calculata in functie de incadrarea handicapului iar decizia se face in baza certificatelor medicale sau a unei evaluari medicale la care vi se va cere sa participati. Pentru mai multe informatii, va puteti adresa birourilor independente si gratuite ale Citizen Advice Bureau sau la oficiile Job Centre din zona dvs.</p>\n\n<p style="text-align: justify;">ATENTIE!</p>\n\n<p style="text-align: justify;">Pentru ajutoare sociale pot aplica doar persoanele eligibile, adica cele care satisfac criteriile stricte de eligibilitate, cum ar fi cele de rezidenta sau cele de natura financiara.Guvernul britanic NU ESTE OBLIGAT sa ofere aceste beneficii oricui si poate:</p>\n\n<ul class="crt">\n	<li style="text-align: justify;">sa va refuze aplicatia daca nu va calificati</li>\n	<li style="text-align: justify;">sa va opreasca plata temporar sau permanent in cazul in care circumstantele dvs. s-au schimbat</li>\n	<li style="text-align: justify;">sa va ceara sa dati inapoi suma primita sau o parte din ea in cazul in care se stabileste ca ati primit bani in plus sau care nu vi se cuveneau</li>\n	<li style="text-align: justify;">sa va amendeze in cazul in care ati dat informatii false/incomplete sau nu ati anuntat la timp schimbarile de circumstante</li>\n</ul>\n\n<p style="text-align: justify;">Sfatul nostru este sa tratati aceste aplicatii cu toata seriozitatea si sinceritatea deoarece omiterea, alterarea sau falsificarea informatiilor constituie FRAUDA, pedepsita conform legii prin amenda si/sau urmarire penala.</p>\n', 'bursa-muncii-ajutorul-de-somaj', 133, 1, 1),
(245, 'Биржа труда / пособие по безработице', '', 'birzha-truda-posobi-po-bzrabotits', 133, 2, 0),
(246, 'Pensionarea și ajutorul social', '<h1>Ce sunt beneficiile sau ajutoarele sociale?</h1>\n\n<p>Acestea sunt ajutoare oferite de stat in anumite circumstante persoanelor care indeplinesc anumite criterii de rezidenta si eligibilitate (spre exemplu, in cazul in care au copii, venituri mici sau au ramas fara venit).</p>\n\n<h1>Care sunt tipurile cele mai intalnite de beneficii?</h1>\n\n<p>Cele mai intalnite beneficii la care se pot incadra si cetatenii romani sunt Child Benefit, Tax Credits, Disability Living Allowance, Employment and Support Allowance, Job Seeker&rsquo;s Allowance, Maternity Allowance/Statutory Maternity Pay si Housing Benefit.</p>\n\n<h1>Ce inseamna fiecare din aceste beneficii?</h1>\n\n<p>Child Benefit este echivalentul Alocatiei pentru copii care se primeste si in Romania. Ratele pentru Child Benefit sunt de &pound;20.30 pentru primul copil si &pound;13.40 pentru fiecare din urmatorii copii. Sunt eligibili pentru acest tip de beneficiu doar persoanele care se afla in UK, care au obtinut deja National Insurance Number si care au copii de pana la 16 ani (sau intre 16-20 ani, daca inca studiaza full-time sau sunt inregistrati ca ucenici, in scopul pregatirii profesionale), indiferent daca acesti copii locuiesc in UK sau nu. Persoanele care nu sunt rezidente in UK nu se califica pentru acest tip de beneficiu.</p>\n\n<h1>Tax Credits are doua elemente: Working Tax Credit si Child Tax Credits.</h1>\n\n<p>Working Tax Credits este un ajutor financiar care se da persoanelor care lucreaza employed sau self-employed, dar nu castiga suficient de mult pentru a se intretine. Child Tax Credit este ajutor financiar pentru persoanele care au copii. Daca doriti sa aflati daca va calificati, puteti suna direct la Tax Credits Office la 0345 300 3900.</p>\n\n<h1>Disability Living Allowance este un ajutor financiar pentru persoanele care sufera de un handicap.</h1>\n\n<p>Suma primita va fi calculata in functie de incadrarea handicapului iar decizia se face in baza certificatelor medicale sau a unei evaluari medicale la care vi se va cere sa participati. Pentru mai multe informatii, va puteti adresa birourilor independente si gratuite ale Citizen Advice Bureau sau la oficiile Job Centre din zona dvs.</p>\n\n<p>ATENTIE!</p>\n\n<p>Pentru ajutoare sociale pot aplica doar persoanele eligibile, adica cele care satisfac criteriile stricte de eligibilitate, cum ar fi cele de rezidenta sau cele de natura financiara.Guvernul britanic NU ESTE OBLIGAT sa ofere aceste beneficii oricui si poate:</p>\n\n<ul class="crt">\n	<li>sa va refuze aplicatia daca nu va calificati</li>\n	<li>sa va opreasca plata temporar sau permanent in cazul in care circumstantele dvs. s-au schimbat</li>\n	<li>sa va ceara sa dati inapoi suma primita sau o parte din ea in cazul in care se stabileste ca ati primit bani in plus sau care nu vi se cuveneau</li>\n	<li>sa va amendeze in cazul in care ati dat informatii false/incomplete sau nu ati anuntat la timp schimbarile de circumstante</li>\n</ul>\n\n<p>Sfatul nostru este sa tratati aceste aplicatii cu toata seriozitatea si sinceritatea deoarece omiterea, alterarea sau falsificarea informatiilor constituie FRAUDA, pedepsita conform legii prin amenda si/sau urmarire penala.</p>\n', 'pensionarea-si-ajutorul-social', 134, 1, 1),
(247, 'Уход на пенсию и социальная помощь', '', 'uhod-na-pnsiyu-i-sotsialynaya-pomoshty', 134, 2, 0),
(248, 'Consiliere socială', '<h1>Ce sunt beneficiile sau ajutoarele sociale?</h1>\n\n<p>Acestea sunt ajutoare oferite de stat in anumite circumstante persoanelor care indeplinesc anumite criterii de rezidenta si eligibilitate (spre exemplu, in cazul in care au copii, venituri mici sau au ramas fara venit).</p>\n\n<h1>Care sunt tipurile cele mai intalnite de beneficii?</h1>\n\n<p>Cele mai intalnite beneficii la care se pot incadra si cetatenii romani sunt Child Benefit, Tax Credits, Disability Living Allowance, Employment and Support Allowance, Job Seeker&rsquo;s Allowance, Maternity Allowance/Statutory Maternity Pay si Housing Benefit.</p>\n\n<h1>Ce inseamna fiecare din aceste beneficii?</h1>\n\n<p>Child Benefit este echivalentul Alocatiei pentru copii care se primeste si in Romania. Ratele pentru Child Benefit sunt de &pound;20.30 pentru primul copil si &pound;13.40 pentru fiecare din urmatorii copii. Sunt eligibili pentru acest tip de beneficiu doar persoanele care se afla in UK, care au obtinut deja National Insurance Number si care au copii de pana la 16 ani (sau intre 16-20 ani, daca inca studiaza full-time sau sunt inregistrati ca ucenici, in scopul pregatirii profesionale), indiferent daca acesti copii locuiesc in UK sau nu. Persoanele care nu sunt rezidente in UK nu se califica pentru acest tip de beneficiu.</p>\n\n<h1>Tax Credits are doua elemente: Working Tax Credit si Child Tax Credits.</h1>\n\n<p>Working Tax Credits este un ajutor financiar care se da persoanelor care lucreaza employed sau self-employed, dar nu castiga suficient de mult pentru a se intretine. Child Tax Credit este ajutor financiar pentru persoanele care au copii. Daca doriti sa aflati daca va calificati, puteti suna direct la Tax Credits Office la 0345 300 3900.</p>\n\n<h1>Disability Living Allowance este un ajutor financiar pentru persoanele care sufera de un handicap.</h1>\n\n<p>Suma primita va fi calculata in functie de incadrarea handicapului iar decizia se face in baza certificatelor medicale sau a unei evaluari medicale la care vi se va cere sa participati. Pentru mai multe informatii, va puteti adresa birourilor independente si gratuite ale Citizen Advice Bureau sau la oficiile Job Centre din zona dvs.</p>\n\n<p>ATENTIE!</p>\n\n<p>Pentru ajutoare sociale pot aplica doar persoanele eligibile, adica cele care satisfac criteriile stricte de eligibilitate, cum ar fi cele de rezidenta sau cele de natura financiara.Guvernul britanic NU ESTE OBLIGAT sa ofere aceste beneficii oricui si poate:</p>\n\n<ul class="crt">\n	<li>sa va refuze aplicatia daca nu va calificati</li>\n	<li>sa va opreasca plata temporar sau permanent in cazul in care circumstantele dvs. s-au schimbat</li>\n	<li>sa va ceara sa dati inapoi suma primita sau o parte din ea in cazul in care se stabileste ca ati primit bani in plus sau care nu vi se cuveneau</li>\n	<li>sa va amendeze in cazul in care ati dat informatii false/incomplete sau nu ati anuntat la timp schimbarile de circumstante</li>\n</ul>\n\n<p>Sfatul nostru este sa tratati aceste aplicatii cu toata seriozitatea si sinceritatea deoarece omiterea, alterarea sau falsificarea informatiilor constituie FRAUDA, pedepsita conform legii prin amenda si/sau urmarire penala.</p>\n', 'consiliere-sociala', 135, 1, 1),
(249, 'Социальное консультирование', '', 'sotsialyno-konsulytirovani', 135, 2, 0);
INSERT INTO `apl_post_lang` (`id`, `title`, `text`, `uri`, `post_id`, `lang_id`, `enabled`) VALUES
(250, 'Puncte medicale locale', '<h1>Ce sunt beneficiile sau ajutoarele sociale?</h1>\n\n<p>Acestea sunt ajutoare oferite de stat in anumite circumstante persoanelor care indeplinesc anumite criterii de rezidenta si eligibilitate (spre exemplu, in cazul in care au copii, venituri mici sau au ramas fara venit).</p>\n\n<h1>Care sunt tipurile cele mai intalnite de beneficii?</h1>\n\n<p>Cele mai intalnite beneficii la care se pot incadra si cetatenii romani sunt Child Benefit, Tax Credits, Disability Living Allowance, Employment and Support Allowance, Job Seeker&rsquo;s Allowance, Maternity Allowance/Statutory Maternity Pay si Housing Benefit.</p>\n\n<h1>Ce inseamna fiecare din aceste beneficii?</h1>\n\n<p>Child Benefit este echivalentul Alocatiei pentru copii care se primeste si in Romania. Ratele pentru Child Benefit sunt de &pound;20.30 pentru primul copil si &pound;13.40 pentru fiecare din urmatorii copii. Sunt eligibili pentru acest tip de beneficiu doar persoanele care se afla in UK, care au obtinut deja National Insurance Number si care au copii de pana la 16 ani (sau intre 16-20 ani, daca inca studiaza full-time sau sunt inregistrati ca ucenici, in scopul pregatirii profesionale), indiferent daca acesti copii locuiesc in UK sau nu. Persoanele care nu sunt rezidente in UK nu se califica pentru acest tip de beneficiu.</p>\n\n<h1>Tax Credits are doua elemente: Working Tax Credit si Child Tax Credits.</h1>\n\n<p>Working Tax Credits este un ajutor financiar care se da persoanelor care lucreaza employed sau self-employed, dar nu castiga suficient de mult pentru a se intretine. Child Tax Credit este ajutor financiar pentru persoanele care au copii. Daca doriti sa aflati daca va calificati, puteti suna direct la Tax Credits Office la 0345 300 3900.</p>\n\n<h1>Disability Living Allowance este un ajutor financiar pentru persoanele care sufera de un handicap.</h1>\n\n<p>Suma primita va fi calculata in functie de incadrarea handicapului iar decizia se face in baza certificatelor medicale sau a unei evaluari medicale la care vi se va cere sa participati. Pentru mai multe informatii, va puteti adresa birourilor independente si gratuite ale Citizen Advice Bureau sau la oficiile Job Centre din zona dvs.</p>\n\n<p>ATENTIE!</p>\n\n<p>Pentru ajutoare sociale pot aplica doar persoanele eligibile, adica cele care satisfac criteriile stricte de eligibilitate, cum ar fi cele de rezidenta sau cele de natura financiara.Guvernul britanic NU ESTE OBLIGAT sa ofere aceste beneficii oricui si poate:</p>\n\n<ul class="crt">\n	<li>sa va refuze aplicatia daca nu va calificati</li>\n	<li>sa va opreasca plata temporar sau permanent in cazul in care circumstantele dvs. s-au schimbat</li>\n	<li>sa va ceara sa dati inapoi suma primita sau o parte din ea in cazul in care se stabileste ca ati primit bani in plus sau care nu vi se cuveneau</li>\n	<li>sa va amendeze in cazul in care ati dat informatii false/incomplete sau nu ati anuntat la timp schimbarile de circumstante</li>\n</ul>\n\n<p>Sfatul nostru este sa tratati aceste aplicatii cu toata seriozitatea si sinceritatea deoarece omiterea, alterarea sau falsificarea informatiilor constituie FRAUDA, pedepsita conform legii prin amenda si/sau urmarire penala.</p>\n', 'puncte-medicale-locale', 136, 1, 1),
(251, 'Местные медицинские учреждения', '', 'mstn-mditsinski-uchrzhdniya', 136, 2, 0),
(252, 'Decesul și ajutorul de deces', '<h1>Ce sunt beneficiile sau ajutoarele sociale?</h1>\n\n<p>Acestea sunt ajutoare oferite de stat in anumite circumstante persoanelor care indeplinesc anumite criterii de rezidenta si eligibilitate (spre exemplu, in cazul in care au copii, venituri mici sau au ramas fara venit).</p>\n\n<h1>Care sunt tipurile cele mai intalnite de beneficii?</h1>\n\n<p>Cele mai intalnite beneficii la care se pot incadra si cetatenii romani sunt Child Benefit, Tax Credits, Disability Living Allowance, Employment and Support Allowance, Job Seeker&rsquo;s Allowance, Maternity Allowance/Statutory Maternity Pay si Housing Benefit.</p>\n\n<h1>Ce inseamna fiecare din aceste beneficii?</h1>\n\n<p>Child Benefit este echivalentul Alocatiei pentru copii care se primeste si in Romania. Ratele pentru Child Benefit sunt de &pound;20.30 pentru primul copil si &pound;13.40 pentru fiecare din urmatorii copii. Sunt eligibili pentru acest tip de beneficiu doar persoanele care se afla in UK, care au obtinut deja National Insurance Number si care au copii de pana la 16 ani (sau intre 16-20 ani, daca inca studiaza full-time sau sunt inregistrati ca ucenici, in scopul pregatirii profesionale), indiferent daca acesti copii locuiesc in UK sau nu. Persoanele care nu sunt rezidente in UK nu se califica pentru acest tip de beneficiu.</p>\n\n<h1>Tax Credits are doua elemente: Working Tax Credit si Child Tax Credits.</h1>\n\n<p>Working Tax Credits este un ajutor financiar care se da persoanelor care lucreaza employed sau self-employed, dar nu castiga suficient de mult pentru a se intretine. Child Tax Credit este ajutor financiar pentru persoanele care au copii. Daca doriti sa aflati daca va calificati, puteti suna direct la Tax Credits Office la 0345 300 3900.</p>\n\n<h1>Disability Living Allowance este un ajutor financiar pentru persoanele care sufera de un handicap.</h1>\n\n<p>Suma primita va fi calculata in functie de incadrarea handicapului iar decizia se face in baza certificatelor medicale sau a unei evaluari medicale la care vi se va cere sa participati. Pentru mai multe informatii, va puteti adresa birourilor independente si gratuite ale Citizen Advice Bureau sau la oficiile Job Centre din zona dvs.</p>\n\n<p>ATENTIE!</p>\n\n<p>Pentru ajutoare sociale pot aplica doar persoanele eligibile, adica cele care satisfac criteriile stricte de eligibilitate, cum ar fi cele de rezidenta sau cele de natura financiara.Guvernul britanic NU ESTE OBLIGAT sa ofere aceste beneficii oricui si poate:</p>\n\n<ul class="crt">\n	<li>sa va refuze aplicatia daca nu va calificati</li>\n	<li>sa va opreasca plata temporar sau permanent in cazul in care circumstantele dvs. s-au schimbat</li>\n	<li>sa va ceara sa dati inapoi suma primita sau o parte din ea in cazul in care se stabileste ca ati primit bani in plus sau care nu vi se cuveneau</li>\n	<li>sa va amendeze in cazul in care ati dat informatii false/incomplete sau nu ati anuntat la timp schimbarile de circumstante</li>\n</ul>\n\n<p>Sfatul nostru este sa tratati aceste aplicatii cu toata seriozitatea si sinceritatea deoarece omiterea, alterarea sau falsificarea informatiilor constituie FRAUDA, pedepsita conform legii prin amenda si/sau urmarire penala.</p>\n', 'decesul-si-ajutorul-de-deces', 137, 1, 1),
(253, 'Материальная помощь в связи со смертью', '', 'matrialynaya-pomoshty-v-svyazi-so-smrtyyu', 137, 2, 0),
(254, 'Adăposturi sociale și case de bătrâni', '<h1>Ce sunt beneficiile sau ajutoarele sociale?</h1>\n\n<p>Acestea sunt ajutoare oferite de stat in anumite circumstante persoanelor care indeplinesc anumite criterii de rezidenta si eligibilitate (spre exemplu, in cazul in care au copii, venituri mici sau au ramas fara venit).</p>\n\n<h1>Care sunt tipurile cele mai intalnite de beneficii?</h1>\n\n<p>Cele mai intalnite beneficii la care se pot incadra si cetatenii romani sunt Child Benefit, Tax Credits, Disability Living Allowance, Employment and Support Allowance, Job Seeker&rsquo;s Allowance, Maternity Allowance/Statutory Maternity Pay si Housing Benefit.</p>\n\n<h1>Ce inseamna fiecare din aceste beneficii?</h1>\n\n<p>Child Benefit este echivalentul Alocatiei pentru copii care se primeste si in Romania. Ratele pentru Child Benefit sunt de &pound;20.30 pentru primul copil si &pound;13.40 pentru fiecare din urmatorii copii. Sunt eligibili pentru acest tip de beneficiu doar persoanele care se afla in UK, care au obtinut deja National Insurance Number si care au copii de pana la 16 ani (sau intre 16-20 ani, daca inca studiaza full-time sau sunt inregistrati ca ucenici, in scopul pregatirii profesionale), indiferent daca acesti copii locuiesc in UK sau nu. Persoanele care nu sunt rezidente in UK nu se califica pentru acest tip de beneficiu.</p>\n\n<h1>Tax Credits are doua elemente: Working Tax Credit si Child Tax Credits.</h1>\n\n<p>Working Tax Credits este un ajutor financiar care se da persoanelor care lucreaza employed sau self-employed, dar nu castiga suficient de mult pentru a se intretine. Child Tax Credit este ajutor financiar pentru persoanele care au copii. Daca doriti sa aflati daca va calificati, puteti suna direct la Tax Credits Office la 0345 300 3900.</p>\n\n<h1>Disability Living Allowance este un ajutor financiar pentru persoanele care sufera de un handicap.</h1>\n\n<p>Suma primita va fi calculata in functie de incadrarea handicapului iar decizia se face in baza certificatelor medicale sau a unei evaluari medicale la care vi se va cere sa participati. Pentru mai multe informatii, va puteti adresa birourilor independente si gratuite ale Citizen Advice Bureau sau la oficiile Job Centre din zona dvs.</p>\n\n<p>ATENTIE!</p>\n\n<p>Pentru ajutoare sociale pot aplica doar persoanele eligibile, adica cele care satisfac criteriile stricte de eligibilitate, cum ar fi cele de rezidenta sau cele de natura financiara.Guvernul britanic NU ESTE OBLIGAT sa ofere aceste beneficii oricui si poate:</p>\n\n<ul class="crt">\n	<li>sa va refuze aplicatia daca nu va calificati</li>\n	<li>sa va opreasca plata temporar sau permanent in cazul in care circumstantele dvs. s-au schimbat</li>\n	<li>sa va ceara sa dati inapoi suma primita sau o parte din ea in cazul in care se stabileste ca ati primit bani in plus sau care nu vi se cuveneau</li>\n	<li>sa va amendeze in cazul in care ati dat informatii false/incomplete sau nu ati anuntat la timp schimbarile de circumstante</li>\n</ul>\n\n<p>Sfatul nostru este sa tratati aceste aplicatii cu toata seriozitatea si sinceritatea deoarece omiterea, alterarea sau falsificarea informatiilor constituie FRAUDA, pedepsita conform legii prin amenda si/sau urmarire penala.</p>\n', 'adaposturi-sociale-si-case-de-batrani', 138, 1, 1),
(255, 'Социальные приюты и дома для престарелых', '', 'sotsialyn-priyut-i-doma-dlya-prstarlh', 138, 2, 0),
(256, 'Violența domestică / cazuri de urgență', '<h1>Ce sunt beneficiile sau ajutoarele sociale?</h1>\n\n<p>Acestea sunt ajutoare oferite de stat in anumite circumstante persoanelor care indeplinesc anumite criterii de rezidenta si eligibilitate (spre exemplu, in cazul in care au copii, venituri mici sau au ramas fara venit).</p>\n\n<h1>Care sunt tipurile cele mai intalnite de beneficii?</h1>\n\n<p>Cele mai intalnite beneficii la care se pot incadra si cetatenii romani sunt Child Benefit, Tax Credits, Disability Living Allowance, Employment and Support Allowance, Job Seeker&rsquo;s Allowance, Maternity Allowance/Statutory Maternity Pay si Housing Benefit.</p>\n\n<h1>Ce inseamna fiecare din aceste beneficii?</h1>\n\n<p>Child Benefit este echivalentul Alocatiei pentru copii care se primeste si in Romania. Ratele pentru Child Benefit sunt de &pound;20.30 pentru primul copil si &pound;13.40 pentru fiecare din urmatorii copii. Sunt eligibili pentru acest tip de beneficiu doar persoanele care se afla in UK, care au obtinut deja National Insurance Number si care au copii de pana la 16 ani (sau intre 16-20 ani, daca inca studiaza full-time sau sunt inregistrati ca ucenici, in scopul pregatirii profesionale), indiferent daca acesti copii locuiesc in UK sau nu. Persoanele care nu sunt rezidente in UK nu se califica pentru acest tip de beneficiu.</p>\n\n<h1>Tax Credits are doua elemente: Working Tax Credit si Child Tax Credits.</h1>\n\n<p>Working Tax Credits este un ajutor financiar care se da persoanelor care lucreaza employed sau self-employed, dar nu castiga suficient de mult pentru a se intretine. Child Tax Credit este ajutor financiar pentru persoanele care au copii. Daca doriti sa aflati daca va calificati, puteti suna direct la Tax Credits Office la 0345 300 3900.</p>\n\n<h1>Disability Living Allowance este un ajutor financiar pentru persoanele care sufera de un handicap.</h1>\n\n<p>Suma primita va fi calculata in functie de incadrarea handicapului iar decizia se face in baza certificatelor medicale sau a unei evaluari medicale la care vi se va cere sa participati. Pentru mai multe informatii, va puteti adresa birourilor independente si gratuite ale Citizen Advice Bureau sau la oficiile Job Centre din zona dvs.</p>\n\n<p>ATENTIE!</p>\n\n<p>Pentru ajutoare sociale pot aplica doar persoanele eligibile, adica cele care satisfac criteriile stricte de eligibilitate, cum ar fi cele de rezidenta sau cele de natura financiara.Guvernul britanic NU ESTE OBLIGAT sa ofere aceste beneficii oricui si poate:</p>\n\n<ul class="crt">\n	<li>sa va refuze aplicatia daca nu va calificati</li>\n	<li>sa va opreasca plata temporar sau permanent in cazul in care circumstantele dvs. s-au schimbat</li>\n	<li>sa va ceara sa dati inapoi suma primita sau o parte din ea in cazul in care se stabileste ca ati primit bani in plus sau care nu vi se cuveneau</li>\n	<li>sa va amendeze in cazul in care ati dat informatii false/incomplete sau nu ati anuntat la timp schimbarile de circumstante</li>\n</ul>\n\n<p>Sfatul nostru este sa tratati aceste aplicatii cu toata seriozitatea si sinceritatea deoarece omiterea, alterarea sau falsificarea informatiilor constituie FRAUDA, pedepsita conform legii prin amenda si/sau urmarire penala.</p>\n', 'violenta-domestica-cazuri-de-urgenta', 139, 1, 1),
(257, 'Домашнее насилие / экстренные случаи', '', 'domashn-nasili-kstrnn-sluchai', 139, 2, 0),
(258, 'Raportează o fraudă socială', '<h1>Ce sunt beneficiile sau ajutoarele sociale?</h1>\n\n<p>Acestea sunt ajutoare oferite de stat in anumite circumstante persoanelor care indeplinesc anumite criterii de rezidenta si eligibilitate (spre exemplu, in cazul in care au copii, venituri mici sau au ramas fara venit).</p>\n\n<h1>Care sunt tipurile cele mai intalnite de beneficii?</h1>\n\n<p>Cele mai intalnite beneficii la care se pot incadra si cetatenii romani sunt Child Benefit, Tax Credits, Disability Living Allowance, Employment and Support Allowance, Job Seeker&rsquo;s Allowance, Maternity Allowance/Statutory Maternity Pay si Housing Benefit.</p>\n\n<h1>Ce inseamna fiecare din aceste beneficii?</h1>\n\n<p>Child Benefit este echivalentul Alocatiei pentru copii care se primeste si in Romania. Ratele pentru Child Benefit sunt de &pound;20.30 pentru primul copil si &pound;13.40 pentru fiecare din urmatorii copii. Sunt eligibili pentru acest tip de beneficiu doar persoanele care se afla in UK, care au obtinut deja National Insurance Number si care au copii de pana la 16 ani (sau intre 16-20 ani, daca inca studiaza full-time sau sunt inregistrati ca ucenici, in scopul pregatirii profesionale), indiferent daca acesti copii locuiesc in UK sau nu. Persoanele care nu sunt rezidente in UK nu se califica pentru acest tip de beneficiu.</p>\n\n<h1>Tax Credits are doua elemente: Working Tax Credit si Child Tax Credits.</h1>\n\n<p>Working Tax Credits este un ajutor financiar care se da persoanelor care lucreaza employed sau self-employed, dar nu castiga suficient de mult pentru a se intretine. Child Tax Credit este ajutor financiar pentru persoanele care au copii. Daca doriti sa aflati daca va calificati, puteti suna direct la Tax Credits Office la 0345 300 3900.</p>\n\n<h1>Disability Living Allowance este un ajutor financiar pentru persoanele care sufera de un handicap.</h1>\n\n<p>Suma primita va fi calculata in functie de incadrarea handicapului iar decizia se face in baza certificatelor medicale sau a unei evaluari medicale la care vi se va cere sa participati. Pentru mai multe informatii, va puteti adresa birourilor independente si gratuite ale Citizen Advice Bureau sau la oficiile Job Centre din zona dvs.</p>\n\n<p>ATENTIE!</p>\n\n<p>Pentru ajutoare sociale pot aplica doar persoanele eligibile, adica cele care satisfac criteriile stricte de eligibilitate, cum ar fi cele de rezidenta sau cele de natura financiara.Guvernul britanic NU ESTE OBLIGAT sa ofere aceste beneficii oricui si poate:</p>\n\n<ul class="crt">\n	<li>sa va refuze aplicatia daca nu va calificati</li>\n	<li>sa va opreasca plata temporar sau permanent in cazul in care circumstantele dvs. s-au schimbat</li>\n	<li>sa va ceara sa dati inapoi suma primita sau o parte din ea in cazul in care se stabileste ca ati primit bani in plus sau care nu vi se cuveneau</li>\n	<li>sa va amendeze in cazul in care ati dat informatii false/incomplete sau nu ati anuntat la timp schimbarile de circumstante</li>\n</ul>\n\n<p>Sfatul nostru este sa tratati aceste aplicatii cu toata seriozitatea si sinceritatea deoarece omiterea, alterarea sau falsificarea informatiilor constituie FRAUDA, pedepsita conform legii prin amenda si/sau urmarire penala.</p>\n', 'raporteaza-o-frauda-sociala', 140, 1, 1),
(259, 'Сообщите о социальном мошенничестве', '', 'soobshtit-o-sotsialynom-moshnnichstv', 140, 2, 0),
(260, 'Întrebări frecvente / modele de cereri /ghid de completare a cererii', '', 'intrebari-frecvente-modele-de-cereri-ghid-de-completare-a-cererii', 141, 1, 1),
(261, 'Часто задаваемые вопросы / образцы заявлений', '', 'chasto-zadavam-vopros-obrazts-zayavlniy', 141, 2, 0),
(262, 'Întrebări frecvente', '', 'intrebari-frecvente', 142, 1, 1),
(263, 'Часто задаваемые вопросы', '', 'chasto-zadavam-vopros', 142, 2, 0),
(264, 'Modele de cereri', '', 'modele-de-cereri', 143, 1, 1),
(265, 'Образцы заявлений', '', 'obrazts-zayavlniy', 143, 2, 0),
(266, 'Ghid de completare a cererii', '<h2>Acest Ghid cuprinde informații detaliate privind modalitatea de&nbsp;completare şi transmitere a unei cereri de finanțare &icirc;n cadrul tuturor&nbsp;cererilor de propuneri de proiecte finanțate din POSDRU.&nbsp;</h2>\n\n<p style="text-align:justify"><br />\nAMPOSDRU a simplificat procedura de completare şi transmitere a unei cereri&nbsp;de finanțare pentru POS DRU, de la patru la trei etape.&nbsp;Astfel, numai 3 etape simple pentru a contribui la dezvoltarea şi la calitatea&nbsp;a ceea reprezintă pentru noi cea mai importantă resursă: persoana.&nbsp;Formularul cererii de finanțare este acum &icirc;n &icirc;ntregime electronic şi&nbsp;este conceput pentru a simplifica şi a da transparență &icirc;ntregului proces.&nbsp;&Icirc;n versiunea simplificată a ActionWeb NU se mai descarcă şi &icirc;ncarcă ulterior &icirc;n&nbsp;sistem Anexa 1 &bdquo;Cererea de finanțare&rdquo; &ndash; &icirc;ntregul formular se completează&nbsp;electronic.&nbsp;Fiecare pagină a formularului vă conduce pas cu pas &icirc;n descrierea ideii&nbsp;dumneavoastră de proiect oferind sprijin şi explicații &icirc;n fiecare etapă,&nbsp;simplific&acirc;nd &icirc;n acest fel prezentarea aplicației.</p>\n\n<p style="text-align:justify">&nbsp;</p>\n\n<h2 style="text-align:justify">Cum se completează cererea de finanțare&nbsp;</h2>\n\n<p>&Icirc;n vederea completării şi transmiterii unei cereri de finanțare &icirc;n cadrul cererilor de propuneri&nbsp;de proiecte finanțate prin POS DRU, vă rugăm să accesați pagina de internet a AMPOSDRU,&nbsp;respectiv <a href="http://fseromania.ro">www.fseromania.ro</a>, secțiunea <u>&bdquo;Cerere de propuneri de proiecte&rdquo;</u>, link <strong>ActionWeb</strong>.&nbsp;Toate cererile de finanțare pentru POSDRU se completează şi se transmit electronic.&nbsp;</p>\n', 'ghid-de-completare-a-cererii', 144, 1, 1),
(267, 'Инструкция по заполнению заявления', '', 'instruktsiya-po-zapolnniyu-zayavlniya', 144, 2, 0),
(268, 'Impozite și taxe locale', '<table class="taxe" style="border-collapse:collapse; border-spacing:0px; box-sizing:border-box; color:rgb(34, 34, 34); font-family:open_sansregular; font-size:16px; line-height:22.3999996185303px; margin-bottom:50px">\n	<thead>\n		<tr>\n			<td style="height:50px">Impozite</td>\n			<td style="height:50px">2011</td>\n			<td style="height:50px">2012</td>\n			<td style="height:50px">2013</td>\n			<td style="height:50px">2014</td>\n		</tr>\n	</thead>\n	<tbody>\n		<tr>\n			<td>Impozitul si taxa pe teren</td>\n			<td>000 Lei</td>\n			<td>000 Lei</td>\n			<td>000 Lei</td>\n			<td>000 Lei</td>\n		</tr>\n		<tr>\n			<td>Impozitul pe mijloacele de transport</td>\n			<td>000 Lei</td>\n			<td>000 Lei</td>\n			<td>000 Lei</td>\n			<td>000 Lei</td>\n		</tr>\n		<tr>\n			<td>Taxa pentru afisaj &icirc;n scop de reclama si pkublicitate</td>\n			<td>000 Lei</td>\n			<td>000 Lei</td>\n			<td>000 Lei</td>\n			<td>000 Lei</td>\n		</tr>\n		<tr>\n			<td>Impozitul pe spectacole</td>\n			<td>000 Lei</td>\n			<td>000 Lei</td>\n			<td>000 Lei</td>\n			<td>000 Lei</td>\n		</tr>\n		<tr>\n			<td>Impozitul si taxa pe teren</td>\n			<td>000 Lei</td>\n			<td>000 Lei</td>\n			<td>000 Lei</td>\n			<td>000 Lei</td>\n		</tr>\n		<tr>\n			<td>Impozitul pe mijloacele de transport</td>\n			<td>000 Lei</td>\n			<td>000 Lei</td>\n			<td>000 Lei</td>\n			<td>000 Lei</td>\n		</tr>\n		<tr>\n			<td>Taxa pentru afisaj &icirc;n scop de reclama si publicitate</td>\n			<td>000 Lei</td>\n			<td>000 Lei</td>\n			<td>000 Lei</td>\n			<td>000 Lei</td>\n		</tr>\n		<tr>\n			<td>Impozitul pe spectacole</td>\n			<td>000 Lei</td>\n			<td>000 Lei</td>\n			<td>000 Lei</td>\n			<td>000 Lei</td>\n		</tr>\n		<tr>\n			<td>Impozitul si taxa pe teren</td>\n			<td>000 Lei</td>\n			<td>000 Lei</td>\n			<td>000 Lei</td>\n			<td>000 Lei</td>\n		</tr>\n		<tr>\n			<td>Impozitul pe mijloacele de transport</td>\n			<td>000 Lei</td>\n			<td>000 Lei</td>\n			<td>000 Lei</td>\n			<td>000 Lei</td>\n		</tr>\n		<tr>\n			<td>Taxa pentru afisaj &icirc;n scop de reclama si publicitate</td>\n			<td>000 Lei</td>\n			<td>000 Lei</td>\n			<td>000 Lei</td>\n			<td>000 Lei</td>\n		</tr>\n		<tr>\n			<td>Impozitul pe spectacole</td>\n			<td>000 Lei</td>\n			<td>000 Lei</td>\n			<td>000 Lei</td>\n			<td>000 Lei</td>\n		</tr>\n	</tbody>\n</table>\n', 'impozite-si-taxe-locale', 145, 1, 1),
(269, 'Сборы и налоги', '', 'sbor-i-nalogi-269', 145, 2, 0),
(270, 'Taxa de publicitate', '<h1>Ce sunt beneficiile sau ajutoarele sociale?</h1>\n\n<p>Acestea sunt ajutoare oferite de stat in anumite circumstante persoanelor care indeplinesc anumite criterii de rezidenta si eligibilitate (spre exemplu, in cazul in care au copii, venituri mici sau au ramas fara venit).</p>\n\n<h1>Care sunt tipurile cele mai intalnite de beneficii?</h1>\n\n<p>Cele mai intalnite beneficii la care se pot incadra si cetatenii romani sunt Child Benefit, Tax Credits, Disability Living Allowance, Employment and Support Allowance, Job Seeker&rsquo;s Allowance, Maternity Allowance/Statutory Maternity Pay si Housing Benefit.</p>\n\n<h1>Ce inseamna fiecare din aceste beneficii?</h1>\n\n<p>Child Benefit este echivalentul Alocatiei pentru copii care se primeste si in Romania. Ratele pentru Child Benefit sunt de &pound;20.30 pentru primul copil si &pound;13.40 pentru fiecare din urmatorii copii. Sunt eligibili pentru acest tip de beneficiu doar persoanele care se afla in UK, care au obtinut deja National Insurance Number si care au copii de pana la 16 ani (sau intre 16-20 ani, daca inca studiaza full-time sau sunt inregistrati ca ucenici, in scopul pregatirii profesionale), indiferent daca acesti copii locuiesc in UK sau nu. Persoanele care nu sunt rezidente in UK nu se califica pentru acest tip de beneficiu.</p>\n\n<h1>Tax Credits are doua elemente: Working Tax Credit si Child Tax Credits.</h1>\n\n<p>Working Tax Credits este un ajutor financiar care se da persoanelor care lucreaza employed sau self-employed, dar nu castiga suficient de mult pentru a se intretine. Child Tax Credit este ajutor financiar pentru persoanele care au copii. Daca doriti sa aflati daca va calificati, puteti suna direct la Tax Credits Office la 0345 300 3900.</p>\n\n<h1>Disability Living Allowance este un ajutor financiar pentru persoanele care sufera de un handicap.</h1>\n\n<p>Suma primita va fi calculata in functie de incadrarea handicapului iar decizia se face in baza certificatelor medicale sau a unei evaluari medicale la care vi se va cere sa participati. Pentru mai multe informatii, va puteti adresa birourilor independente si gratuite ale Citizen Advice Bureau sau la oficiile Job Centre din zona dvs.</p>\n\n<p>ATENTIE!</p>\n\n<p>Pentru ajutoare sociale pot aplica doar persoanele eligibile, adica cele care satisfac criteriile stricte de eligibilitate, cum ar fi cele de rezidenta sau cele de natura financiara.Guvernul britanic NU ESTE OBLIGAT sa ofere aceste beneficii oricui si poate:</p>\n\n<ul class="crt">\n	<li>sa va refuze aplicatia daca nu va calificati</li>\n	<li>sa va opreasca plata temporar sau permanent in cazul in care circumstantele dvs. s-au schimbat</li>\n	<li>sa va ceara sa dati inapoi suma primita sau o parte din ea in cazul in care se stabileste ca ati primit bani in plus sau care nu vi se cuveneau</li>\n	<li>sa va amendeze in cazul in care ati dat informatii false/incomplete sau nu ati anuntat la timp schimbarile de circumstante</li>\n</ul>\n\n<p>Sfatul nostru este sa tratati aceste aplicatii cu toata seriozitatea si sinceritatea deoarece omiterea, alterarea sau falsificarea informatiilor constituie FRAUDA, pedepsita conform legii prin amenda si/sau urmarire penala.</p>\n', 'taxa-de-publicitate', 146, 1, 1),
(271, 'Сбор за размещение рекламы', '', 'sbor-za-razmshtni-rklam', 146, 2, 0),
(272, 'Taxa de organizare a licitațiilor / loteriilor', '<h1>Ce sunt beneficiile sau ajutoarele sociale?</h1>\n\n<p>Acestea sunt ajutoare oferite de stat in anumite circumstante persoanelor care indeplinesc anumite criterii de rezidenta si eligibilitate (spre exemplu, in cazul in care au copii, venituri mici sau au ramas fara venit).</p>\n\n<h1>Care sunt tipurile cele mai intalnite de beneficii?</h1>\n\n<p>Cele mai intalnite beneficii la care se pot incadra si cetatenii romani sunt Child Benefit, Tax Credits, Disability Living Allowance, Employment and Support Allowance, Job Seeker&rsquo;s Allowance, Maternity Allowance/Statutory Maternity Pay si Housing Benefit.</p>\n\n<h1>Ce inseamna fiecare din aceste beneficii?</h1>\n\n<p>Child Benefit este echivalentul Alocatiei pentru copii care se primeste si in Romania. Ratele pentru Child Benefit sunt de &pound;20.30 pentru primul copil si &pound;13.40 pentru fiecare din urmatorii copii. Sunt eligibili pentru acest tip de beneficiu doar persoanele care se afla in UK, care au obtinut deja National Insurance Number si care au copii de pana la 16 ani (sau intre 16-20 ani, daca inca studiaza full-time sau sunt inregistrati ca ucenici, in scopul pregatirii profesionale), indiferent daca acesti copii locuiesc in UK sau nu. Persoanele care nu sunt rezidente in UK nu se califica pentru acest tip de beneficiu.</p>\n\n<h1>Tax Credits are doua elemente: Working Tax Credit si Child Tax Credits.</h1>\n\n<p>Working Tax Credits este un ajutor financiar care se da persoanelor care lucreaza employed sau self-employed, dar nu castiga suficient de mult pentru a se intretine. Child Tax Credit este ajutor financiar pentru persoanele care au copii. Daca doriti sa aflati daca va calificati, puteti suna direct la Tax Credits Office la 0345 300 3900.</p>\n\n<h1>Disability Living Allowance este un ajutor financiar pentru persoanele care sufera de un handicap.</h1>\n\n<p>Suma primita va fi calculata in functie de incadrarea handicapului iar decizia se face in baza certificatelor medicale sau a unei evaluari medicale la care vi se va cere sa participati. Pentru mai multe informatii, va puteti adresa birourilor independente si gratuite ale Citizen Advice Bureau sau la oficiile Job Centre din zona dvs.</p>\n\n<p>ATENTIE!</p>\n\n<p>Pentru ajutoare sociale pot aplica doar persoanele eligibile, adica cele care satisfac criteriile stricte de eligibilitate, cum ar fi cele de rezidenta sau cele de natura financiara.Guvernul britanic NU ESTE OBLIGAT sa ofere aceste beneficii oricui si poate:</p>\n\n<ul class="crt">\n	<li>sa va refuze aplicatia daca nu va calificati</li>\n	<li>sa va opreasca plata temporar sau permanent in cazul in care circumstantele dvs. s-au schimbat</li>\n	<li>sa va ceara sa dati inapoi suma primita sau o parte din ea in cazul in care se stabileste ca ati primit bani in plus sau care nu vi se cuveneau</li>\n	<li>sa va amendeze in cazul in care ati dat informatii false/incomplete sau nu ati anuntat la timp schimbarile de circumstante</li>\n</ul>\n\n<p>Sfatul nostru este sa tratati aceste aplicatii cu toata seriozitatea si sinceritatea deoarece omiterea, alterarea sau falsificarea informatiilor constituie FRAUDA, pedepsita conform legii prin amenda si/sau urmarire penala.</p>\n', 'taxa-de-organizare-a-licitatiilor-loteriilor', 147, 1, 1),
(273, 'Сбор за организацию аукционов и лотерей', '', 'sbor-za-organizatsiyu-auktsionov-i-lotry', 147, 2, 0),
(274, 'Taxa pentru unități comerciale', '<h1>Ce sunt beneficiile sau ajutoarele sociale?</h1>\n\n<p>Acestea sunt ajutoare oferite de stat in anumite circumstante persoanelor care indeplinesc anumite criterii de rezidenta si eligibilitate (spre exemplu, in cazul in care au copii, venituri mici sau au ramas fara venit).</p>\n\n<h1>Care sunt tipurile cele mai intalnite de beneficii?</h1>\n\n<p>Cele mai intalnite beneficii la care se pot incadra si cetatenii romani sunt Child Benefit, Tax Credits, Disability Living Allowance, Employment and Support Allowance, Job Seeker&rsquo;s Allowance, Maternity Allowance/Statutory Maternity Pay si Housing Benefit.</p>\n\n<h1>Ce inseamna fiecare din aceste beneficii?</h1>\n\n<p>Child Benefit este echivalentul Alocatiei pentru copii care se primeste si in Romania. Ratele pentru Child Benefit sunt de &pound;20.30 pentru primul copil si &pound;13.40 pentru fiecare din urmatorii copii. Sunt eligibili pentru acest tip de beneficiu doar persoanele care se afla in UK, care au obtinut deja National Insurance Number si care au copii de pana la 16 ani (sau intre 16-20 ani, daca inca studiaza full-time sau sunt inregistrati ca ucenici, in scopul pregatirii profesionale), indiferent daca acesti copii locuiesc in UK sau nu. Persoanele care nu sunt rezidente in UK nu se califica pentru acest tip de beneficiu.</p>\n\n<h1>Tax Credits are doua elemente: Working Tax Credit si Child Tax Credits.</h1>\n\n<p>Working Tax Credits este un ajutor financiar care se da persoanelor care lucreaza employed sau self-employed, dar nu castiga suficient de mult pentru a se intretine. Child Tax Credit este ajutor financiar pentru persoanele care au copii. Daca doriti sa aflati daca va calificati, puteti suna direct la Tax Credits Office la 0345 300 3900.</p>\n\n<h1>Disability Living Allowance este un ajutor financiar pentru persoanele care sufera de un handicap.</h1>\n\n<p>Suma primita va fi calculata in functie de incadrarea handicapului iar decizia se face in baza certificatelor medicale sau a unei evaluari medicale la care vi se va cere sa participati. Pentru mai multe informatii, va puteti adresa birourilor independente si gratuite ale Citizen Advice Bureau sau la oficiile Job Centre din zona dvs.</p>\n\n<p>ATENTIE!</p>\n\n<p>Pentru ajutoare sociale pot aplica doar persoanele eligibile, adica cele care satisfac criteriile stricte de eligibilitate, cum ar fi cele de rezidenta sau cele de natura financiara.Guvernul britanic NU ESTE OBLIGAT sa ofere aceste beneficii oricui si poate:</p>\n\n<ul class="crt">\n	<li>sa va refuze aplicatia daca nu va calificati</li>\n	<li>sa va opreasca plata temporar sau permanent in cazul in care circumstantele dvs. s-au schimbat</li>\n	<li>sa va ceara sa dati inapoi suma primita sau o parte din ea in cazul in care se stabileste ca ati primit bani in plus sau care nu vi se cuveneau</li>\n	<li>sa va amendeze in cazul in care ati dat informatii false/incomplete sau nu ati anuntat la timp schimbarile de circumstante</li>\n</ul>\n\n<p>Sfatul nostru este sa tratati aceste aplicatii cu toata seriozitatea si sinceritatea deoarece omiterea, alterarea sau falsificarea informatiilor constituie FRAUDA, pedepsita conform legii prin amenda si/sau urmarire penala.</p>\n', 'taxa-pentru-unitati-comerciale', 148, 1, 1),
(275, 'Сбор за объекты торговли', '', 'sbor-za-obakt-torgovli', 148, 2, 0),
(276, 'Taxa de piață', '<h1>Ce sunt beneficiile sau ajutoarele sociale?</h1>\n\n<p>Acestea sunt ajutoare oferite de stat in anumite circumstante persoanelor care indeplinesc anumite criterii de rezidenta si eligibilitate (spre exemplu, in cazul in care au copii, venituri mici sau au ramas fara venit).</p>\n\n<h1>Care sunt tipurile cele mai intalnite de beneficii?</h1>\n\n<p>Cele mai intalnite beneficii la care se pot incadra si cetatenii romani sunt Child Benefit, Tax Credits, Disability Living Allowance, Employment and Support Allowance, Job Seeker&rsquo;s Allowance, Maternity Allowance/Statutory Maternity Pay si Housing Benefit.</p>\n\n<h1>Ce inseamna fiecare din aceste beneficii?</h1>\n\n<p>Child Benefit este echivalentul Alocatiei pentru copii care se primeste si in Romania. Ratele pentru Child Benefit sunt de &pound;20.30 pentru primul copil si &pound;13.40 pentru fiecare din urmatorii copii. Sunt eligibili pentru acest tip de beneficiu doar persoanele care se afla in UK, care au obtinut deja National Insurance Number si care au copii de pana la 16 ani (sau intre 16-20 ani, daca inca studiaza full-time sau sunt inregistrati ca ucenici, in scopul pregatirii profesionale), indiferent daca acesti copii locuiesc in UK sau nu. Persoanele care nu sunt rezidente in UK nu se califica pentru acest tip de beneficiu.</p>\n\n<h1>Tax Credits are doua elemente: Working Tax Credit si Child Tax Credits.</h1>\n\n<p>Working Tax Credits este un ajutor financiar care se da persoanelor care lucreaza employed sau self-employed, dar nu castiga suficient de mult pentru a se intretine. Child Tax Credit este ajutor financiar pentru persoanele care au copii. Daca doriti sa aflati daca va calificati, puteti suna direct la Tax Credits Office la 0345 300 3900.</p>\n\n<h1>Disability Living Allowance este un ajutor financiar pentru persoanele care sufera de un handicap.</h1>\n\n<p>Suma primita va fi calculata in functie de incadrarea handicapului iar decizia se face in baza certificatelor medicale sau a unei evaluari medicale la care vi se va cere sa participati. Pentru mai multe informatii, va puteti adresa birourilor independente si gratuite ale Citizen Advice Bureau sau la oficiile Job Centre din zona dvs.</p>\n\n<p>ATENTIE!</p>\n\n<p>Pentru ajutoare sociale pot aplica doar persoanele eligibile, adica cele care satisfac criteriile stricte de eligibilitate, cum ar fi cele de rezidenta sau cele de natura financiara.Guvernul britanic NU ESTE OBLIGAT sa ofere aceste beneficii oricui si poate:</p>\n\n<ul class="crt">\n	<li>sa va refuze aplicatia daca nu va calificati</li>\n	<li>sa va opreasca plata temporar sau permanent in cazul in care circumstantele dvs. s-au schimbat</li>\n	<li>sa va ceara sa dati inapoi suma primita sau o parte din ea in cazul in care se stabileste ca ati primit bani in plus sau care nu vi se cuveneau</li>\n	<li>sa va amendeze in cazul in care ati dat informatii false/incomplete sau nu ati anuntat la timp schimbarile de circumstante</li>\n</ul>\n\n<p>Sfatul nostru este sa tratati aceste aplicatii cu toata seriozitatea si sinceritatea deoarece omiterea, alterarea sau falsificarea informatiilor constituie FRAUDA, pedepsita conform legii prin amenda si/sau urmarire penala.</p>\n', 'taxa-de-piata', 149, 1, 1),
(277, 'Рыночный сбор', '', 'rnochny-sbor', 149, 2, 0),
(278, 'Taxa de cazare', '<h1>Ce sunt beneficiile sau ajutoarele sociale?</h1>\n\n<p>Acestea sunt ajutoare oferite de stat in anumite circumstante persoanelor care indeplinesc anumite criterii de rezidenta si eligibilitate (spre exemplu, in cazul in care au copii, venituri mici sau au ramas fara venit).</p>\n\n<h1>Care sunt tipurile cele mai intalnite de beneficii?</h1>\n\n<p>Cele mai intalnite beneficii la care se pot incadra si cetatenii romani sunt Child Benefit, Tax Credits, Disability Living Allowance, Employment and Support Allowance, Job Seeker&rsquo;s Allowance, Maternity Allowance/Statutory Maternity Pay si Housing Benefit.</p>\n\n<h1>Ce inseamna fiecare din aceste beneficii?</h1>\n\n<p>Child Benefit este echivalentul Alocatiei pentru copii care se primeste si in Romania. Ratele pentru Child Benefit sunt de &pound;20.30 pentru primul copil si &pound;13.40 pentru fiecare din urmatorii copii. Sunt eligibili pentru acest tip de beneficiu doar persoanele care se afla in UK, care au obtinut deja National Insurance Number si care au copii de pana la 16 ani (sau intre 16-20 ani, daca inca studiaza full-time sau sunt inregistrati ca ucenici, in scopul pregatirii profesionale), indiferent daca acesti copii locuiesc in UK sau nu. Persoanele care nu sunt rezidente in UK nu se califica pentru acest tip de beneficiu.</p>\n\n<h1>Tax Credits are doua elemente: Working Tax Credit si Child Tax Credits.</h1>\n\n<p>Working Tax Credits este un ajutor financiar care se da persoanelor care lucreaza employed sau self-employed, dar nu castiga suficient de mult pentru a se intretine. Child Tax Credit este ajutor financiar pentru persoanele care au copii. Daca doriti sa aflati daca va calificati, puteti suna direct la Tax Credits Office la 0345 300 3900.</p>\n\n<h1>Disability Living Allowance este un ajutor financiar pentru persoanele care sufera de un handicap.</h1>\n\n<p>Suma primita va fi calculata in functie de incadrarea handicapului iar decizia se face in baza certificatelor medicale sau a unei evaluari medicale la care vi se va cere sa participati. Pentru mai multe informatii, va puteti adresa birourilor independente si gratuite ale Citizen Advice Bureau sau la oficiile Job Centre din zona dvs.</p>\n\n<p>ATENTIE!</p>\n\n<p>Pentru ajutoare sociale pot aplica doar persoanele eligibile, adica cele care satisfac criteriile stricte de eligibilitate, cum ar fi cele de rezidenta sau cele de natura financiara.Guvernul britanic NU ESTE OBLIGAT sa ofere aceste beneficii oricui si poate:</p>\n\n<ul class="crt">\n	<li>sa va refuze aplicatia daca nu va calificati</li>\n	<li>sa va opreasca plata temporar sau permanent in cazul in care circumstantele dvs. s-au schimbat</li>\n	<li>sa va ceara sa dati inapoi suma primita sau o parte din ea in cazul in care se stabileste ca ati primit bani in plus sau care nu vi se cuveneau</li>\n	<li>sa va amendeze in cazul in care ati dat informatii false/incomplete sau nu ati anuntat la timp schimbarile de circumstante</li>\n</ul>\n\n<p>Sfatul nostru este sa tratati aceste aplicatii cu toata seriozitatea si sinceritatea deoarece omiterea, alterarea sau falsificarea informatiilor constituie FRAUDA, pedepsita conform legii prin amenda si/sau urmarire penala.</p>\n', 'taxa-de-cazare', 150, 1, 1),
(279, 'Сбор за временное проживание', '', 'sbor-za-vrmnno-prozhivani', 150, 2, 0),
(280, 'Taxa de parcare', '<h1>Ce sunt beneficiile sau ajutoarele sociale?</h1>\n\n<p>Acestea sunt ajutoare oferite de stat in anumite circumstante persoanelor care indeplinesc anumite criterii de rezidenta si eligibilitate (spre exemplu, in cazul in care au copii, venituri mici sau au ramas fara venit).</p>\n\n<h1>Care sunt tipurile cele mai intalnite de beneficii?</h1>\n\n<p>Cele mai intalnite beneficii la care se pot incadra si cetatenii romani sunt Child Benefit, Tax Credits, Disability Living Allowance, Employment and Support Allowance, Job Seeker&rsquo;s Allowance, Maternity Allowance/Statutory Maternity Pay si Housing Benefit.</p>\n\n<h1>Ce inseamna fiecare din aceste beneficii?</h1>\n\n<p>Child Benefit este echivalentul Alocatiei pentru copii care se primeste si in Romania. Ratele pentru Child Benefit sunt de &pound;20.30 pentru primul copil si &pound;13.40 pentru fiecare din urmatorii copii. Sunt eligibili pentru acest tip de beneficiu doar persoanele care se afla in UK, care au obtinut deja National Insurance Number si care au copii de pana la 16 ani (sau intre 16-20 ani, daca inca studiaza full-time sau sunt inregistrati ca ucenici, in scopul pregatirii profesionale), indiferent daca acesti copii locuiesc in UK sau nu. Persoanele care nu sunt rezidente in UK nu se califica pentru acest tip de beneficiu.</p>\n\n<h1>Tax Credits are doua elemente: Working Tax Credit si Child Tax Credits.</h1>\n\n<p>Working Tax Credits este un ajutor financiar care se da persoanelor care lucreaza employed sau self-employed, dar nu castiga suficient de mult pentru a se intretine. Child Tax Credit este ajutor financiar pentru persoanele care au copii. Daca doriti sa aflati daca va calificati, puteti suna direct la Tax Credits Office la 0345 300 3900.</p>\n\n<h1>Disability Living Allowance este un ajutor financiar pentru persoanele care sufera de un handicap.</h1>\n\n<p>Suma primita va fi calculata in functie de incadrarea handicapului iar decizia se face in baza certificatelor medicale sau a unei evaluari medicale la care vi se va cere sa participati. Pentru mai multe informatii, va puteti adresa birourilor independente si gratuite ale Citizen Advice Bureau sau la oficiile Job Centre din zona dvs.</p>\n\n<p>ATENTIE!</p>\n\n<p>Pentru ajutoare sociale pot aplica doar persoanele eligibile, adica cele care satisfac criteriile stricte de eligibilitate, cum ar fi cele de rezidenta sau cele de natura financiara.Guvernul britanic NU ESTE OBLIGAT sa ofere aceste beneficii oricui si poate:</p>\n\n<ul class="crt">\n	<li>sa va refuze aplicatia daca nu va calificati</li>\n	<li>sa va opreasca plata temporar sau permanent in cazul in care circumstantele dvs. s-au schimbat</li>\n	<li>sa va ceara sa dati inapoi suma primita sau o parte din ea in cazul in care se stabileste ca ati primit bani in plus sau care nu vi se cuveneau</li>\n	<li>sa va amendeze in cazul in care ati dat informatii false/incomplete sau nu ati anuntat la timp schimbarile de circumstante</li>\n</ul>\n\n<p>Sfatul nostru este sa tratati aceste aplicatii cu toata seriozitatea si sinceritatea deoarece omiterea, alterarea sau falsificarea informatiilor constituie FRAUDA, pedepsita conform legii prin amenda si/sau urmarire penala.</p>\n', 'taxa-de-parcare', 151, 1, 1),
(281, 'Сбор за парковку автотранспорта', '', 'sbor-za-parkovku-avtotransporta', 151, 2, 0),
(282, 'Taxa pentru unități stradale', '<h1>Ce sunt beneficiile sau ajutoarele sociale?</h1>\n\n<p>Acestea sunt ajutoare oferite de stat in anumite circumstante persoanelor care indeplinesc anumite criterii de rezidenta si eligibilitate (spre exemplu, in cazul in care au copii, venituri mici sau au ramas fara venit).</p>\n\n<h1>Care sunt tipurile cele mai intalnite de beneficii?</h1>\n\n<p>Cele mai intalnite beneficii la care se pot incadra si cetatenii romani sunt Child Benefit, Tax Credits, Disability Living Allowance, Employment and Support Allowance, Job Seeker&rsquo;s Allowance, Maternity Allowance/Statutory Maternity Pay si Housing Benefit.</p>\n\n<h1>Ce inseamna fiecare din aceste beneficii?</h1>\n\n<p>Child Benefit este echivalentul Alocatiei pentru copii care se primeste si in Romania. Ratele pentru Child Benefit sunt de &pound;20.30 pentru primul copil si &pound;13.40 pentru fiecare din urmatorii copii. Sunt eligibili pentru acest tip de beneficiu doar persoanele care se afla in UK, care au obtinut deja National Insurance Number si care au copii de pana la 16 ani (sau intre 16-20 ani, daca inca studiaza full-time sau sunt inregistrati ca ucenici, in scopul pregatirii profesionale), indiferent daca acesti copii locuiesc in UK sau nu. Persoanele care nu sunt rezidente in UK nu se califica pentru acest tip de beneficiu.</p>\n\n<h1>Tax Credits are doua elemente: Working Tax Credit si Child Tax Credits.</h1>\n\n<p>Working Tax Credits este un ajutor financiar care se da persoanelor care lucreaza employed sau self-employed, dar nu castiga suficient de mult pentru a se intretine. Child Tax Credit este ajutor financiar pentru persoanele care au copii. Daca doriti sa aflati daca va calificati, puteti suna direct la Tax Credits Office la 0345 300 3900.</p>\n\n<h1>Disability Living Allowance este un ajutor financiar pentru persoanele care sufera de un handicap.</h1>\n\n<p>Suma primita va fi calculata in functie de incadrarea handicapului iar decizia se face in baza certificatelor medicale sau a unei evaluari medicale la care vi se va cere sa participati. Pentru mai multe informatii, va puteti adresa birourilor independente si gratuite ale Citizen Advice Bureau sau la oficiile Job Centre din zona dvs.</p>\n\n<p>ATENTIE!</p>\n\n<p>Pentru ajutoare sociale pot aplica doar persoanele eligibile, adica cele care satisfac criteriile stricte de eligibilitate, cum ar fi cele de rezidenta sau cele de natura financiara.Guvernul britanic NU ESTE OBLIGAT sa ofere aceste beneficii oricui si poate:</p>\n\n<ul class="crt">\n	<li>sa va refuze aplicatia daca nu va calificati</li>\n	<li>sa va opreasca plata temporar sau permanent in cazul in care circumstantele dvs. s-au schimbat</li>\n	<li>sa va ceara sa dati inapoi suma primita sau o parte din ea in cazul in care se stabileste ca ati primit bani in plus sau care nu vi se cuveneau</li>\n	<li>sa va amendeze in cazul in care ati dat informatii false/incomplete sau nu ati anuntat la timp schimbarile de circumstante</li>\n</ul>\n\n<p>Sfatul nostru este sa tratati aceste aplicatii cu toata seriozitatea si sinceritatea deoarece omiterea, alterarea sau falsificarea informatiilor constituie FRAUDA, pedepsita conform legii prin amenda si/sau urmarire penala.</p>\n', 'taxa-pentru-unitati-stradale', 152, 1, 1),
(283, 'Сбор за уличные объекты', '', 'sbor-za-ulichn-obakt', 152, 2, 0),
(284, 'Impozitul pe bunuri imobiliare', '<h1>Ce sunt beneficiile sau ajutoarele sociale?</h1>\n\n<p>Acestea sunt ajutoare oferite de stat in anumite circumstante persoanelor care indeplinesc anumite criterii de rezidenta si eligibilitate (spre exemplu, in cazul in care au copii, venituri mici sau au ramas fara venit).</p>\n\n<h1>Care sunt tipurile cele mai intalnite de beneficii?</h1>\n\n<p>Cele mai intalnite beneficii la care se pot incadra si cetatenii romani sunt Child Benefit, Tax Credits, Disability Living Allowance, Employment and Support Allowance, Job Seeker&rsquo;s Allowance, Maternity Allowance/Statutory Maternity Pay si Housing Benefit.</p>\n\n<h1>Ce inseamna fiecare din aceste beneficii?</h1>\n\n<p>Child Benefit este echivalentul Alocatiei pentru copii care se primeste si in Romania. Ratele pentru Child Benefit sunt de &pound;20.30 pentru primul copil si &pound;13.40 pentru fiecare din urmatorii copii. Sunt eligibili pentru acest tip de beneficiu doar persoanele care se afla in UK, care au obtinut deja National Insurance Number si care au copii de pana la 16 ani (sau intre 16-20 ani, daca inca studiaza full-time sau sunt inregistrati ca ucenici, in scopul pregatirii profesionale), indiferent daca acesti copii locuiesc in UK sau nu. Persoanele care nu sunt rezidente in UK nu se califica pentru acest tip de beneficiu.</p>\n\n<h1>Tax Credits are doua elemente: Working Tax Credit si Child Tax Credits.</h1>\n\n<p>Working Tax Credits este un ajutor financiar care se da persoanelor care lucreaza employed sau self-employed, dar nu castiga suficient de mult pentru a se intretine. Child Tax Credit este ajutor financiar pentru persoanele care au copii. Daca doriti sa aflati daca va calificati, puteti suna direct la Tax Credits Office la 0345 300 3900.</p>\n\n<h1>Disability Living Allowance este un ajutor financiar pentru persoanele care sufera de un handicap.</h1>\n\n<p>Suma primita va fi calculata in functie de incadrarea handicapului iar decizia se face in baza certificatelor medicale sau a unei evaluari medicale la care vi se va cere sa participati. Pentru mai multe informatii, va puteti adresa birourilor independente si gratuite ale Citizen Advice Bureau sau la oficiile Job Centre din zona dvs.</p>\n\n<p>ATENTIE!</p>\n\n<p>Pentru ajutoare sociale pot aplica doar persoanele eligibile, adica cele care satisfac criteriile stricte de eligibilitate, cum ar fi cele de rezidenta sau cele de natura financiara.Guvernul britanic NU ESTE OBLIGAT sa ofere aceste beneficii oricui si poate:</p>\n\n<ul class="crt">\n	<li>sa va refuze aplicatia daca nu va calificati</li>\n	<li>sa va opreasca plata temporar sau permanent in cazul in care circumstantele dvs. s-au schimbat</li>\n	<li>sa va ceara sa dati inapoi suma primita sau o parte din ea in cazul in care se stabileste ca ati primit bani in plus sau care nu vi se cuveneau</li>\n	<li>sa va amendeze in cazul in care ati dat informatii false/incomplete sau nu ati anuntat la timp schimbarile de circumstante</li>\n</ul>\n\n<p>Sfatul nostru este sa tratati aceste aplicatii cu toata seriozitatea si sinceritatea deoarece omiterea, alterarea sau falsificarea informatiilor constituie FRAUDA, pedepsita conform legii prin amenda si/sau urmarire penala.</p>\n', 'impozitul-pe-bunuri-imobiliare', 153, 1, 1),
(285, 'Налог на недвижимость', '', 'nalog-na-ndvizhimosty', 153, 2, 0),
(286, 'Întrebări frecvente / modele de documente / ghid de taxe și impozite', '', 'intrebari-frecvente-modele-de-documente-ghid-de-taxe-si-impozite', 154, 1, 1),
(287, 'Часто задаваемые вопросы / образцы документов / инструкция по заполнению расчетных документов для уплаты налогов и сборов', '', 'chasto-zadavam-vopros-obrazts-dokumntov-instruktsiya-po-zapolnniyu-raschtnh-dokumntov-dlya-uplat-nalogov-i-sborov', 154, 2, 0),
(288, 'Întrebări frecvente', '', 'intrebari-frecvente-288', 155, 1, 1);
INSERT INTO `apl_post_lang` (`id`, `title`, `text`, `uri`, `post_id`, `lang_id`, `enabled`) VALUES
(289, 'Часто задаваемые вопросы', '', 'chasto-zadavam-vopros-289', 155, 2, 0),
(290, 'Modele de documente', '', 'modele-de-documente', 156, 1, 1),
(291, 'Образцы документов', '', 'obrazts-dokumntov', 156, 2, 0),
(292, 'Ghid de achitare a impozitelor', '<h2>Ghid practic: Cum se realizeaza plata online a taxelor si impozitelor?</h2>\n\n<p>De peste trei ani, contribuabilii au posibilitatea de a-si plati online taxele si impozitele, prin intermediul ghiseului virtual de plati. Conform reglementarilor in vigoare, sunt acceptate toate mijloacele electronice de plata online (internet banking, mobile banking, plata cu cardul), iar contribuabilii nu platesc comision atunci cand isi achita obligatiile in acest fel. Pentru ca la sfarsitul anului 2013, s-au introdus noi prevederi in domeniu, va prezentam astazi un ghid complet al procedurii de plata online a taxelor si impozitelor.</p>\n\n<h2>Plata online a taxelor si impozitelor</h2>\n\n<p>Conform portalului&nbsp;<a href="https://www.ghiseul.ro/ghiseul/public/" style="color: rgb(51, 99, 144); text-decoration: none; outline: none;" target="_blank"><strong>www.ghiseul.ro</strong></a>, prin intermediul caruia se realizeaza platile online, SNEP pune la dispozitia utilizatorilor doua sectiuni, una de plata cu autentificare si una de plata fara autentificare.</p>\n\n<p>Astfel, pentru&nbsp;<span style="color:rgb(128, 0, 0)"><strong>sectiunea de plata cu autentificare,&nbsp;</strong></span>sunt necesare credentiale, adica un nume de utilizator si o parola, care se genereaza automat in momentul in care s-a finalizat procesul de inregistrare in sistem a primariei de care apartine contribuabilul. Numele de utilizator si parola sunt transmise in plic sigilat prin mijloace sigure de catre institutia publica, ulterior inregistrarii in SNEP.</p>\n', 'ghid-de-achitare-a-impozitelor', 157, 1, 1),
(293, 'Инструкция по заполнению расчетных документов для уплаты налогов и сборов', '', 'instruktsiya-po-zapolnniyu-raschtnh-dokumntov-dlya-uplat-nalogov-i-sborov', 157, 2, 0),
(294, 'Investește în orașul xxxxxxxxx', '<h2 style="text-align: justify;">&bdquo;Investind &icirc;n educaţie, investim &icirc;n viitorul oraşului!&rdquo;</h2>\n\n<p style="text-align: justify;">&Icirc;n această perioadă premergătoare &icirc;nceperii noului an şcolar, sunt finalizate majoritatea lucrărilor de reabilitare şi modernizare la unităţile de &icirc;nvăţăm&acirc;nt din oraş. Potrivit specialiştilor din cadrul Direcţiei Şcoli a Municipiului, au fost terminate lucrările de hidroizolaţii şi reparaţii şarpante. Au fost executate reparaţii la pardoselile sălilor de sport de la Colegiul Economic &bdquo;Transilvania&rdquo;, Liceul Tehnologic &bdquo;Avram Iancu&rdquo;, Liceul Tehnologic &bdquo;Gheorghe Şincai&rdquo;.</p>\n\n<p style="text-align: justify;">La Şcolile gimnaziale &bdquo;Europa&rdquo; şi Beşa au fost amenajate grupuri sanitare, iar grupul sanitar de la Şcoala Gimnazială &bdquo;Dacia&rdquo; corp A a fost complet reabilitat. Tot aici au fost &icirc;nlocuite sistemele de iluminat convenţionale cu sisteme economice tip LED. T&acirc;mplăria de lemn a fost &icirc;nlocuită cu t&acirc;mplărie PVC la Şcoala Gimnazială &bdquo;George Coşbuc&rdquo; şi la Şcoala generală nr. 7 corp A.</p>\n\n<p style="text-align: justify;">Sunt realizate &icirc;n proporţie de 30% modernizarea şi mansardarea Grădiniţei cu program prelungit nr. 16 &ndash; principala investiţie &ndash; şi au fost demarate lucrări de reabilitare a grupurilor sanitare la Liceul Tehnologic &bdquo;Electromureş&rdquo;, Şcoala Gimnazială &bdquo;Mihai Viteazu&rdquo; şi la Grădiniţa cu program prelungit &bdquo;Paradisul Copilăriei&rdquo;. Totodată, sunt &icirc;n curs de reabilitare aleile pietonale de la Şcoala Gimnazială &bdquo;Europa&rdquo; şi sunt executate lucrări de &icirc;nlocuire a t&acirc;mplăriei de lemn cu t&acirc;mplărie PVC la sala de sport a Liceului Pedagogic &bdquo;Mihai Eminescu&rdquo;. &Icirc;n paralel, se fac verificări tehnice şi reparaţii integrale la centralele termice ale unităţilor de &icirc;nvăţăm&acirc;nt, fiind contractate lucrări de reabilitare a aleilor pietonale la Grădiniţa cu program prelungit nr. 15 şi pentru diferite reparaţii la &icirc;mprejmuirile şcolilor şi grădiniţelor.</p>\n', 'investeste-in-orasul-xxxxxxxxx', 158, 1, 1),
(295, 'Инвестируйте в город xxxxxxxxx', '', 'invstiruyt-v-gorod-xxxxxxxxx', 158, 2, 0),
(296, 'Cum să înregistrezi o societate comercială', '<p>O&nbsp;<strong>societate comercială</strong>&nbsp;(<a href="http://ro.wikipedia.org/wiki/Abreviere" style="text-decoration: none; color: rgb(11, 0, 128); background: none;" title="Abreviere">abreviat</a>&nbsp;<strong>S.C.</strong>) reprezintă o&nbsp;<a class="new" href="http://ro.wikipedia.org/w/index.php?title=Asocia%C8%9Bie&amp;action=edit&amp;redlink=1" style="text-decoration: none; color: rgb(165, 88, 88); background: none;" title="Asociație — pagină inexistentă">asociație</a>&nbsp;de&nbsp;<a class="mw-redirect" href="http://ro.wikipedia.org/wiki/Om_de_afaceri" style="text-decoration: none; color: rgb(11, 0, 128); background: none;" title="Om de afaceri">oameni de afaceri</a>&nbsp;alcătuită pe baza unor&nbsp;<a class="new" href="http://ro.wikipedia.org/w/index.php?title=Investi%C8%9Bie&amp;action=edit&amp;redlink=1" style="text-decoration: none; color: rgb(165, 88, 88); background: none;" title="Investiție — pagină inexistentă">investiții</a>&nbsp;de&nbsp;<a href="http://ro.wikipedia.org/wiki/Capital_(economie)" style="text-decoration: none; color: rgb(11, 0, 128); background: none;" title="Capital (economie)">capital</a>, urmărindu-se obținerea unor beneficii comune. Societatea comercială este uneori privită ca subordonată&nbsp;<a class="mw-redirect" href="http://ro.wikipedia.org/wiki/%C3%8Entreprindere" style="text-decoration: none; color: rgb(11, 0, 128); background: none;" title="Întreprindere">&icirc;ntreprinderii</a>&nbsp;(companiei).</p>\n\n<p>Există&nbsp;<strong>societăți &icirc;n nume colectiv</strong>, &icirc;n cazul cărora se asociază un număr mic de persoane &icirc;n vederea &icirc;ntemeierii unei &icirc;ntreprinderi&nbsp;<a href="http://ro.wikipedia.org/wiki/Comer%C8%9B" style="text-decoration: none; color: rgb(11, 0, 128); background: none;" title="Comerț">comerciale</a>&nbsp;sau&nbsp;<a href="http://ro.wikipedia.org/wiki/Industrie" style="text-decoration: none; color: rgb(11, 0, 128); background: none;" title="Industrie">industriale</a>. Contribuția fiecărei persoane este at&acirc;t sub formă de capital, c&acirc;t și de muncă; obligațiile trebuie asumate nelimitat de către toți asociații.</p>\n\n<p>Distincția dintre societate comercială și &icirc;ntreprindere nu este exprimată &icirc;n termeni riguroși. &Icirc;n diferite limbi, societatea poate fi interpretată ca o &icirc;ntreprindere (companie) de mai mici dimensiuni sau chiar ca echivalent al companiei. Limba rom&acirc;nă atestă o delimitare teoretică &icirc;ntre societate și intreprindere, &icirc;nsă practica este aceea de a denumi &icirc;ntreprinderile, laolaltă cu alte asociații &icirc;n interes de afaceri mai mici, &bdquo;societăți comerciale&rdquo;. Sintagma se plasează ca un prefix, &icirc;naintea denumirii &icirc;ntreprinderi (de exemplu, Societatea Comercială (S.C.) <span style="color:#000099">&bdquo;Compania Națională de Transporturi Aeriene Rom&acirc;ne&rdquo;.</span></p>\n\n<p>Astfel, legea definește cinci diferite tipuri de societăți comerciale ce pot fi constituite.</p>\n\n<ul class="crt">\n	<li><a class="new" href="http://ro.wikipedia.org/w/index.php?title=Societate_%C3%AEn_nume_colectiv&amp;action=edit&amp;redlink=1" style="color: rgb(165, 88, 88); text-decoration: none; background: none;" title="Societate în nume colectiv — pagină inexistentă">Societăți &icirc;n nume colectiv</a></li>\n	<li><a class="new" href="http://ro.wikipedia.org/w/index.php?title=Societate_%C3%AEn_comandit%C4%83_simpl%C4%83&amp;action=edit&amp;redlink=1" style="color: rgb(165, 88, 88); text-decoration: none; background: none;" title="Societate în comandită simplă — pagină inexistentă">Societăți &icirc;n comandită simplă</a></li>\n	<li><a class="new" href="http://ro.wikipedia.org/w/index.php?title=Societate_%C3%AEn_comandit%C4%83_pe_ac%C8%9Biuni&amp;action=edit&amp;redlink=1" style="color: rgb(165, 88, 88); text-decoration: none; background: none;" title="Societate în comandită pe acțiuni — pagină inexistentă">Societăți &icirc;n comandită pe acțiuni</a></li>\n	<li><a href="http://ro.wikipedia.org/wiki/Societate_pe_ac%C8%9Biuni" style="color: rgb(11, 0, 128); text-decoration: none; background: none;" title="Societate pe acțiuni">Societăți pe acțiuni</a></li>\n	<li><a href="http://ro.wikipedia.org/wiki/Societate_cu_r%C4%83spundere_limitat%C4%83" style="color: rgb(11, 0, 128); text-decoration: none; background: none;" title="Societate cu răspundere limitată">Societăți cu răspundere limitată</a></li>\n</ul>\n', 'cum-sa-inregistrezi-o-societate-comerciala', 159, 1, 1),
(297, 'Как зарегистрировать компанию', '', 'kak-zargistrirovaty-kompaniyu', 159, 2, 0),
(298, 'Cum să înregistrezi o gospodărie de fermeri', '<h2>Care este procedura de constituire a gospodăriei ţărăneşti (de fermier)?</h2>\n\n<p>entru constituirea unei gospodării ţărăneşti (de fermier), fondatorii şi potenţialii membri ai acesteia trebuie să &icirc;ntocmească declaraţia de constituire, conţinutul căreia este stabilit de alin. (3), art. 10 al Legii 1353/2000 privind&nbsp;<a href="http://lex.justice.md/index.php?action=view&amp;view=doc&amp;lang=1&amp;id=311579" target="_blank">gospodăriile ţărăneşti (de fermier)</a>. Declaraţia de constituire trebuie autentificată la notar sau la secretarul primăriei.</p>\n\n<p>Pentru &icirc;nregistrarea gospodăriei ţărăneşti, fondatorul trebuie să prezinte la primăria din localitatea unde &icirc;şi are sediul, actele necesare care vor fi supuse unei verificări.</p>\n\n<p>&Icirc;n termen de 7 zile din ziua prezentării documentelor, primăria:</p>\n\n<ul class="crt">\n	<li>va adopta decizia de &icirc;nregistrare a gospodăriei ţărăneşti (de fermier),</li>\n	<li>va efectua &icirc;nscierea datelor &icirc;n Registrul gospodăriilor ţărăneşti şi</li>\n	<li>va elibera certificatul de &icirc;nregistrare sau, după caz, va anunța refuzul &icirc;nregistrării, dacă există vreun temei stabilit de lege (de exemplu: conţinutul actelor prezentate pentru &icirc;nregistrarea gospodăriei ţărăneşti (de fermier) contravin legislaţiei sau conţin date neveridice).</li>\n</ul>\n', 'cum-sa-inregistrezi-o-gospodarie-de-fermeri', 160, 1, 1),
(299, 'Как зарегистрировать фермерское хозяйство', '', 'kak-zargistrirovaty-frmrsko-hozyaystvo', 160, 2, 0),
(300, 'Cum să înregistrezi o întreprindere individuală', '<h2>Ghid practic: Cum infiintezi o intreprindere individuala si ce taxe trebuie sa platesti la stat pentru ea.</h2>\n\n<p>Daca intentionezi sa incepi o afacere mica, poti opta pentru infiintarea unei intreprinderi individuale, insa trebuie sa demonstrezi ca ai o calificare in domeniul de activitate pe care ti l-ai ales. In plus, daca acumulezi datorii, atunci vei raspunde in fata creditorilor cu bunurile proprii. In materialul urmator iti prezentam ce etape trebuie sa parcurgi ca sa infiintezi o intreprindere individuala, ce taxe trebuie sa platesti pentru activitatea prestata si cum tii evidenta contabila. &nbsp; &nbsp;</p>\n\n<h2>Etapele infiintarii unei intreprinderi individuale</h2>\n\n<p>Pentru a infiinta o intreprindere individuala, viitorul titular trebuie sa intocmeasca documentatia necesara pe care sa o depuna la Oficiul Registrului Comertului de pe langa Tribunalul in raza caruia acesta isi stabileste sediul profesional, la ghiseu, prin corespondenta sau prin biroul de asistenta si reprezentare din cadrul primariilor, a declarat pentru AvocatNet.ro avocatul Delia Cozma, din cadrul casei de avocatura Biris Goran.</p>\n\n<p>Prima etapa, prealabila, in procedura de infiintare o reprezinta rezervarea denumirii intreprinderii individuale, prin depunerea la ORCT a cererii de verificare disponibilitate si/sau rezervare firma (original), completata cu trei denumiri, in ordinea preferintelor si achitarea taxei de registru, care in prezent este de 72 lei, a explicat avocatul.</p>\n\n<p>Dovada de rezervare firma se obtine in cursul aceleiasi zile daca cererea de verificare se depune la ghiseul ORCT, a continuat sursa citata.</p>\n\n<p>Important! Numele intreprinderii individuale se compune din numele titularului intreprinderii scris in intregime sau din numele si initiala prenumelui acestuia, la care se adauga sintagma &quot;intreprindere individuala&quot;.</p>\n\n<p>A doua si ultima etapa a infiintarii intreprinderii individuale consta in inregistrarea efectiva la ORCT a cererii de inregistrare si autorizare a functionarii impreuna cu dosarul cuprinzand toate actele necesare pentru infiintarea acesteia, a mai spus Delia Cozma.</p>\n\n<p>&nbsp;</p>\n', 'cum-sa-inregistrezi-o-intreprindere-individuala', 161, 1, 1),
(301, 'Как зарегистрировать индивидуальное предприятие', '', 'kak-zargistrirovaty-individualyno-prdpriyati', 161, 2, 0),
(302, 'Incubatoare de afaceri și companii de consultanță', '', 'incubatoare-de-afaceri-si-companii-de-consultanta', 162, 1, 1),
(303, 'Бизнес-инкубаторы и консалтинговые компании', '', 'bizns-inkubator-i-konsaltingov-kompanii', 162, 2, 0),
(304, 'Autorizația pentru unități comerciale', '', 'autorizatia-pentru-unitati-comerciale', 163, 1, 1),
(305, 'Авторизация для размещения торгового объекта', '', 'avtorizatsiya-dlya-razmshtniya-torgovogo-obakta', 163, 2, 0),
(306, 'Autorizația de construcție', '<table class="atz" style="border-collapse:collapse; border-spacing:0px; border:1px solid rgb(227, 227, 227); box-sizing:border-box; color:rgb(76, 76, 76); font-family:open_sansregular; font-size:17px; line-height:normal; padding:30px 25px; vertical-align:top">\n	<tbody>\n		<tr>\n			<td style="vertical-align:top; width:66px">1.</td>\n			<td style="vertical-align:top">Scopul serviciului public</td>\n			<td style="vertical-align:top; width:504px">\n			<p>Autorizaţia de funcționare este un act administrativ individual ce atestă dreptul titularului autorizaţiei de a desfăşura activitatea &icirc;n unitatea comercială şi/sau de prestări servicii &icirc;n locul (terenul, localul, incinta) stabilit, pentru o perioadă stabilită, cu respectarea obligatorie a condiţiilor de autorizare prevăzute de legislaţie.</p>\n			</td>\n		</tr>\n		<tr>\n			<td style="vertical-align:top; width:66px">2.</td>\n			<td style="vertical-align:top">Planul &icirc;ncăperii nelocative actualizat</td>\n			<td style="vertical-align:top; width:504px">\n			<ol>\n				<li><a href="http://apl.localhost/page/markup/autorizatii" style="box-sizing: border-box; color: rgb(124, 77, 124);">Cerere tipzată (descarcă)</a></li>\n				<li>Extrasul din Registrul de stat al persoanelor juridice și &icirc;ntreprinzătorilor individuali;</li>\n				<li>Certificatul de proprietate asupra imobilului cu destinaţie nelocativă, eliberat de către Oficiul cadastral teritorial. Pentru unităţile amplasate &icirc;n &icirc;ncăperi &icirc;nchiriate urmează să fie prezentat şi contractul de locaţiune;</li>\n				<li>Planul &icirc;ncăperii nelocative actualizat la OCT;</li>\n				<li>Schema de amplasare a unităţii comerciale (pentru gherete, tarabe şi alte unităţi mobile);</li>\n				<li>Contractul de locaţiune sau titlul de autentificare a deţinătorului de teren;</li>\n				<li>Autorizaţia sanitară de funcţionare, pentru toate tipurile de unităţi comerciale şi/sau prestare servicii, iar &icirc;n cazul autorizării magazinelor alimentare şi unităţilor de alimentaţie publică suplimentar şi asortimentul produselor comercializate; Autorizaţia sanitară veterinară de funcţionare</li>\n			</ol>\n			</td>\n		</tr>\n		<tr>\n			<td style="vertical-align:top; width:66px">3.</td>\n			<td style="vertical-align:top">hj gjghj gfh jghj ghf hjghjfg h</td>\n			<td style="vertical-align:top; width:504px">\n			<p>dtf yghdgfhgfh dfgh hgdtf yghdgfhgfh dfgh hgdtf yghdgfhgfh dfgh hgdtf yghdgfhgfh dfgh hgdtf yghdgfhgfh dfgh hgdtf yghdgfhgfh dfgh hgdtf yghdgfhgfh dfgh hgdtf yghdgfhgfh dfgh hgdtf yghdgfhgfh dfgh hgdtf yghdgfhgfh dfgh hgdtf yghdgfhgfh dfgh hgdtf yghdgfhgfh dfgh hgdtf yghdgfhgfh dfgh hgdtf yghdgfhgfh dfgh hgdtf yghdgfhgfh dfgh hgdtf yghdgfhgfh dfgh hgdtf yghdgfhgfh dfgh hgdtf yghdgfhgfh dfgh hgdtf yghdgfhgfh dfgh hgdtf yghdgfhgfh dfgh hgdtf yghdgfhgfh dfgh hgdtf yghdgfhgfh dfgh hgdtf yghdgfhgfh dfgh hgdtf yghdgfhgfh dfgh hgdtf yghdgfhgfh dfgh hgdtf yghdgfhgfh dfgh hgdtf yghdgfhgfh dfgh hgdtf yghdgfhgfh dfgh hgdtf yghdgfhgfh dfgh hgdtf yghdgfhgfh dfgh hgdtf yghdgfhgfh dfgh hgdtf yghdgfhgfh dfgh hgdtf yghdgfhgfh dfgh hgdtf yghdgfhgfh dfgh hgdtf yghdgfhgfh dfgh hgdtf yghdgfhgfh dfgh hgdtf yghdgfhgfh dfgh hgdtf yghdgfhgfh dfgh hgdtf yghdgfhgfh dfgh hgdtf yghdgfhgfh dfgh hgdtf yghdgfhgfh dfgh hgdtf yghdgfhgfh dfgh hgdtf yghdgfhgfh dfgh hgdtf yghdgfhgfh dfgh hgdtf yghdgfhgfh dfgh hgdtf yghdgfhgfh dfgh hgdtf yghdgfhgfh dfgh hgdtf yghdgfhgfh dfgh hgdtf yghdgfhgfh dfgh hgdtf yghdgfhgfh dfgh hg</p>\n			</td>\n		</tr>\n	</tbody>\n</table>\n', 'autorizatia-de-constructie', 164, 1, 1),
(307, 'Разрешение на строительство', '', 'razrshni-na-stroitlystvo', 164, 2, 0),
(308, 'Autorizația de desființare', '<table class="atz" style="border-collapse:collapse; border-spacing:0px; border:1px solid rgb(227, 227, 227); box-sizing:border-box; color:rgb(76, 76, 76); font-family:open_sansregular; font-size:17px; line-height:normal; padding:30px 25px; vertical-align:top">\n	<tbody>\n		<tr>\n			<td style="vertical-align:top; width:66px">1.</td>\n			<td style="vertical-align:top">Scopul serviciului public</td>\n			<td style="vertical-align:top; width:504px">\n			<p>Autorizaţia de funcționare este un act administrativ individual ce atestă dreptul titularului autorizaţiei de a desfăşura activitatea &icirc;n unitatea comercială şi/sau de prestări servicii &icirc;n locul (terenul, localul, incinta) stabilit, pentru o perioadă stabilită, cu respectarea obligatorie a condiţiilor de autorizare prevăzute de legislaţie.</p>\n			</td>\n		</tr>\n		<tr>\n			<td style="vertical-align:top; width:66px">2.</td>\n			<td style="vertical-align:top">Planul &icirc;ncăperii nelocative actualizat</td>\n			<td style="vertical-align:top; width:504px">\n			<ol>\n				<li><a href="http://apl.localhost/page/markup/autorizatii" style="box-sizing: border-box; color: rgb(124, 77, 124);">Cerere tipzată (descarcă)</a></li>\n				<li>Extrasul din Registrul de stat al persoanelor juridice și &icirc;ntreprinzătorilor individuali;</li>\n				<li>Certificatul de proprietate asupra imobilului cu destinaţie nelocativă, eliberat de către Oficiul cadastral teritorial. Pentru unităţile amplasate &icirc;n &icirc;ncăperi &icirc;nchiriate urmează să fie prezentat şi contractul de locaţiune;</li>\n				<li>Planul &icirc;ncăperii nelocative actualizat la OCT;</li>\n				<li>Schema de amplasare a unităţii comerciale (pentru gherete, tarabe şi alte unităţi mobile);</li>\n				<li>Contractul de locaţiune sau titlul de autentificare a deţinătorului de teren;</li>\n				<li>Autorizaţia sanitară de funcţionare, pentru toate tipurile de unităţi comerciale şi/sau prestare servicii, iar &icirc;n cazul autorizării magazinelor alimentare şi unităţilor de alimentaţie publică suplimentar şi asortimentul produselor comercializate; Autorizaţia sanitară veterinară de funcţionare</li>\n			</ol>\n			</td>\n		</tr>\n		<tr>\n			<td style="vertical-align:top; width:66px">3.</td>\n			<td style="vertical-align:top">hj gjghj gfh jghj ghf hjghjfg h</td>\n			<td style="vertical-align:top; width:504px">\n			<p>dtf yghdgfhgfh dfgh hgdtf yghdgfhgfh dfgh hgdtf yghdgfhgfh dfgh hgdtf yghdgfhgfh dfgh hgdtf yghdgfhgfh dfgh hgdtf yghdgfhgfh dfgh hgdtf yghdgfhgfh dfgh hgdtf yghdgfhgfh dfgh hgdtf yghdgfhgfh dfgh hgdtf yghdgfhgfh dfgh hgdtf yghdgfhgfh dfgh hgdtf yghdgfhgfh dfgh hgdtf yghdgfhgfh dfgh hgdtf yghdgfhgfh dfgh hgdtf yghdgfhgfh dfgh hgdtf yghdgfhgfh dfgh hgdtf yghdgfhgfh dfgh hgdtf yghdgfhgfh dfgh hgdtf yghdgfhgfh dfgh hgdtf yghdgfhgfh dfgh hgdtf yghdgfhgfh dfgh hgdtf yghdgfhgfh dfgh hgdtf yghdgfhgfh dfgh hgdtf yghdgfhgfh dfgh hgdtf yghdgfhgfh dfgh hgdtf yghdgfhgfh dfgh hgdtf yghdgfhgfh dfgh hgdtf yghdgfhgfh dfgh hgdtf yghdgfhgfh dfgh hgdtf yghdgfhgfh dfgh hgdtf yghdgfhgfh dfgh hgdtf yghdgfhgfh dfgh hgdtf yghdgfhgfh dfgh hgdtf yghdgfhgfh dfgh hgdtf yghdgfhgfh dfgh hgdtf yghdgfhgfh dfgh hgdtf yghdgfhgfh dfgh hgdtf yghdgfhgfh dfgh hgdtf yghdgfhgfh dfgh hgdtf yghdgfhgfh dfgh hgdtf yghdgfhgfh dfgh hgdtf yghdgfhgfh dfgh hgdtf yghdgfhgfh dfgh hgdtf yghdgfhgfh dfgh hgdtf yghdgfhgfh dfgh hgdtf yghdgfhgfh dfgh hgdtf yghdgfhgfh dfgh hgdtf yghdgfhgfh dfgh hgdtf yghdgfhgfh dfgh hgdtf yghdgfhgfh dfgh hg</p>\n			</td>\n		</tr>\n	</tbody>\n</table>\n', 'autorizatia-de-desfiintare', 165, 1, 1),
(309, 'Разрешение на снос', '', 'razrshni-na-snos', 165, 2, 0),
(310, 'Certificatul de urbanism pentru proiectare', '<table class="atz" style="border-collapse:collapse; border-spacing:0px; border:1px solid rgb(227, 227, 227); box-sizing:border-box; color:rgb(76, 76, 76); font-family:open_sansregular; font-size:17px; line-height:normal; padding:30px 25px; vertical-align:top">\n	<tbody>\n		<tr>\n			<td style="vertical-align:top; width:66px">1.</td>\n			<td style="vertical-align:top">Scopul serviciului public</td>\n			<td style="vertical-align:top; width:504px">\n			<p>Autorizaţia de funcționare este un act administrativ individual ce atestă dreptul titularului autorizaţiei de a desfăşura activitatea &icirc;n unitatea comercială şi/sau de prestări servicii &icirc;n locul (terenul, localul, incinta) stabilit, pentru o perioadă stabilită, cu respectarea obligatorie a condiţiilor de autorizare prevăzute de legislaţie.</p>\n			</td>\n		</tr>\n		<tr>\n			<td style="vertical-align:top; width:66px">2.</td>\n			<td style="vertical-align:top">Planul &icirc;ncăperii nelocative actualizat</td>\n			<td style="vertical-align:top; width:504px">\n			<ol>\n				<li><a href="http://apl.localhost/page/markup/autorizatii" style="box-sizing: border-box; color: rgb(124, 77, 124);">Cerere tipzată (descarcă)</a></li>\n				<li>Extrasul din Registrul de stat al persoanelor juridice și &icirc;ntreprinzătorilor individuali;</li>\n				<li>Certificatul de proprietate asupra imobilului cu destinaţie nelocativă, eliberat de către Oficiul cadastral teritorial. Pentru unităţile amplasate &icirc;n &icirc;ncăperi &icirc;nchiriate urmează să fie prezentat şi contractul de locaţiune;</li>\n				<li>Planul &icirc;ncăperii nelocative actualizat la OCT;</li>\n				<li>Schema de amplasare a unităţii comerciale (pentru gherete, tarabe şi alte unităţi mobile);</li>\n				<li>Contractul de locaţiune sau titlul de autentificare a deţinătorului de teren;</li>\n				<li>Autorizaţia sanitară de funcţionare, pentru toate tipurile de unităţi comerciale şi/sau prestare servicii, iar &icirc;n cazul autorizării magazinelor alimentare şi unităţilor de alimentaţie publică suplimentar şi asortimentul produselor comercializate; Autorizaţia sanitară veterinară de funcţionare</li>\n			</ol>\n			</td>\n		</tr>\n		<tr>\n			<td style="vertical-align:top; width:66px">3.</td>\n			<td style="vertical-align:top">hj gjghj gfh jghj ghf hjghjfg h</td>\n			<td style="vertical-align:top; width:504px">\n			<p>dtf yghdgfhgfh dfgh hgdtf yghdgfhgfh dfgh hgdtf yghdgfhgfh dfgh hgdtf yghdgfhgfh dfgh hgdtf yghdgfhgfh dfgh hgdtf yghdgfhgfh dfgh hgdtf yghdgfhgfh dfgh hgdtf yghdgfhgfh dfgh hgdtf yghdgfhgfh dfgh hgdtf yghdgfhgfh dfgh hgdtf yghdgfhgfh dfgh hgdtf yghdgfhgfh dfgh hgdtf yghdgfhgfh dfgh hgdtf yghdgfhgfh dfgh hgdtf yghdgfhgfh dfgh hgdtf yghdgfhgfh dfgh hgdtf yghdgfhgfh dfgh hgdtf yghdgfhgfh dfgh hgdtf yghdgfhgfh dfgh hgdtf yghdgfhgfh dfgh hgdtf yghdgfhgfh dfgh hgdtf yghdgfhgfh dfgh hgdtf yghdgfhgfh dfgh hgdtf yghdgfhgfh dfgh hgdtf yghdgfhgfh dfgh hgdtf yghdgfhgfh dfgh hgdtf yghdgfhgfh dfgh hgdtf yghdgfhgfh dfgh hgdtf yghdgfhgfh dfgh hgdtf yghdgfhgfh dfgh hgdtf yghdgfhgfh dfgh hgdtf yghdgfhgfh dfgh hgdtf yghdgfhgfh dfgh hgdtf yghdgfhgfh dfgh hgdtf yghdgfhgfh dfgh hgdtf yghdgfhgfh dfgh hgdtf yghdgfhgfh dfgh hgdtf yghdgfhgfh dfgh hgdtf yghdgfhgfh dfgh hgdtf yghdgfhgfh dfgh hgdtf yghdgfhgfh dfgh hgdtf yghdgfhgfh dfgh hgdtf yghdgfhgfh dfgh hgdtf yghdgfhgfh dfgh hgdtf yghdgfhgfh dfgh hgdtf yghdgfhgfh dfgh hgdtf yghdgfhgfh dfgh hgdtf yghdgfhgfh dfgh hgdtf yghdgfhgfh dfgh hgdtf yghdgfhgfh dfgh hg</p>\n			</td>\n		</tr>\n	</tbody>\n</table>\n', 'certificatul-de-urbanism-pentru-proiectare', 166, 1, 1),
(311, 'Градостроительный сертификат для проектирования', '', 'gradostroitlyny-srtifikat-dlya-proktirovaniya', 166, 2, 0),
(312, 'Certificat privind lipsa / existența restanțelor', '<table class="atz" style="border-collapse:collapse; border-spacing:0px; border:1px solid rgb(227, 227, 227); box-sizing:border-box; color:rgb(76, 76, 76); font-family:open_sansregular; font-size:17px; line-height:normal; padding:30px 25px; vertical-align:top">\n	<tbody>\n		<tr>\n			<td style="vertical-align:top; width:66px">1.</td>\n			<td style="vertical-align:top">Scopul serviciului public</td>\n			<td style="vertical-align:top; width:504px">\n			<p>Autorizaţia de funcționare este un act administrativ individual ce atestă dreptul titularului autorizaţiei de a desfăşura activitatea &icirc;n unitatea comercială şi/sau de prestări servicii &icirc;n locul (terenul, localul, incinta) stabilit, pentru o perioadă stabilită, cu respectarea obligatorie a condiţiilor de autorizare prevăzute de legislaţie.</p>\n			</td>\n		</tr>\n		<tr>\n			<td style="vertical-align:top; width:66px">2.</td>\n			<td style="vertical-align:top">Planul &icirc;ncăperii nelocative actualizat</td>\n			<td style="vertical-align:top; width:504px">\n			<ol>\n				<li><a href="http://apl.localhost/page/markup/autorizatii" style="box-sizing: border-box; color: rgb(124, 77, 124);">Cerere tipzată (descarcă)</a></li>\n				<li>Extrasul din Registrul de stat al persoanelor juridice și &icirc;ntreprinzătorilor individuali;</li>\n				<li>Certificatul de proprietate asupra imobilului cu destinaţie nelocativă, eliberat de către Oficiul cadastral teritorial. Pentru unităţile amplasate &icirc;n &icirc;ncăperi &icirc;nchiriate urmează să fie prezentat şi contractul de locaţiune;</li>\n				<li>Planul &icirc;ncăperii nelocative actualizat la OCT;</li>\n				<li>Schema de amplasare a unităţii comerciale (pentru gherete, tarabe şi alte unităţi mobile);</li>\n				<li>Contractul de locaţiune sau titlul de autentificare a deţinătorului de teren;</li>\n				<li>Autorizaţia sanitară de funcţionare, pentru toate tipurile de unităţi comerciale şi/sau prestare servicii, iar &icirc;n cazul autorizării magazinelor alimentare şi unităţilor de alimentaţie publică suplimentar şi asortimentul produselor comercializate; Autorizaţia sanitară veterinară de funcţionare</li>\n			</ol>\n			</td>\n		</tr>\n		<tr>\n			<td style="vertical-align:top; width:66px">3.</td>\n			<td style="vertical-align:top">hj gjghj gfh jghj ghf hjghjfg h</td>\n			<td style="vertical-align:top; width:504px">\n			<p>dtf yghdgfhgfh dfgh hgdtf yghdgfhgfh dfgh hgdtf yghdgfhgfh dfgh hgdtf yghdgfhgfh dfgh hgdtf yghdgfhgfh dfgh hgdtf yghdgfhgfh dfgh hgdtf yghdgfhgfh dfgh hgdtf yghdgfhgfh dfgh hgdtf yghdgfhgfh dfgh hgdtf yghdgfhgfh dfgh hgdtf yghdgfhgfh dfgh hgdtf yghdgfhgfh dfgh hgdtf yghdgfhgfh dfgh hgdtf yghdgfhgfh dfgh hgdtf yghdgfhgfh dfgh hgdtf yghdgfhgfh dfgh hgdtf yghdgfhgfh dfgh hgdtf yghdgfhgfh dfgh hgdtf yghdgfhgfh dfgh hgdtf yghdgfhgfh dfgh hgdtf yghdgfhgfh dfgh hgdtf yghdgfhgfh dfgh hgdtf yghdgfhgfh dfgh hgdtf yghdgfhgfh dfgh hgdtf yghdgfhgfh dfgh hgdtf yghdgfhgfh dfgh hgdtf yghdgfhgfh dfgh hgdtf yghdgfhgfh dfgh hgdtf yghdgfhgfh dfgh hgdtf yghdgfhgfh dfgh hgdtf yghdgfhgfh dfgh hgdtf yghdgfhgfh dfgh hgdtf yghdgfhgfh dfgh hgdtf yghdgfhgfh dfgh hgdtf yghdgfhgfh dfgh hgdtf yghdgfhgfh dfgh hgdtf yghdgfhgfh dfgh hgdtf yghdgfhgfh dfgh hgdtf yghdgfhgfh dfgh hgdtf yghdgfhgfh dfgh hgdtf yghdgfhgfh dfgh hgdtf yghdgfhgfh dfgh hgdtf yghdgfhgfh dfgh hgdtf yghdgfhgfh dfgh hgdtf yghdgfhgfh dfgh hgdtf yghdgfhgfh dfgh hgdtf yghdgfhgfh dfgh hgdtf yghdgfhgfh dfgh hgdtf yghdgfhgfh dfgh hgdtf yghdgfhgfh dfgh hg</p>\n			</td>\n		</tr>\n	</tbody>\n</table>\n', 'certificat-privind-lipsa-existenta-restantelor', 167, 1, 1),
(313, 'Сертификат об отсутствии / наличии задолженности', '', 'srtifikat-ob-otsutstvii-nalichii-zadolzhnnosti', 167, 2, 0),
(314, 'Certificat privind componența familiei', '<table class="atz" style="border-collapse:collapse; border-spacing:0px; border:1px solid rgb(227, 227, 227); box-sizing:border-box; color:rgb(76, 76, 76); font-family:open_sansregular; font-size:17px; line-height:normal; padding:30px 25px; vertical-align:top">\n	<tbody>\n		<tr>\n			<td style="vertical-align:top; width:66px">1.</td>\n			<td style="vertical-align:top">Scopul serviciului public</td>\n			<td style="vertical-align:top; width:504px">\n			<p>Autorizaţia de funcționare este un act administrativ individual ce atestă dreptul titularului autorizaţiei de a desfăşura activitatea &icirc;n unitatea comercială şi/sau de prestări servicii &icirc;n locul (terenul, localul, incinta) stabilit, pentru o perioadă stabilită, cu respectarea obligatorie a condiţiilor de autorizare prevăzute de legislaţie.</p>\n			</td>\n		</tr>\n		<tr>\n			<td style="vertical-align:top; width:66px">2.</td>\n			<td style="vertical-align:top">Planul &icirc;ncăperii nelocative actualizat</td>\n			<td style="vertical-align:top; width:504px">\n			<ol>\n				<li><a href="http://apl.localhost/page/markup/autorizatii" style="box-sizing: border-box; color: rgb(124, 77, 124);">Cerere tipzată (descarcă)</a></li>\n				<li>Extrasul din Registrul de stat al persoanelor juridice și &icirc;ntreprinzătorilor individuali;</li>\n				<li>Certificatul de proprietate asupra imobilului cu destinaţie nelocativă, eliberat de către Oficiul cadastral teritorial. Pentru unităţile amplasate &icirc;n &icirc;ncăperi &icirc;nchiriate urmează să fie prezentat şi contractul de locaţiune;</li>\n				<li>Planul &icirc;ncăperii nelocative actualizat la OCT;</li>\n				<li>Schema de amplasare a unităţii comerciale (pentru gherete, tarabe şi alte unităţi mobile);</li>\n				<li>Contractul de locaţiune sau titlul de autentificare a deţinătorului de teren;</li>\n				<li>Autorizaţia sanitară de funcţionare, pentru toate tipurile de unităţi comerciale şi/sau prestare servicii, iar &icirc;n cazul autorizării magazinelor alimentare şi unităţilor de alimentaţie publică suplimentar şi asortimentul produselor comercializate; Autorizaţia sanitară veterinară de funcţionare</li>\n			</ol>\n			</td>\n		</tr>\n		<tr>\n			<td style="vertical-align:top; width:66px">3.</td>\n			<td style="vertical-align:top">hj gjghj gfh jghj ghf hjghjfg h</td>\n			<td style="vertical-align:top; width:504px">\n			<p>dtf yghdgfhgfh dfgh hgdtf yghdgfhgfh dfgh hgdtf yghdgfhgfh dfgh hgdtf yghdgfhgfh dfgh hgdtf yghdgfhgfh dfgh hgdtf yghdgfhgfh dfgh hgdtf yghdgfhgfh dfgh hgdtf yghdgfhgfh dfgh hgdtf yghdgfhgfh dfgh hgdtf yghdgfhgfh dfgh hgdtf yghdgfhgfh dfgh hgdtf yghdgfhgfh dfgh hgdtf yghdgfhgfh dfgh hgdtf yghdgfhgfh dfgh hgdtf yghdgfhgfh dfgh hgdtf yghdgfhgfh dfgh hgdtf yghdgfhgfh dfgh hgdtf yghdgfhgfh dfgh hgdtf yghdgfhgfh dfgh hgdtf yghdgfhgfh dfgh hgdtf yghdgfhgfh dfgh hgdtf yghdgfhgfh dfgh hgdtf yghdgfhgfh dfgh hgdtf yghdgfhgfh dfgh hgdtf yghdgfhgfh dfgh hgdtf yghdgfhgfh dfgh hgdtf yghdgfhgfh dfgh hgdtf yghdgfhgfh dfgh hgdtf yghdgfhgfh dfgh hgdtf yghdgfhgfh dfgh hgdtf yghdgfhgfh dfgh hgdtf yghdgfhgfh dfgh hgdtf yghdgfhgfh dfgh hgdtf yghdgfhgfh dfgh hgdtf yghdgfhgfh dfgh hgdtf yghdgfhgfh dfgh hgdtf yghdgfhgfh dfgh hgdtf yghdgfhgfh dfgh hgdtf yghdgfhgfh dfgh hgdtf yghdgfhgfh dfgh hgdtf yghdgfhgfh dfgh hgdtf yghdgfhgfh dfgh hgdtf yghdgfhgfh dfgh hgdtf yghdgfhgfh dfgh hgdtf yghdgfhgfh dfgh hgdtf yghdgfhgfh dfgh hgdtf yghdgfhgfh dfgh hgdtf yghdgfhgfh dfgh hgdtf yghdgfhgfh dfgh hgdtf yghdgfhgfh dfgh hg</p>\n			</td>\n		</tr>\n	</tbody>\n</table>\n', 'certificat-privind-componenta-familiei', 168, 1, 1),
(315, 'Удостоверение о составе семьи', '', 'udostovrni-o-sostav-smyi', 168, 2, 0),
(316, 'Certificate necesare pentru construcția casei sau a unui obiectiv comercial', '<table class="atz" style="border-collapse:collapse; border-spacing:0px; border:1px solid rgb(227, 227, 227); box-sizing:border-box; color:rgb(76, 76, 76); font-family:open_sansregular; font-size:17px; line-height:normal; padding:30px 25px; vertical-align:top">\n	<tbody>\n		<tr>\n			<td style="vertical-align:top; width:66px">1.</td>\n			<td style="vertical-align:top">Scopul serviciului public</td>\n			<td style="vertical-align:top; width:504px">\n			<p>Autorizaţia de funcționare este un act administrativ individual ce atestă dreptul titularului autorizaţiei de a desfăşura activitatea &icirc;n unitatea comercială şi/sau de prestări servicii &icirc;n locul (terenul, localul, incinta) stabilit, pentru o perioadă stabilită, cu respectarea obligatorie a condiţiilor de autorizare prevăzute de legislaţie.</p>\n			</td>\n		</tr>\n		<tr>\n			<td style="vertical-align:top; width:66px">2.</td>\n			<td style="vertical-align:top">Planul &icirc;ncăperii nelocative actualizat</td>\n			<td style="vertical-align:top; width:504px">\n			<ol>\n				<li><a href="http://apl.localhost/page/markup/autorizatii" style="box-sizing: border-box; color: rgb(124, 77, 124);">Cerere tipzată (descarcă)</a></li>\n				<li>Extrasul din Registrul de stat al persoanelor juridice și &icirc;ntreprinzătorilor individuali;</li>\n				<li>Certificatul de proprietate asupra imobilului cu destinaţie nelocativă, eliberat de către Oficiul cadastral teritorial. Pentru unităţile amplasate &icirc;n &icirc;ncăperi &icirc;nchiriate urmează să fie prezentat şi contractul de locaţiune;</li>\n				<li>Planul &icirc;ncăperii nelocative actualizat la OCT;</li>\n				<li>Schema de amplasare a unităţii comerciale (pentru gherete, tarabe şi alte unităţi mobile);</li>\n				<li>Contractul de locaţiune sau titlul de autentificare a deţinătorului de teren;</li>\n				<li>Autorizaţia sanitară de funcţionare, pentru toate tipurile de unităţi comerciale şi/sau prestare servicii, iar &icirc;n cazul autorizării magazinelor alimentare şi unităţilor de alimentaţie publică suplimentar şi asortimentul produselor comercializate; Autorizaţia sanitară veterinară de funcţionare</li>\n			</ol>\n			</td>\n		</tr>\n		<tr>\n			<td style="vertical-align:top; width:66px">3.</td>\n			<td style="vertical-align:top">hj gjghj gfh jghj ghf hjghjfg h</td>\n			<td style="vertical-align:top; width:504px">\n			<p>dtf yghdgfhgfh dfgh hgdtf yghdgfhgfh dfgh hgdtf yghdgfhgfh dfgh hgdtf yghdgfhgfh dfgh hgdtf yghdgfhgfh dfgh hgdtf yghdgfhgfh dfgh hgdtf yghdgfhgfh dfgh hgdtf yghdgfhgfh dfgh hgdtf yghdgfhgfh dfgh hgdtf yghdgfhgfh dfgh hgdtf yghdgfhgfh dfgh hgdtf yghdgfhgfh dfgh hgdtf yghdgfhgfh dfgh hgdtf yghdgfhgfh dfgh hgdtf yghdgfhgfh dfgh hgdtf yghdgfhgfh dfgh hgdtf yghdgfhgfh dfgh hgdtf yghdgfhgfh dfgh hgdtf yghdgfhgfh dfgh hgdtf yghdgfhgfh dfgh hgdtf yghdgfhgfh dfgh hgdtf yghdgfhgfh dfgh hgdtf yghdgfhgfh dfgh hgdtf yghdgfhgfh dfgh hgdtf yghdgfhgfh dfgh hgdtf yghdgfhgfh dfgh hgdtf yghdgfhgfh dfgh hgdtf yghdgfhgfh dfgh hgdtf yghdgfhgfh dfgh hgdtf yghdgfhgfh dfgh hgdtf yghdgfhgfh dfgh hgdtf yghdgfhgfh dfgh hgdtf yghdgfhgfh dfgh hgdtf yghdgfhgfh dfgh hgdtf yghdgfhgfh dfgh hgdtf yghdgfhgfh dfgh hgdtf yghdgfhgfh dfgh hgdtf yghdgfhgfh dfgh hgdtf yghdgfhgfh dfgh hgdtf yghdgfhgfh dfgh hgdtf yghdgfhgfh dfgh hgdtf yghdgfhgfh dfgh hgdtf yghdgfhgfh dfgh hgdtf yghdgfhgfh dfgh hgdtf yghdgfhgfh dfgh hgdtf yghdgfhgfh dfgh hgdtf yghdgfhgfh dfgh hgdtf yghdgfhgfh dfgh hgdtf yghdgfhgfh dfgh hgdtf yghdgfhgfh dfgh hg</p>\n			</td>\n		</tr>\n	</tbody>\n</table>\n', 'certificate-necesare-pentru-constructia-casei-sau-a-unui-obiectiv-comercial', 169, 1, 1),
(317, 'Необходимые сертификаты для строительства дома или коммерческого объекта', '', 'nobhodim-srtifikat-dlya-stroitlystva-doma-ili-kommrchskogo-obakta', 169, 2, 0),
(320, 'Biblioteca, muzeul și teatrul', '', 'biblioteca-muzeul-si-teatrul', 171, 1, 1),
(321, 'Библиотека, музей и театр', '', 'bibliotka-muzy-i-tatr', 171, 2, 0),
(322, 'Întrebări frecvente / modele de cereri / ghid completare a cererii', '', 'intrebari-frecvente-modele-de-cereri-ghid-completare-a-cererii', 172, 1, 1),
(323, 'Часто задаваемые вопросы / образцы заявлений / инструкция по заполнению заявления', '', 'chasto-zadavam-vopros-obrazts-zayavlniy-instruktsiya-po-zapolnniyu-zayavlniya', 172, 2, 0),
(324, 'Întrebări frecvente', '', 'intrebari-frecvente-324', 173, 1, 1),
(325, 'Часто задаваемые вопросы', '', 'chasto-zadavam-vopros-325', 173, 2, 0),
(326, 'Modele de cereri', '', 'modele-de-cereri-326', 174, 1, 1),
(327, 'Образцы заявлений', '', 'obrazts-zayavlniy-327', 174, 2, 0),
(328, 'Ghid completare a cererii', '<h2>Acest Ghid cuprinde informații detaliate privind modalitatea de&nbsp;completare şi transmitere a unei cereri de finanțare &icirc;n cadrul tuturor&nbsp;cererilor de propuneri de proiecte finanțate din POSDRU.&nbsp;</h2>\n\n<p style="text-align:justify"><br />\nAMPOSDRU a simplificat procedura de completare şi transmitere a unei cereri&nbsp;de finanțare pentru POS DRU, de la patru la trei etape.&nbsp;Astfel, numai 3 etape simple pentru a contribui la dezvoltarea şi la calitatea&nbsp;a ceea reprezintă pentru noi cea mai importantă resursă: persoana.&nbsp;Formularul cererii de finanțare este acum &icirc;n &icirc;ntregime electronic şi&nbsp;este conceput pentru a simplifica şi a da transparență &icirc;ntregului proces.&nbsp;&Icirc;n versiunea simplificată a ActionWeb NU se mai descarcă şi &icirc;ncarcă ulterior &icirc;n&nbsp;sistem Anexa 1 &bdquo;Cererea de finanțare&rdquo; &ndash; &icirc;ntregul formular se completează&nbsp;electronic.&nbsp;Fiecare pagină a formularului vă conduce pas cu pas &icirc;n descrierea ideii&nbsp;dumneavoastră de proiect oferind sprijin şi explicații &icirc;n fiecare etapă,&nbsp;simplific&acirc;nd &icirc;n acest fel prezentarea aplicației.</p>\n\n<p style="text-align:justify">&nbsp;</p>\n\n<h2 style="text-align:justify">Cum se completează cererea de finanțare&nbsp;</h2>\n\n<p>&Icirc;n vederea completării şi transmiterii unei cereri de finanțare &icirc;n cadrul cererilor de propuneri&nbsp;de proiecte finanțate prin POS DRU, vă rugăm să accesați pagina de internet a AMPOSDRU,&nbsp;respectiv&nbsp;<a href="http://fseromania.ro">www.fseromania.ro</a>, secțiunea&nbsp;<u>&bdquo;Cerere de propuneri de proiecte&rdquo;</u>, link&nbsp;<strong>ActionWeb</strong>.&nbsp;Toate cererile de finanțare pentru POSDRU se completează şi se transmit electronic.&nbsp;</p>\n', 'ghid-completare-a-cererii', 175, 1, 1),
(329, 'Инструкция по заполнению заявления', '', 'instruktsiya-po-zapolnniyu-zayavlniya-329', 175, 2, 0),
(330, 'Grădinițe, gimnazii, licee', '', 'gradinite-gimnazii-licee', 176, 1, 1),
(331, 'Детские сады, гимназии, лицеи', '', 'dtski-sad-gimnazii-litsi', 176, 2, 0),
(332, 'Colegiul și universitatea', '', 'colegiul-si-universitatea', 177, 1, 1),
(333, 'Колледж и университет', '', 'kolldzh-i-univrsitt', 177, 2, 0),
(334, 'Parcuri, zone de odihnă și sport', '', 'parcuri-zone-de-odihna-si-sport', 178, 1, 1),
(335, 'Парки, зоны отдыха и спорт', '', 'parki-zon-otdha-i-sport', 178, 2, 0),
(336, 'Atracții turistice', '', 'atractii-turistice', 179, 1, 1),
(337, 'Достопримечательности', '', 'dostoprimchatlynosti', 179, 2, 0),
(338, 'Despre oraș', '', 'despre-oras', 180, 1, 1),
(339, 'О городе', '', 'o-gorod', 180, 2, 0);
INSERT INTO `apl_post_lang` (`id`, `title`, `text`, `uri`, `post_id`, `lang_id`, `enabled`) VALUES
(340, 'Cum să ajungi în oraș / amplasarea geografică', '<div>&nbsp;</div>\n\n<div>\n<div class="city" style="box-sizing: border-box;">\n<div id="map-canvas2" style="box-sizing: border-box; width: 100%; height: 310px; position: relative; overflow: hidden; -webkit-transform: translateZ(0px); background-color: rgb(229, 227, 223);">\n<div class="gm-style" style="box-sizing: border-box; font-family: Roboto, Arial, sans-serif; font-size: 11px; position: absolute; left: 0px; top: 0px; overflow: hidden; width: 870.390625px; height: 310px; z-index: 0;">\n<div style="box-sizing: border-box; position: absolute; left: 0px; top: 0px; overflow: hidden; width: 870.390625px; height: 310px; z-index: 0; cursor: url(https://maps.gstatic.com/mapfiles/openhand_8_8.cur) 8 8, default;">\n<div style="box-sizing: border-box; position: absolute; left: 0px; top: 0px; z-index: 1; width: 870.390625px; transform-origin: 471px 222px 0px; transform: matrix(1, 0, 0, 1, 0, 0);">\n<div style="box-sizing: border-box; -webkit-transform: translateZ(0px); position: absolute; left: 0px; top: 0px; z-index: 100; width: 870.390625px;">\n<div style="box-sizing: border-box; position: absolute; left: 0px; top: 0px; z-index: 0;">\n<div style="box-sizing: border-box; position: absolute; left: 0px; top: 0px; z-index: 1;">\n<div style="box-sizing: border-box; width: 256px; height: 256px; -webkit-transform: translateZ(0px); position: absolute; left: 408px; top: 81px;">&nbsp;</div>\n\n<div style="box-sizing: border-box; width: 256px; height: 256px; -webkit-transform: translateZ(0px); position: absolute; left: 152px; top: 81px;">&nbsp;</div>\n\n<div style="box-sizing: border-box; width: 256px; height: 256px; -webkit-transform: translateZ(0px); position: absolute; left: 408px; top: -175px;">&nbsp;</div>\n\n<div style="box-sizing: border-box; width: 256px; height: 256px; -webkit-transform: translateZ(0px); position: absolute; left: 408px; top: 337px;">&nbsp;</div>\n\n<div style="box-sizing: border-box; width: 256px; height: 256px; -webkit-transform: translateZ(0px); position: absolute; left: 664px; top: 81px;">&nbsp;</div>\n\n<div style="box-sizing: border-box; width: 256px; height: 256px; -webkit-transform: translateZ(0px); position: absolute; left: 152px; top: 337px;">&nbsp;</div>\n\n<div style="box-sizing: border-box; width: 256px; height: 256px; -webkit-transform: translateZ(0px); position: absolute; left: 152px; top: -175px;">&nbsp;</div>\n\n<div style="box-sizing: border-box; width: 256px; height: 256px; -webkit-transform: translateZ(0px); position: absolute; left: 664px; top: -175px;">&nbsp;</div>\n\n<div style="box-sizing: border-box; width: 256px; height: 256px; -webkit-transform: translateZ(0px); position: absolute; left: 664px; top: 337px;">&nbsp;</div>\n\n<div style="box-sizing: border-box; width: 256px; height: 256px; -webkit-transform: translateZ(0px); position: absolute; left: 920px; top: 81px;">&nbsp;</div>\n\n<div style="box-sizing: border-box; width: 256px; height: 256px; -webkit-transform: translateZ(0px); position: absolute; left: -104px; top: 81px;">&nbsp;</div>\n\n<div style="box-sizing: border-box; width: 256px; height: 256px; -webkit-transform: translateZ(0px); position: absolute; left: -104px; top: -175px;">&nbsp;</div>\n\n<div style="box-sizing: border-box; width: 256px; height: 256px; -webkit-transform: translateZ(0px); position: absolute; left: 920px; top: -175px;">&nbsp;</div>\n\n<div style="box-sizing: border-box; width: 256px; height: 256px; -webkit-transform: translateZ(0px); position: absolute; left: -104px; top: 337px;">&nbsp;</div>\n\n<div style="box-sizing: border-box; width: 256px; height: 256px; -webkit-transform: translateZ(0px); position: absolute; left: 920px; top: 337px;">&nbsp;</div>\n</div>\n</div>\n</div>\n\n<div style="box-sizing: border-box; -webkit-transform: translateZ(0px); position: absolute; left: 0px; top: 0px; z-index: 101; width: 870.390625px;">&nbsp;</div>\n\n<div style="box-sizing: border-box; -webkit-transform: translateZ(0px); position: absolute; left: 0px; top: 0px; z-index: 102; width: 870.390625px;">&nbsp;</div>\n\n<div style="box-sizing: border-box; -webkit-transform: translateZ(0px); position: absolute; left: 0px; top: 0px; z-index: 103; width: 870.390625px;">\n<div style="box-sizing: border-box; position: absolute; left: 0px; top: 0px; z-index: -1;">\n<div style="box-sizing: border-box; position: absolute; left: 0px; top: 0px; z-index: 1;">\n<div style="box-sizing: border-box; width: 256px; height: 256px; overflow: hidden; -webkit-transform: translateZ(0px); position: absolute; left: 408px; top: 81px;">&nbsp;</div>\n\n<div style="box-sizing: border-box; width: 256px; height: 256px; overflow: hidden; -webkit-transform: translateZ(0px); position: absolute; left: 152px; top: 81px;">&nbsp;</div>\n\n<div style="box-sizing: border-box; width: 256px; height: 256px; overflow: hidden; -webkit-transform: translateZ(0px); position: absolute; left: 408px; top: -175px;">&nbsp;</div>\n\n<div style="box-sizing: border-box; width: 256px; height: 256px; overflow: hidden; -webkit-transform: translateZ(0px); position: absolute; left: 408px; top: 337px;">&nbsp;</div>\n\n<div style="box-sizing: border-box; width: 256px; height: 256px; overflow: hidden; -webkit-transform: translateZ(0px); position: absolute; left: 664px; top: 81px;">&nbsp;</div>\n\n<div style="box-sizing: border-box; width: 256px; height: 256px; overflow: hidden; -webkit-transform: translateZ(0px); position: absolute; left: 152px; top: 337px;">&nbsp;</div>\n\n<div style="box-sizing: border-box; width: 256px; height: 256px; overflow: hidden; -webkit-transform: translateZ(0px); position: absolute; left: 152px; top: -175px;">&nbsp;</div>\n\n<div style="box-sizing: border-box; width: 256px; height: 256px; overflow: hidden; -webkit-transform: translateZ(0px); position: absolute; left: 664px; top: -175px;">&nbsp;</div>\n\n<div style="box-sizing: border-box; width: 256px; height: 256px; overflow: hidden; -webkit-transform: translateZ(0px); position: absolute; left: 664px; top: 337px;">&nbsp;</div>\n\n<div style="box-sizing: border-box; width: 256px; height: 256px; overflow: hidden; -webkit-transform: translateZ(0px); position: absolute; left: 920px; top: 81px;">&nbsp;</div>\n\n<div style="box-sizing: border-box; width: 256px; height: 256px; overflow: hidden; -webkit-transform: translateZ(0px); position: absolute; left: -104px; top: 81px;">&nbsp;</div>\n\n<div style="box-sizing: border-box; width: 256px; height: 256px; overflow: hidden; -webkit-transform: translateZ(0px); position: absolute; left: -104px; top: -175px;">&nbsp;</div>\n\n<div style="box-sizing: border-box; width: 256px; height: 256px; overflow: hidden; -webkit-transform: translateZ(0px); position: absolute; left: 920px; top: -175px;">&nbsp;</div>\n\n<div style="box-sizing: border-box; width: 256px; height: 256px; overflow: hidden; -webkit-transform: translateZ(0px); position: absolute; left: -104px; top: 337px;">&nbsp;</div>\n\n<div style="box-sizing: border-box; width: 256px; height: 256px; overflow: hidden; -webkit-transform: translateZ(0px); position: absolute; left: 920px; top: 337px;">&nbsp;</div>\n</div>\n</div>\n</div>\n\n<div style="box-sizing: border-box; position: absolute; left: 0px; top: 0px; z-index: 0;">\n<div style="box-sizing: border-box; position: absolute; left: 0px; top: 0px; z-index: 1;">\n<div style="box-sizing: border-box; width: 256px; height: 256px; -webkit-transform: translateZ(0px); position: absolute; left: 408px; top: -175px; opacity: 1; transition: opacity 200ms ease-out; -webkit-transition: opacity 200ms ease-out;"><img src="https://mts0.googleapis.com/vt?pb=!1m4!1m3!1i15!2i18992!3i11505!2m3!1e0!2sm!3i274000000!3m9!2sro-RO!3sUS!5e18!12m1!1e47!12m3!1e37!2m1!1ssmartmaps!4e0!20m1!1b1" style="-webkit-transform:translateZ(0px); -webkit-user-select:none; border:0px; box-sizing:border-box; height:256px; margin:0px; padding:0px; vertical-align:middle; width:256px" /></div>\n\n<div style="box-sizing: border-box; width: 256px; height: 256px; -webkit-transform: translateZ(0px); position: absolute; left: 408px; top: 81px; opacity: 1; transition: opacity 200ms ease-out; -webkit-transition: opacity 200ms ease-out;"><img src="https://mts0.googleapis.com/vt?pb=!1m4!1m3!1i15!2i18992!3i11506!2m3!1e0!2sm!3i274000000!3m9!2sro-RO!3sUS!5e18!12m1!1e47!12m3!1e37!2m1!1ssmartmaps!4e0!20m1!1b1" style="-webkit-transform:translateZ(0px); -webkit-user-select:none; border:0px; box-sizing:border-box; height:256px; margin:0px; padding:0px; vertical-align:middle; width:256px" /></div>\n\n<div style="box-sizing: border-box; width: 256px; height: 256px; -webkit-transform: translateZ(0px); position: absolute; left: 152px; top: 81px; opacity: 1; transition: opacity 200ms ease-out; -webkit-transition: opacity 200ms ease-out;"><img src="https://mts1.googleapis.com/vt?pb=!1m4!1m3!1i15!2i18991!3i11506!2m3!1e0!2sm!3i274000000!3m9!2sro-RO!3sUS!5e18!12m1!1e47!12m3!1e37!2m1!1ssmartmaps!4e0!20m1!1b1" style="-webkit-transform:translateZ(0px); -webkit-user-select:none; border:0px; box-sizing:border-box; height:256px; margin:0px; padding:0px; vertical-align:middle; width:256px" /></div>\n\n<div style="box-sizing: border-box; width: 256px; height: 256px; -webkit-transform: translateZ(0px); position: absolute; left: 408px; top: 337px; opacity: 1; transition: opacity 200ms ease-out; -webkit-transition: opacity 200ms ease-out;"><img src="https://mts0.googleapis.com/vt?pb=!1m4!1m3!1i15!2i18992!3i11507!2m3!1e0!2sm!3i274000000!3m9!2sro-RO!3sUS!5e18!12m1!1e47!12m3!1e37!2m1!1ssmartmaps!4e0!20m1!1b1" style="-webkit-transform:translateZ(0px); -webkit-user-select:none; border:0px; box-sizing:border-box; height:256px; margin:0px; padding:0px; vertical-align:middle; width:256px" /></div>\n\n<div style="box-sizing: border-box; width: 256px; height: 256px; -webkit-transform: translateZ(0px); position: absolute; left: 152px; top: -175px; opacity: 1; transition: opacity 200ms ease-out; -webkit-transition: opacity 200ms ease-out;"><img src="https://mts1.googleapis.com/vt?pb=!1m4!1m3!1i15!2i18991!3i11505!2m3!1e0!2sm!3i274000000!3m9!2sro-RO!3sUS!5e18!12m1!1e47!12m3!1e37!2m1!1ssmartmaps!4e0!20m1!1b1" style="-webkit-transform:translateZ(0px); -webkit-user-select:none; border:0px; box-sizing:border-box; height:256px; margin:0px; padding:0px; vertical-align:middle; width:256px" /></div>\n\n<div style="box-sizing: border-box; width: 256px; height: 256px; -webkit-transform: translateZ(0px); position: absolute; left: 664px; top: 81px; opacity: 1; transition: opacity 200ms ease-out; -webkit-transition: opacity 200ms ease-out;"><img src="https://mts1.googleapis.com/vt?pb=!1m4!1m3!1i15!2i18993!3i11506!2m3!1e0!2sm!3i274000000!3m9!2sro-RO!3sUS!5e18!12m1!1e47!12m3!1e37!2m1!1ssmartmaps!4e0!20m1!1b1" style="-webkit-transform:translateZ(0px); -webkit-user-select:none; border:0px; box-sizing:border-box; height:256px; margin:0px; padding:0px; vertical-align:middle; width:256px" /></div>\n\n<div style="box-sizing: border-box; width: 256px; height: 256px; -webkit-transform: translateZ(0px); position: absolute; left: 664px; top: 337px; opacity: 1; transition: opacity 200ms ease-out; -webkit-transition: opacity 200ms ease-out;"><img src="https://mts1.googleapis.com/vt?pb=!1m4!1m3!1i15!2i18993!3i11507!2m3!1e0!2sm!3i274000000!3m9!2sro-RO!3sUS!5e18!12m1!1e47!12m3!1e37!2m1!1ssmartmaps!4e0!20m1!1b1" style="-webkit-transform:translateZ(0px); -webkit-user-select:none; border:0px; box-sizing:border-box; height:256px; margin:0px; padding:0px; vertical-align:middle; width:256px" /></div>\n\n<div style="box-sizing: border-box; width: 256px; height: 256px; -webkit-transform: translateZ(0px); position: absolute; left: 152px; top: 337px; opacity: 1; transition: opacity 200ms ease-out; -webkit-transition: opacity 200ms ease-out;"><img src="https://mts1.googleapis.com/vt?pb=!1m4!1m3!1i15!2i18991!3i11507!2m3!1e0!2sm!3i274000000!3m9!2sro-RO!3sUS!5e18!12m1!1e47!12m3!1e37!2m1!1ssmartmaps!4e0!20m1!1b1" style="-webkit-transform:translateZ(0px); -webkit-user-select:none; border:0px; box-sizing:border-box; height:256px; margin:0px; padding:0px; vertical-align:middle; width:256px" /></div>\n\n<div style="box-sizing: border-box; width: 256px; height: 256px; -webkit-transform: translateZ(0px); position: absolute; left: 664px; top: -175px; opacity: 1; transition: opacity 200ms ease-out; -webkit-transition: opacity 200ms ease-out;"><img src="https://mts1.googleapis.com/vt?pb=!1m4!1m3!1i15!2i18993!3i11505!2m3!1e0!2sm!3i274000000!3m9!2sro-RO!3sUS!5e18!12m1!1e47!12m3!1e37!2m1!1ssmartmaps!4e0!20m1!1b1" style="-webkit-transform:translateZ(0px); -webkit-user-select:none; border:0px; box-sizing:border-box; height:256px; margin:0px; padding:0px; vertical-align:middle; width:256px" /></div>\n\n<div style="box-sizing: border-box; width: 256px; height: 256px; -webkit-transform: translateZ(0px); position: absolute; left: 920px; top: 81px; opacity: 1; transition: opacity 200ms ease-out; -webkit-transition: opacity 200ms ease-out;"><img src="https://mts0.googleapis.com/vt?pb=!1m4!1m3!1i15!2i18994!3i11506!2m3!1e0!2sm!3i274000000!3m9!2sro-RO!3sUS!5e18!12m1!1e47!12m3!1e37!2m1!1ssmartmaps!4e0!20m1!1b1" style="-webkit-transform:translateZ(0px); -webkit-user-select:none; border:0px; box-sizing:border-box; height:256px; margin:0px; padding:0px; vertical-align:middle; width:256px" /></div>\n\n<div style="box-sizing: border-box; width: 256px; height: 256px; -webkit-transform: translateZ(0px); position: absolute; left: -104px; top: 81px; opacity: 1; transition: opacity 200ms ease-out; -webkit-transition: opacity 200ms ease-out;"><img src="https://mts0.googleapis.com/vt?pb=!1m4!1m3!1i15!2i18990!3i11506!2m3!1e0!2sm!3i274000000!3m9!2sro-RO!3sUS!5e18!12m1!1e47!12m3!1e37!2m1!1ssmartmaps!4e0!20m1!1b1" style="-webkit-transform:translateZ(0px); -webkit-user-select:none; border:0px; box-sizing:border-box; height:256px; margin:0px; padding:0px; vertical-align:middle; width:256px" /></div>\n\n<div style="box-sizing: border-box; width: 256px; height: 256px; -webkit-transform: translateZ(0px); position: absolute; left: -104px; top: -175px; opacity: 1; transition: opacity 200ms ease-out; -webkit-transition: opacity 200ms ease-out;"><img src="https://mts0.googleapis.com/vt?pb=!1m4!1m3!1i15!2i18990!3i11505!2m3!1e0!2sm!3i274000000!3m9!2sro-RO!3sUS!5e18!12m1!1e47!12m3!1e37!2m1!1ssmartmaps!4e0!20m1!1b1" style="-webkit-transform:translateZ(0px); -webkit-user-select:none; border:0px; box-sizing:border-box; height:256px; margin:0px; padding:0px; vertical-align:middle; width:256px" /></div>\n\n<div style="box-sizing: border-box; width: 256px; height: 256px; -webkit-transform: translateZ(0px); position: absolute; left: -104px; top: 337px; opacity: 1; transition: opacity 200ms ease-out; -webkit-transition: opacity 200ms ease-out;"><img src="https://mts0.googleapis.com/vt?pb=!1m4!1m3!1i15!2i18990!3i11507!2m3!1e0!2sm!3i274000000!3m9!2sro-RO!3sUS!5e18!12m1!1e47!12m3!1e37!2m1!1ssmartmaps!4e0!20m1!1b1" style="-webkit-transform:translateZ(0px); -webkit-user-select:none; border:0px; box-sizing:border-box; height:256px; margin:0px; padding:0px; vertical-align:middle; width:256px" /></div>\n\n<div style="box-sizing: border-box; width: 256px; height: 256px; -webkit-transform: translateZ(0px); position: absolute; left: 920px; top: 337px; opacity: 1; transition: opacity 200ms ease-out; -webkit-transition: opacity 200ms ease-out;"><img src="https://mts0.googleapis.com/vt?pb=!1m4!1m3!1i15!2i18994!3i11507!2m3!1e0!2sm!3i274000000!3m9!2sro-RO!3sUS!5e18!12m1!1e47!12m3!1e37!2m1!1ssmartmaps!4e0!20m1!1b1" style="-webkit-transform:translateZ(0px); -webkit-user-select:none; border:0px; box-sizing:border-box; height:256px; margin:0px; padding:0px; vertical-align:middle; width:256px" /></div>\n\n<div style="box-sizing: border-box; width: 256px; height: 256px; -webkit-transform: translateZ(0px); position: absolute; left: 920px; top: -175px; opacity: 1; transition: opacity 200ms ease-out; -webkit-transition: opacity 200ms ease-out;"><img src="https://mts0.googleapis.com/vt?pb=!1m4!1m3!1i15!2i18994!3i11505!2m3!1e0!2sm!3i274000000!3m9!2sro-RO!3sUS!5e18!12m1!1e47!12m3!1e37!2m1!1ssmartmaps!4e0!20m1!1b1" style="-webkit-transform:translateZ(0px); -webkit-user-select:none; border:0px; box-sizing:border-box; height:256px; margin:0px; padding:0px; vertical-align:middle; width:256px" /></div>\n</div>\n</div>\n</div>\n\n<div style="box-sizing: border-box; position: absolute; left: 0px; top: 0px; z-index: 2; width: 870.390625px; height: 310px;">&nbsp;</div>\n\n<div style="box-sizing: border-box; position: absolute; left: 0px; top: 0px; z-index: 3; width: 870.390625px; transform-origin: 471px 222px 0px; transform: matrix(1, 0, 0, 1, 0, 0);">\n<div style="box-sizing: border-box; -webkit-transform: translateZ(0px); position: absolute; left: 0px; top: 0px; z-index: 104; width: 870.390625px;">&nbsp;</div>\n\n<div style="box-sizing: border-box; -webkit-transform: translateZ(0px); position: absolute; left: 0px; top: 0px; z-index: 105; width: 870.390625px;">&nbsp;</div>\n\n<div style="box-sizing: border-box; -webkit-transform: translateZ(0px); position: absolute; left: 0px; top: 0px; z-index: 106; width: 870.390625px;">&nbsp;</div>\n\n<div style="box-sizing: border-box; -webkit-transform: translateZ(0px); position: absolute; left: 0px; top: 0px; z-index: 107; width: 870.390625px;">&nbsp;</div>\n</div>\n</div>\n\n<div style="box-sizing: border-box; margin-left: 5px; margin-right: 5px; z-index: 1000000; position: absolute; left: 0px; bottom: 0px;">\n<div style="box-sizing: border-box; width: 62px; height: 26px; cursor: pointer;"><a href="http://maps.google.com/maps?ll=47.142731,28.653508&amp;z=15&amp;t=m&amp;hl=ro-RO&amp;gl=US&amp;mapclient=apiv3" style="box-sizing: border-box; text-decoration: none; position: static; overflow: visible; float: none; display: inline;" target="_blank" title="Faceţi clic pentru a vizualiza această zonă pe Hărţi Google"><img src="https://maps.gstatic.com/mapfiles/api-3/images/google_white2.png" style="-webkit-user-select:none; border:0px; box-sizing:border-box; height:26px; left:0px; margin:0px; padding:0px; position:absolute; top:0px; vertical-align:middle; width:62px" /></a></div>\n</div>\n</div>\n</div>\n\n<div class="city_dt" style="box-sizing: border-box; margin-bottom: 25px; border-bottom-width: 1px; border-bottom-style: solid; border-bottom-color: rgb(236, 236, 236); padding: 5px 0px;">\n<p>Orașul Strășeni</p>\n\n<p>Strada Ștefan cel Mare 24, MD 2034</p>\n</div>\n\n<p>Orașul Strășeni este situat la 23 km de Chișinău, &icirc;n direcția nord-vest, pe malul r&acirc;ului B&acirc;c. Orașul este amplasat &icirc;n regiunea de codri a Moldovei.</p>\n\n<p>Suprafața totală a orașului Strășeni este de 60,82 km&sup2;, dintre care circa 1 156 ha sunt terenuri cu destinație agricolă. Relieful este format din coline, versanți, văi și c&acirc;mpii.</p>\n\n<p>Clima este temperat&ndash;continentală. Temperatura medie de iarnă este de 6, &ndash;7 &deg;C, iar temperatura medie de vară este de 35,5 &deg;C.</p>\n\n<p>Orășelul cu această denumire e menționat documentar ca sat la 20 martie 1545, c&acirc;nd Alexandru Voievod, domnul Moldovei, confirmă mănăstirii Pobrata o jumătate de moșie pe care călugării o aveau &icirc;n dar de la jup&acirc;neasa Frățiman cu satul Curluceni. La 4 iulie 1774 &icirc;l aflăm &icirc;n stăp&acirc;nirea mănăstirii Frumoasa, cu 84 de gospodării cu răzeși și mazili. Orașul avea 2 preoți, biserica a fost construită &icirc;n anul 1785, alături de alta veche. Sat mare și frumos, &icirc;n anul 1870 aici erau 596 gospodării, 1840 bărbați și 1110 femei. Gospodarii țineau prisăci, vii și livezi frumoase, erau lemnari, t&acirc;mplari vestiți. La 6 ianuarie 1873 zemstva județeană trimite la Strășeni primul medic cu studii superioare, pe doctorul Feodor Constantinovichi Scordeli. La 1 iulie 1877 satul avea o bibliotecă sătească, uar &icirc;n anul 1910 avea 2 școli și o biserică.</p>\n</div>\n</div>\n', 'cum-sa-ajungi-in-oras-amplasarea-geografica', 181, 1, 1),
(341, 'Как попасть в город / географическое расположение', '', 'kak-popasty-v-gorod-gografichsko-raspolozhni', 181, 2, 0),
(342, 'Istoria orașului', '<p style="text-align: justify;">Orășelul cu această denumire e menționat documentar ca sat la 20 martie 1545, c&acirc;nd Alexandru Voievod, domnul Moldovei, confirmă mănăstirii Pobrata o jumătate de moșie pe care călugării o aveau &icirc;n dar de la jup&acirc;neasa Frățiman cu satul Curluceni. La 4 iulie 1774 &icirc;l aflăm &icirc;n stăp&acirc;nirea mănăstirii Frumoasa, cu 84 de gospodării cu răzeși și mazili. Orașul avea 2 preoți, biserica a fost construită &icirc;n anul 1785, alături de alta veche. Sat mare și frumos, &icirc;n anul 1870 aici erau 596 gospodării, 1840 bărbați și 1110 femei. Gospodarii țineau prisăci, vii și livezi frumoase, erau lemnari, t&acirc;mplari vestiți. La 6 ianuarie 1873 zemstva județeană trimite la Strășeni primul medic cu studii superioare, pe doctorul Feodor Constantinovichi Scordeli. La 1 iulie 1877 satul avea o bibliotecă sătească, uar &icirc;n anul 1910 avea 2 școli și o biserică.</p>\n\n<p style="text-align: justify;">Din spusele celui mai bătr&acirc;n locuitor din oraș I. Țurcanu &icirc;n v&acirc;rstă de 98 de ani, care a auzit din mărturisirile bunicului său, că undeva pe dealul Coșnei, un oarecare Teofan, străger, a construit o casă &icirc;n care stăteau străgerii ce vegheau Chișinăul. Cu toți străgerii conducea &icirc;nsăși Teofan. Odată cu apariția localității, de la cuv&acirc;ntul străgeri s-a tras toponimul Strășeni.</p>\n\n<p style="text-align: justify;">Localitatea, &icirc;ncep&acirc;nd cu a doua jumătate a sec. XX, s-a dezvoltat intens, devenind un centru industrial important din republică.</p>\n\n<p style="text-align: justify;">&Icirc;n orașul Strășeni sunt &icirc;nregistrați circa 2780 agenți economici, dintre care cel mai mare număr &icirc;l constituie gospodăriile țărănești &ndash; 1.590. &Icirc;ntreprinderile cu dreptul de persoane juridice alcătuiesc 305 unități. Un loc de frunte ocupă industria alimentară, mai ales cea vinicolă. Strășeniul se bucură de un spectru bogat al celor mai bune soiuri de poamă europeană: Aligote, Pinot, Cabernet, Izabelle, Risling de Italia, coniacuri, din care se obține șampanie, vinuri seci ordinare și dulci de calitate superioară și sucuri naturale. Partea industrială a orașului este amplasată &icirc;n regiunea de nord-vest a orașului și este despărțită de sectorul locativ prin calea ferată. Punctul de vinificație, secția de cărămidă a fabricii de materiale de construcție se află &icirc;n partea de nord a orașului. &Icirc;n domeniul comerțului activează 96 &icirc;ntreprinderi, sistemul de alimentație publică este format de 25 &icirc;ntreprinderi. Deservirea socială este asigurată de 17 unități de deservire.</p>\n\n<p style="text-align: justify;">&Icirc;n oraș activează filiale ale 3 bănci comerciale și ale 2 companii de asigurare.</p>\n\n<p style="text-align: justify;">Este dezvoltată producția de vinuri: . Se produc conserve din fructe și legume și produse de panificație. Fabrica materialelor de construcție produce țiglă roșie, faianță. La 6 km spre sud-vest funcționează antena TV de l&acirc;ngă Strășeni.</p>\n', 'istoria-orasului', 182, 1, 1),
(343, 'История города', '', 'istoriya-goroda', 182, 2, 0),
(344, 'Personalități marcante', '', 'personalitati-marcante', 183, 1, 1),
(345, 'Выдающиеся личности', '', 'vdayushtisya-lichnosti', 183, 2, 0),
(346, 'Orașe înfrățite', '', 'orase-infratite', 184, 1, 1),
(347, 'Города побратимы', '', 'goroda-pobratim', 184, 2, 0),
(348, 'Consiliul cetățenilor', '<h2>Consiliul cetățenilor</h2>\n\n<p>Lorem ipsum dolor sit amet, consectetuer adipiscing elit, sed diam nonummy nibh euismod tincidunt ut laoreet dolore magna aliquam erat volutpat. Ut wisi enim ad minim veniam, quis nostrud exerci tation ullamcorper suscipit lobortis nisl ut aliquip ex ea commodo consequat. Duis autem vel eum iriure dolor in hendrerit in vulputate velit esse molestie consequat, vel illum dolore eu feugiat nulla facilisis at vero eros et accumsan et iusto odio dignissim qui blandit praesent luptatum zzril delenit augue duis dolore te feugait nulla facilisi. Nam liber tempor cum soluta nobis eleifend option congue nihil imperdiet doming id quod mazim placerat facer possim assum. Typi non habent claritatem insitam; est usus legentis in iis qui facit eorum claritatem. Investigationes demonstraverunt lectores legere me lius quod ii legunt saepius. Claritas est etiam processus dynamicus, qui sequitur mutationem consuetudium lectorum. Mirum est notare quam littera gothica, quam nunc putamus parum claram, anteposuerit litterarum formas humanitatis per seacula quarta decima et quinta decima. Eodem modo typi, qui nunc nobis videntur parum clari, fiant sollemnes in futurum.</p>\n\n<p>Lorem ipsum dolor sit amet, consectetuer adipiscing elit, sed diam nonummy nibh euismod tincidunt ut laoreet dolore magna aliquam erat volutpat. Ut wisi enim ad minim veniam, quis nostrud exerci tation ullamcorper suscipit lobortis nisl ut aliquip ex ea commodo consequat. Duis autem vel eum iriure dolor in hendrerit in vulputate velit esse molestie consequat, vel illum dolore eu feugiat nulla facilisis at vero eros et accumsan et iusto odio dignissim qui blandit praesent luptatum zzril delenit augue duis dolore te feugait nulla facilisi. Nam liber tempor cum soluta nobis eleifend option congue nihil imperdiet doming id quod mazim placerat facer possim assum. Typi non habent claritatem insitam; est usus legentis in iis qui facit eorum claritatem. Investigationes demonstraverunt lectores legere me lius quod ii legunt saepius. Claritas est etiam processus dynamicus, qui sequitur mutationem consuetudium lectorum. Mirum est notare quam littera gothica, quam nunc putamus parum claram, anteposuerit litterarum formas humanitatis per seacula quarta decima et quinta decima. Eodem modo typi, qui nunc nobis videntur parum clari, fiant sollemnes in futurum.</p>\n\n<p>Lorem ipsum dolor sit amet, consectetuer adipiscing elit, sed diam nonummy nibh euismod tincidunt ut laoreet dolore magna aliquam erat volutpat. Ut wisi enim ad minim veniam, quis nostrud exerci tation ullamcorper suscipit lobortis nisl ut aliquip ex ea commodo consequat. Duis autem vel eum iriure dolor in hendrerit in vulputate velit esse molestie consequat, vel illum dolore eu feugiat nulla facilisis at vero eros et accumsan et iusto odio dignissim qui blandit praesent luptatum zzril delenit augue duis dolore te feugait nulla facilisi. Nam liber tempor cum soluta nobis eleifend option congue nihil imperdiet doming id quod mazim placerat facer possim assum. Typi non habent claritatem insitam; est usus legentis in iis qui facit eorum claritatem. Investigationes demonstraverunt lectores legere me lius quod ii legunt saepius. Claritas est etiam processus dynamicus, qui sequitur mutationem consuetudium lectorum. Mirum est notare quam littera gothica, quam nunc putamus parum claram, anteposuerit litterarum formas humanitatis per seacula quarta decima et quinta decima. Eodem modo typi, qui nunc nobis videntur parum clari, fiant sollemnes in futurum.</p>\n', 'consiliul-cetatenilor', 185, 1, 1),
(349, 'Гражданский совет', '', 'grazhdanskiy-sovt', 185, 2, 0),
(350, 'Consiliul tinerilor', '<h2>Consiliul tinerilor</h2>\n\n<p>Lorem ipsum dolor sit amet, consectetuer adipiscing elit, sed diam nonummy nibh euismod tincidunt ut laoreet dolore magna aliquam erat volutpat. Ut wisi enim ad minim veniam, quis nostrud exerci tation ullamcorper suscipit lobortis nisl ut aliquip ex ea commodo consequat. Duis autem vel eum iriure dolor in hendrerit in vulputate velit esse molestie consequat, vel illum dolore eu feugiat nulla facilisis at vero eros et accumsan et iusto odio dignissim qui blandit praesent luptatum zzril delenit augue duis dolore te feugait nulla facilisi. Nam liber tempor cum soluta nobis eleifend option congue nihil imperdiet doming id quod mazim placerat facer possim assum. Typi non habent claritatem insitam; est usus legentis in iis qui facit eorum claritatem. Investigationes demonstraverunt lectores legere me lius quod ii legunt saepius. Claritas est etiam processus dynamicus, qui sequitur mutationem consuetudium lectorum. Mirum est notare quam littera gothica, quam nunc putamus parum claram, anteposuerit litterarum formas humanitatis per seacula quarta decima et quinta decima. Eodem modo typi, qui nunc nobis videntur parum clari, fiant sollemnes in futurum.</p>\n\n<p>Lorem ipsum dolor sit amet, consectetuer adipiscing elit, sed diam nonummy nibh euismod tincidunt ut laoreet dolore magna aliquam erat volutpat. Ut wisi enim ad minim veniam, quis nostrud exerci tation ullamcorper suscipit lobortis nisl ut aliquip ex ea commodo consequat. Duis autem vel eum iriure dolor in hendrerit in vulputate velit esse molestie consequat, vel illum dolore eu feugiat nulla facilisis at vero eros et accumsan et iusto odio dignissim qui blandit praesent luptatum zzril delenit augue duis dolore te feugait nulla facilisi. Nam liber tempor cum soluta nobis eleifend option congue nihil imperdiet doming id quod mazim placerat facer possim assum. Typi non habent claritatem insitam; est usus legentis in iis qui facit eorum claritatem. Investigationes demonstraverunt lectores legere me lius quod ii legunt saepius. Claritas est etiam processus dynamicus, qui sequitur mutationem consuetudium lectorum. Mirum est notare quam littera gothica, quam nunc putamus parum claram, anteposuerit litterarum formas humanitatis per seacula quarta decima et quinta decima. Eodem modo typi, qui nunc nobis videntur parum clari, fiant sollemnes in futurum.</p>\n', 'consiliul-tinerilor', 186, 1, 1),
(351, 'Молодежный совет', '', 'molodzhny-sovt', 186, 2, 0),
(352, 'Comitetele de cartier / de stradă', '<h2>Comitetele de cartier&nbsp;</h2>\n\n<p>Lorem ipsum dolor sit amet, consectetuer adipiscing elit, sed diam nonummy nibh euismod tincidunt ut laoreet dolore magna aliquam erat volutpat. Ut wisi enim ad minim veniam, quis nostrud exerci tation ullamcorper suscipit lobortis nisl ut aliquip ex ea commodo consequat. Duis autem vel eum iriure dolor in hendrerit in vulputate velit esse molestie consequat, vel illum dolore eu feugiat nulla facilisis at vero eros et accumsan et iusto odio dignissim qui blandit praesent luptatum zzril delenit augue duis dolore te feugait nulla facilisi. Nam liber tempor cum soluta nobis eleifend option congue nihil imperdiet doming id quod mazim placerat facer possim assum. Typi non habent claritatem insitam; est usus legentis in iis qui facit eorum claritatem. Investigationes demonstraverunt lectores legere me lius quod ii legunt saepius. Claritas est etiam processus dynamicus, qui sequitur mutationem consuetudium lectorum. Mirum est notare quam littera gothica, quam nunc putamus parum claram, anteposuerit litterarum formas humanitatis per seacula quarta decima et quinta decima. Eodem modo typi, qui nunc nobis videntur parum clari, fiant sollemnes in futurum.</p>\n\n<h2>Comitetele de stradă</h2>\n\n<p>Lorem ipsum dolor sit amet, consectetuer adipiscing elit, sed diam nonummy nibh euismod tincidunt ut laoreet dolore magna aliquam erat volutpat. Ut wisi enim ad minim veniam, quis nostrud exerci tation ullamcorper suscipit lobortis nisl ut aliquip ex ea commodo consequat. Duis autem vel eum iriure dolor in hendrerit in vulputate velit esse molestie consequat, vel illum dolore eu feugiat nulla facilisis at vero eros et accumsan et iusto odio dignissim qui blandit praesent luptatum zzril delenit augue duis dolore te feugait nulla facilisi. Nam liber tempor cum soluta nobis eleifend option congue nihil imperdiet doming id quod mazim placerat facer possim assum. Typi non habent claritatem insitam; est usus legentis in iis qui facit eorum claritatem. Investigationes demonstraverunt lectores legere me lius quod ii legunt saepius. Claritas est etiam processus dynamicus, qui sequitur mutationem consuetudium lectorum. Mirum est notare quam littera gothica, quam nunc putamus parum claram, anteposuerit litterarum formas humanitatis per seacula quarta decima et quinta decima. Eodem modo typi, qui nunc nobis videntur parum clari, fiant sollemnes in futurum.</p>\n', 'comitetele-de-cartier-de-strada', 187, 1, 1),
(353, 'Местные комитеты', '', 'mstn-komitt', 187, 2, 0),
(354, 'Programează-te on-line pentru o audiență', '<p>Pentru programarea audiențelor vă rugăm să transmiteți o scurtă prezentare a problemei ce urmează a fi discutată, precum și datele dvs. de contact la adresa de e-mail: relpubl@casan.ro.</p>\n\n<p>Totodată, puteți să vă adresați telefonic Biroului de Relații cu Asigurații la nr. de telefon: 0372.309.236.</p>\n\n<p>Confirmarea programării audienței va fi facută telefonic la numărul de telefon indicat de dvs. o Receptionarea documentelor, care urmeaza a fi examinate &icirc;n termen de &ndash; 1 ora, 24 ore, 5 zile si 15 zile, se va realize fara programare prealabila.</p>\n\n<p>[person_subscribe]</p>\n', 'programeaza-te-on-line-pentru-o-audienta', 188, 1, 1),
(355, 'Зарегистрируйтесь онлайн на приём', '', 'zargistriruytsy-onlayn-na-prim', 188, 2, 0),
(356, 'Orarul audierilor', '', 'orarul-audierilor', 189, 1, 1),
(357, 'График приема граждан', '', 'grafik-prima-grazhdan', 189, 2, 0),
(358, 'Discută on-line cu primarul și consilieri locali', '', 'discuta-on-line-cu-primarul-si-consilieri-locali', 190, 1, 1),
(359, 'Общайтесь в режиме онлайн с мэром и местными советниками', '', 'obshtaytsy-v-rzhim-onlayn-s-mrom-i-mstnmi-sovtnikami', 190, 2, 0),
(360, 'Depune o plângere', '<p>[complaint_form]</p>\n', 'depune-o-plangere', 191, 1, 1),
(361, 'Подайте жалобу', '', 'podayt-zhalobu', 191, 2, 0),
(362, 'Întrebări frecvente', '', 'intrebari-frecvente-362', 192, 1, 1),
(363, 'Часто задаваемые вопросы', '', 'chasto-zadavam-vopros-363', 192, 2, 0),
(364, 'Formulare de cereri', '', 'formulare-de-cereri', 193, 1, 1),
(365, 'Бланки заявления', '', 'blanki-zayavlniya', 193, 2, 0),
(366, 'Formulare pentru certificate', '', 'formulare-pentru-certificate', 194, 1, 1),
(367, 'Бланки сертификата', '', 'blanki-srtifikata', 194, 2, 0),
(368, 'Formulare pentru taxe', '', 'formulare-pentru-taxe', 195, 1, 1),
(369, 'Бланки для сборов и налогов', '', 'blanki-dlya-sborov-i-nalogov', 195, 2, 0),
(370, 'Modele de cereri / plângeri', '', 'modele-de-cereri-plangeri', 196, 1, 1),
(371, 'Образцы заявлений / жалоб', '', 'obrazts-zayavlniy-zhalob', 196, 2, 0),
(372, 'Primarul', '', 'primarul', 197, 1, 1),
(373, 'Примар', '', 'primar', 197, 2, 0),
(374, 'Viceprimari', '', 'viceprimari', 198, 1, 1),
(375, 'Заместитель примара', '', 'zamstitly-primara', 198, 2, 0),
(376, 'Aparatul primăriei', '<table class="aprt taxe" style="border-collapse:collapse; border-spacing:0px; box-sizing:border-box; margin-bottom:50px">\n	<thead>\n		<tr>\n			<td style="height:50px">Numele, prenumele</td>\n			<td style="height:50px">Funcţia</td>\n			<td style="height:50px">BIROU</td>\n			<td style="height:50px">Telefon</td>\n		</tr>\n	</thead>\n	<tbody>\n		<tr>\n			<td>Scripnic Ivan</td>\n			<td>Primar</td>\n			<td>bir.- 406</td>\n			<td>456236</td>\n		</tr>\n		<tr>\n			<td>Josan Nadejda</td>\n			<td>Secretar al consiliului</td>\n			<td>bir.- 409</td>\n			<td>456238</td>\n		</tr>\n		<tr>\n			<td>Bostan Natalia</td>\n			<td>Contabil-şef</td>\n			<td>bir.- 402</td>\n			<td>456872</td>\n		</tr>\n		<tr>\n			<td>M&icirc;rca Aurelia</td>\n			<td>Specialist &icirc;n domeniul implementării politicilor economice şi fiscale</td>\n			<td>bir.- 415</td>\n			<td>456189</td>\n		</tr>\n		<tr>\n			<td>Vasilenco Nadejda</td>\n			<td>Specialist &icirc;n domeniul implementării politicii fiscale</td>\n			<td>bir.- 403</td>\n			<td>456341</td>\n		</tr>\n		<tr>\n			<td>Poiană Nadejda</td>\n			<td>Specialist &icirc;n domeniul implementării politicii funciare</td>\n			<td>bir.- 406</td>\n			<td>456341</td>\n		</tr>\n		<tr>\n			<td>Draguţa Maria</td>\n			<td>Specialist &icirc;n domeniul implementării politicii de tineret</td>\n			<td>bir.- 419</td>\n			<td>456341</td>\n		</tr>\n		<tr>\n			<td>Butucel Ana</td>\n			<td>Specialist &icirc;n probleme social-economice şi proiecte de dezvoltare</td>\n			<td>bir.- 412</td>\n			<td>456341</td>\n		</tr>\n		<tr>\n			<td>Stegărescu Ana</td>\n			<td>Inginer -arhitect</td>\n			<td>bir - 411</td>\n			<td>456341</td>\n		</tr>\n		<tr>\n			<td>Guţanu Ion</td>\n			<td>Contabil</td>\n			<td>bir - 411</td>\n			<td>456341</td>\n		</tr>\n		<tr>\n			<td>Griţenco Aculina</td>\n			<td>Contabil</td>\n			<td>bir.- 410</td>\n			<td>456341</td>\n		</tr>\n		<tr>\n			<td>Jităreanu Irina</td>\n			<td>Contabil</td>\n			<td>bir.- 407</td>\n			<td>456341</td>\n		</tr>\n		<tr>\n			<td>Malcoci Lidia</td>\n			<td>Contabil</td>\n			<td>bir.- 408</td>\n			<td>456341<br />\n			&nbsp;</td>\n		</tr>\n	</tbody>\n</table>\n', 'aparatul-primariei', 199, 1, 1),
(377, 'Аппарат примэрии', '', 'apparat-primrii', 199, 2, 0),
(378, 'Organigrama primăriei', '<p><img alt="" src="/upload/Editor/organigrama.png" style="height:494px; width:734px" /></p>\n', 'organigrama-primariei', 200, 1, 1),
(379, 'Схема организационной структуры примэрии', '', 'shma-organizatsionnoy-struktur-primrii', 200, 2, 0),
(380, 'Cadrul legal al apl', '', 'cadrul-legal-al-apl', 201, 1, 1),
(381, 'Правовая база мов', '', 'pravovaya-baza-mov', 201, 2, 0),
(382, 'Regulamente interne', '', 'regulamente-interne', 202, 1, 1),
(383, 'Внутренние регламенты', '', 'vnutrnni-rglamnt', 202, 2, 0),
(384, 'Noutăți', '', 'noutati', 203, 1, 1),
(385, 'Новости', '', 'novosti', 203, 2, 0),
(386, 'Biografia primarului', '', 'biografia-primarului', 204, 1, 1),
(387, 'Биография примара', '', 'biografiya-primara', 204, 2, 0),
(388, 'Planuri de acțiuni pe anul curent', '<h1>I. Etapele si categoriile mari de activitati ale proiectului</h1>\n\n<p>1. INITIERE PROIECT</p>\n\n<p>Intalnire cu factorii de decizie locali in vederea clarificarii urmatoarelor aspecte legate de proiect:etapele proiectului,continutul acestora,rezultatele asteptate,principiile, modalitatile si calendarul de lucru,factorii relevanti si parteneriatele necesarenecesarul de eforturi in parteneriat din partea autoritatilor locale, ex.: delegarea de profesionisti in vederea specializarii in planificare comprehensiva si participativa, profesionisti care vor fi responsabilizati cu actualizarea strategiei dupa elaborarea acesteiamodalitatile de institutionalizare a strategiei de dezvoltarenivele de cooperare si parteneriat local, judetean, regional, national etc.modalitati de diseminare (consultarea populatiei, mijloace de comunicare in masa, site, brosuri, intalniri etc.)</p>\n\n<p>2. PRE-AUDIT</p>\n\n<p>Elaborarea unui audit sumar in vederea initierii procesului, in cadrul primului seminarInitierea parteneriatului localConstientizarea actorilor locali, a cetatenilorParteneriat cu mijloacele de comunicare in masa</p>\n\n<p>3. FORMAREA ECHIPEI LOCALE</p>\n\n<p>Identificarea si stabilirea sttructurii de lucru a proiectului si a componentei pe nivele si categorii de interesFactori de decizieEchipa tehnica a proiectuluiFactori consultativeGrupuri representativeMijloacele de comunicare in masa</p>\n\n<p>4. AUDIT URBAN</p>\n\n<p>Lansarea chestionarea lor specializate privind auditul urbanCatre institutiile publiceCatre sectorul privatCatre cetateniColectarea si structurarea datelor in vederea analizei</p>\n', 'planuri-de-actiuni-pe-anul-curent', 205, 1, 1),
(389, 'План действий на текущий год', '', 'plan-dystviy-na-tkushtiy-god', 205, 2, 0),
(390, 'Programul de activitate al primarului', '<h2>Programul de activitate al primarului</h2>\n\n<p>Programul de activitate al Guvernului &nbsp;oferă cadrul de politici de guvernare a Republicii Moldova pentru perioada 2011-2014.</p>\n\n<p>Prezentul Program este expresia continuităţii &icirc;n &icirc;ndeplinirea angajamentelor asumate &icirc;n faţa cetăţenilor, dar şi a partenerilor noştri externi. Astfel, viziunea strategică a programului propus o constituie creşterea bunăstării populaţiei, care se va axa pe două obiective majore ale Guvernului: creşterea nivelului de trai al cetăţenilor şi integrarea europeană. &Icirc;n vederea realizării acestor obiective mari vor fi &icirc;ntreprinse o serie de acţiuni pentru protecţia socială a cetăţenilor, dezvoltarea economiei, consolidarea statului de drept, creşterea numărului locurilor de muncă, dezvoltarea relaţiilor cu partenerii externi, atragerea investiţiilor, eliminarea vizelor şi alte acţiuni care au ca finalitate o viaţă mai bună pentru cetăţenii noştri.&nbsp;</p>\n\n<p>Reorganizarea Centrului pentru Combaterea Crimelor Economice şi Corupţiei prin menţinerea atribuţiilor de combatere a corupţiei, transferul celorlalte atribuţii, &icirc;n decurs de trei luni, către alte structuri specializate ale statului, &icirc;n contextul reformei instituţionale a acestora, cu excluderea subordonării Guvernului şi plasarea sub control parlamentar.</p>\n\n<p>Demonopolizarea pieţei interne şi eliminarea practicilor anticoncurenţiale &icirc;n tranzacţiile comerciale.Asigurarea creşterii gradului de credibilitate &icirc;ntre sectorul public şi cel privat şi garantarea dreptului asupra proprietăţilor şi investiţiilor private.</p>\n', 'programul-de-activitate-al-primarului', 206, 1, 1),
(391, 'Программа действий примара', '', 'programma-dystviy-primara', 206, 2, 0),
(392, 'Raportul anual al primarului', '<h2>Raport</h2>\n\n<p style="text-align: justify;">Racordarea cuantumului taxelor vamale şi taxelor pentru procedurile vamale la practica şi angajamentele asumate faţă de organizaţiile internaţionale la care Republica Moldova este parte (Organizaţia Mondială a Comerţului şi Organizaţia Mondială a Vămilor) şi implementarea recomandărilor UE &icirc;n domeniu;</p>\n\n<p style="text-align: justify;">Introducerea normelor şi standardelor internaţionale &icirc;n domeniul vamal &icirc;n vederea reducerii duratei şi costurilor efectiv suportate de agenţii economici pentru vămuirea mărfurilor &icirc;n vamă;</p>\n\n<p style="text-align: justify;">Racordarea cadrului normativ naţional la standardele şi practicile UE prin prisma unei abordări &icirc;n ansamblu şi nediscriminatorii a regulilor de origine şi aplicării uniforme a acestora pentru toate companiile pe &icirc;ntreg teritoriul Republicii Moldova, inclusiv &icirc;n zonele economice libere;<br />\nOptimizarea interacţiunii &icirc;n cadrul administrării fiscale şi vamale cu scopul eficientizării şi reducerii poverii administrative şi de control asupra mediului de afaceri;&nbsp;</p>\n\n<p style="text-align: justify;">Continuarea dialogului eficient cu instituţiile financiare internaţionale, inclusiv cu Fondul Monetar Internaţional şi ţările donatoare;<br />\nCrearea unui sistem eficient de trasabilitate a documentelor de strictă evidenţă şi a celor cu grade de protecţie emise de stat, inclusiv examinarea posibilităţii creării Imprimeriei de Stat.&nbsp;</p>\n\n<p style="text-align: justify;">Racordarea cadrului normativ naţional la standardele şi practicile UE prin prisma unei abordări &icirc;n ansamblu şi nediscriminatorii a regulilor de origine şi aplicării uniforme a acestora pentru toate companiile pe &icirc;ntreg teritoriul Republicii Moldova, inclusiv &icirc;n zonele economice libere;<br />\nOptimizarea interacţiunii &icirc;n cadrul administrării fiscale şi vamale cu scopul eficientizării şi reducerii poverii administrative şi de control asupra mediului de afaceri;&nbsp;<br />\nContinuarea dialogului eficient cu instituţiile financiare internaţionale, inclusiv cu Fondul Monetar Internaţional şi ţările donatoare;<br />\nCrearea unui sistem eficient de trasabilitate a documentelor de strictă evidenţă şi a celor cu grade de protecţie emise de stat, inclusiv examinarea posibilităţii creării Imprimeriei de Stat.&nbsp;</p>\n\n<p>&nbsp;</p>\n', 'raportul-anual-al-primarului', 207, 1, 1),
(393, 'Годовой отчёт примара', '', 'godovoy-otcht-primara', 207, 2, 0),
(398, 'Planuri de acțiune', '', 'planuri-de-actiune', 210, 1, 1),
(399, 'Планы действий', '', 'plan-dystviy', 210, 2, 0),
(400, 'Servicii comunale', '', 'servicii-comunale', 211, 1, 1),
(401, 'Коммунальные услуги', '', 'kommunalyn-uslugi', 211, 2, 0),
(402, 'Alte entități', '', 'alte-entitati', 212, 1, 1),
(403, 'Другие субъекты', '', 'drugi-subakt', 212, 2, 0),
(404, 'Ce este consiliul local?', '<h2>Consiliul local</h2>\n\n<p>Lorem ipsum dolor sit amet, consectetuer adipiscing elit, sed diam nonummy nibh euismod tincidunt ut laoreet dolore magna aliquam erat volutpat. Ut wisi enim ad minim veniam, quis nostrud exerci tation ullamcorper suscipit lobortis nisl ut aliquip ex ea commodo consequat. Duis autem vel eum iriure dolor in hendrerit in vulputate velit esse molestie consequat, vel illum dolore eu feugiat nulla facilisis at vero eros et accumsan et iusto odio dignissim qui blandit praesent luptatum zzril delenit augue duis dolore te feugait nulla facilisi. Nam liber tempor cum soluta nobis eleifend option congue nihil imperdiet doming id quod mazim placerat facer possim assum. Typi non habent claritatem insitam; est usus legentis in iis qui facit eorum claritatem. Investigationes demonstraverunt lectores legere me lius quod ii legunt saepius. Claritas est etiam processus dynamicus, qui sequitur mutationem consuetudium lectorum. Mirum est notare quam littera gothica, quam nunc putamus parum claram, anteposuerit litterarum formas humanitatis per seacula quarta decima et quinta decima. Eodem modo typi, qui nunc nobis videntur parum clari, fiant sollemnes in futurum.</p>\n\n<p>&nbsp;</p>\n', 'ce-este-consiliul-local', 213, 1, 1),
(405, 'Что такое местный совет?', '', 'chto-tako-mstny-sovt', 213, 2, 0),
(406, 'Ședințele consiliului', '', 'sedintele-consiliului', 214, 1, 1),
(407, 'Заседания совета', '', 'zasdaniya-sovta', 214, 2, 0),
(408, 'Secretarul consiliului local', '', 'secretarul-consiliului-local', 215, 1, 1),
(409, 'Секретарь местного совета', '', 'skrtary-mstnogo-sovta', 215, 2, 0),
(410, 'Consilieri locali și domeniile de responsabilitate', '', 'consilieri-locali-si-domeniile-de-responsabilitate', 216, 1, 1),
(411, 'Местные советники и сферы ответственности', '', 'mstn-sovtniki-i-sfr-otvtstvnnosti', 216, 2, 0),
(412, 'Programul de audiență al consilierilor locali', '', 'programul-de-audienta-al-consilierilor-locali', 217, 1, 1),
(413, 'График приёма местных советников', '', 'grafik-prima-mstnh-sovtnikov', 217, 2, 0),
(414, 'Arhiva deciziilor anterioare', '', 'arhiva-deciziilor-anterioare', 218, 1, 1),
(415, 'Архив предыдущих решений', '', 'arhiv-prddushtih-rshniy', 218, 2, 0),
(416, 'Ordinea de zi', '', 'ordinea-de-zi', 219, 1, 1),
(417, 'Повестка дня следующего заседания', '', 'povstka-dnya-slduyushtgo-zasdaniya', 219, 2, 0),
(418, 'Ședințe anterioare', '', 'sedinte-anterioare', 220, 1, 1),
(419, 'Предыдущие заседания', '', 'prddushti-zasdaniya', 220, 2, 0),
(420, 'Calendarul ședințelor viitoare', '', 'calendarul-sedintelor-viitoare', 221, 1, 1),
(421, 'График будущих заседаний', '', 'grafik-budushtih-zasdaniy', 221, 2, 0),
(422, 'Privește on-line ședințele consiliului', '<p style="text-align: center;"><iframe frameborder="0" height="302" scrolling="no" src="http://www.ustream.tv/embed/9600798?v=3&amp;wmode=direct" style="border: 0px none transparent;" width="480"></iframe></p>\n', 'priveste-on-line-sedintele-consiliului', 222, 1, 1),
(423, 'Смотрите в режиме онлайн заседания совета', '', 'smotrit-v-rzhim-onlayn-zasdaniya-sovta', 222, 2, 0),
(424, 'Comisia urbanism', '', 'comisia-urbanism', 223, 1, 1),
(425, 'Комиссия по градостроительству', '', 'komissiya-po-gradostroitlystvu', 223, 2, 0),
(426, 'Comisia buget, finanțe și economie', '', 'comisia-buget-finante-si-economie', 224, 1, 1),
(427, 'Комиссия по бюджету, финансам и экономике', '', 'komissiya-po-byudzhtu-finansam-i-konomik', 224, 2, 0),
(428, 'Comisia juridică', '', 'comisia-juridica', 225, 1, 1),
(429, 'Комиссия по правовым вопросам', '', 'komissiya-po-pravovm-voprosam', 225, 2, 0),
(430, 'Comisia socială', '', 'comisia-sociala', 226, 1, 1),
(431, 'Комиссия по социальным вопросам', '', 'komissiya-po-sotsialynm-voprosam', 226, 2, 0),
(432, 'Strategia de dezvoltare socio-economică a orașului', '', 'strategia-de-dezvoltare-socio-economica-a-orasului', 227, 1, 1),
(433, 'Стратегия социально-экономического развития города', '', 'stratgiya-sotsialyno-konomichskogo-razvitiya-goroda', 227, 2, 0),
(434, 'Planul urbanistic general', '', 'planul-urbanistic-general', 228, 1, 1),
(435, 'Генеральный план градостроительства', '', 'gnralyny-plan-gradostroitlystva', 228, 2, 0),
(436, 'Planul de acțiuni privind eficiența energatică', '', 'planul-de-actiuni-privind-eficienta-energatica', 229, 1, 1);
INSERT INTO `apl_post_lang` (`id`, `title`, `text`, `uri`, `post_id`, `lang_id`, `enabled`) VALUES
(437, 'Планы действий по энергоэффективности', '', 'plan-dystviy-po-nrgoffktivnosti', 229, 2, 0),
(438, 'Programul local de eficiență energetică', '', 'programul-local-de-eficienta-energetica', 230, 1, 1),
(439, 'Местная программа энергоэффективности', '', 'mstnaya-programma-nrgoffktivnosti', 230, 2, 0),
(440, 'Politici de protecție a mediului', '', 'politici-de-protectie-a-mediului', 231, 1, 1),
(441, 'Политики охраны окружающей среды', '', 'politiki-ohran-okruzhayushty-srd', 231, 2, 0),
(442, 'Planul de îmbunătățire a serviciului municipal', '', 'planul-de-imbunatatire-a-serviciului-municipal', 232, 1, 1),
(443, 'План улучшения муниципальной службы (услуги)', '', 'plan-uluchshniya-munitsipalynoy-sluzhb-uslugi', 232, 2, 0),
(444, 'Politici de protecție a familiei și copilului', '', 'politici-de-protectie-a-familiei-si-copilului', 233, 1, 1),
(445, 'Политики защиты семьи и ребёнка', '', 'politiki-zashtit-smyi-i-rbnka', 233, 2, 0),
(446, 'Locuință și protecție socială', '', 'locuinta-si-protectie-sociala', 234, 1, 1),
(447, 'Жильё и социальная защита', '', 'zhily-i-sotsialynaya-zashtita', 234, 2, 0),
(448, 'Întrebări frecvente', '', 'intrebari-frecvente-448', 235, 1, 1),
(449, 'Часто задаваемые вопросы', '', 'chasto-zadavam-vopros-449', 235, 2, 0),
(450, 'Legislația privind transparența decizională și accesul la informații', '', 'legislatia-privind-transparenta-decizionala-si-accesul-la-informatii', 236, 1, 1),
(451, 'Законодательство о прозрачности и доступ к информации', '', 'zakonodatlystvo-o-prozrachnosti-i-dostup-k-informatsii', 236, 2, 0),
(452, 'Înregistrări video', '', 'inregistrari-video', 237, 1, 1),
(453, 'Видеозаписи', '', 'vidozapisi', 237, 2, 0),
(454, 'Adresează o întrebare primarului', '<p>[complaint_form]</p>\n', 'adreseaza-o-intrebare-primarului', 238, 1, 1),
(455, 'Задайте вопрос примару', '', 'zadayt-vopros-primaru', 238, 2, 0),
(456, 'Noutăți și alerte', '', 'noutati-si-alerte', 239, 1, 1),
(457, 'Новости и объявления', '', 'novosti-i-obayavlniya', 239, 2, 0),
(458, 'Anunțuri de achiziții publice', '', 'anunturi-de-achizitii-publice', 240, 1, 1),
(459, 'Объявления о государственных закупках товаров и услуг', '', 'obayavlniya-o-gosudarstvnnh-zakupkah-tovarov-i-uslug', 240, 2, 0),
(460, 'Posturi vacante curente', '', 'posturi-vacante-curente', 241, 1, 1),
(461, 'Текущие вакансии', '', 'tkushti-vakansii', 241, 2, 0),
(462, 'Stagii și voluntariat în cadrul primăriei', '', 'stagii-si-voluntariat-in-cadrul-primariei', 242, 1, 1),
(463, 'Стажировки и добровольчество в примэрии', '', 'stazhirovki-i-dobrovolychstvo-v-primrii', 242, 2, 0),
(464, 'Bugetul local (veniturile și cheltuielile orașului)', '', 'bugetul-local-veniturile-si-cheltuielile-orasului', 243, 1, 1),
(465, 'Местный бюджет (доходы и расходы города)', '', 'mstny-byudzht-dohod-i-rashod-goroda', 243, 2, 0),
(466, 'Cum se cheltuie banii publici', '', 'cum-se-cheltuie-banii-publici', 244, 1, 1),
(467, 'Как используются государственные деньги', '', 'kak-ispolyzuyutsya-gosudarstvnn-dnygi', 244, 2, 0),
(468, 'Cheltuielile pentru instituții subordonate', '', 'cheltuielile-pentru-institutii-subordonate', 245, 1, 1),
(469, 'Затраты на подведомственные учреждения', '', 'zatrat-na-podvdomstvnn-uchrzhdniya', 245, 2, 0),
(470, 'Managementul proprietății publice', '', 'managementul-proprietatii-publice', 246, 1, 1),
(471, 'Управление общественной собственностью', '', 'upravlni-obshtstvnnoy-sobstvnnostyyu', 246, 2, 0),
(472, 'Proiecte de decizii propuse spre consultare cu publicul și materialele aferente', '', 'proiecte-de-decizii-propuse-spre-consultare-cu-publicul-si-materialele-aferente', 247, 1, 1),
(473, 'Проекты решений с соответствующими материалами, представленные на обсуждение с общественностью', '', 'prokt-rshniy-s-sootvtstvuyushtimi-matrialami-prdstavlnn-na-obsuzhdni-s-obshtstvnnostyyu', 247, 2, 0),
(474, 'Proiecte consultate, sinteza recomandărilor recepționate, procesul verbal', '', 'proiecte-consultate-sinteza-recomandarilor-receptionate-procesul-verbal', 248, 1, 1),
(475, 'Обсуждённые проекты, анализ полученных рекомендации, протокол', '', 'obsuzhdnn-prokt-analiz-poluchnnh-rkomndatsii-protokol', 248, 2, 0),
(476, 'Dezbateri publice', '', 'dezbateri-publice', 249, 1, 1),
(477, 'Общественные обсуждения', '', 'obshtstvnn-obsuzhdniya', 249, 2, 0),
(478, 'Sondaje on-line', '', 'sondaje-on-line', 250, 1, 1),
(479, 'Онлайн опросы', '', 'onlayn-opros', 250, 2, 0),
(480, 'Proiecte finalizate', '', 'proiecte-finalizate', 251, 1, 1),
(481, 'Завершенные проекты', '', 'zavrshnn-prokt', 251, 2, 0),
(482, 'Proiecte curente', '', 'proiecte-curente', 252, 1, 1),
(483, 'Текущие проекты', '', 'tkushti-prokt', 252, 2, 0),
(484, 'hj gjghj gfh jghj ghf hjghjfg h', '<p>dtf yghdgfhgfh dfgh hgdtf yghdgfhgfh dfgh hgdtf yghdgfhgfh dfgh hgdtf yghdgfhgfh dfgh hgdtf yghdgfhgfh dfgh hgdtf yghdgfhgfh dfgh hgdtf yghdgfhgfh dfgh hgdtf yghdgfhgfh dfgh hgdtf yghdgfhgfh dfgh hgdtf yghdgfhgfh dfgh hgdtf yghdgfhgfh dfgh hgdtf yghdgfhgfh dfgh hgdtf yghdgfhgfh dfgh hgdtf yghdgfhgfh dfgh hgdtf yghdgfhgfh dfgh hgdtf yghdgfhgfh dfgh hgdtf yghdgfhgfh dfgh hgdtf yghdgfhgfh dfgh hgdtf yghdgfhgfh dfgh hgdtf yghdgfhgfh dfgh hgdtf yghdgfhgfh dfgh hgdtf yghdgfhgfh dfgh hgdtf yghdgfhgfh dfgh hgdtf yghdgfhgfh dfgh hgdtf yghdgfhgfh dfgh hgdtf yghdgfhgfh dfgh hgdtf yghdgfhgfh dfgh hgdtf yghdgfhgfh dfgh hgdtf yghdgfhgfh dfgh hgdtf yghdgfhgfh dfgh hgdtf yghdgfhgfh dfgh hgdtf yghdgfhgfh dfgh hgdtf yghdgfhgfh dfgh hgdtf yghdgfhgfh dfgh hgdtf yghdgfhgfh dfgh hgdtf yghdgfhgfh dfgh hgdtf yghdgfhgfh dfgh hgdtf yghdgfhgfh dfgh hgdtf yghdgfhgfh dfgh hgdtf yghdgfhgfh dfgh hgdtf yghdgfhgfh dfgh hgdtf yghdgfhgfh dfgh hgdtf yghdgfhgfh dfgh hgdtf yghdgfhgfh dfgh hgdtf yghdgfhgfh dfgh hgdtf yghdgfhgfh dfgh hgdtf yghdgfhgfh dfgh hgdtf yghdgfhgfh dfgh hgdtf yghdgfhgfh dfgh hgdtf yghdgfhgfh dfgh hg</p>\n', 'hj-gjghj-gfh-jghj-ghf-hjghjfg-h', 253, 1, 1),
(485, '', '', '485', 253, 2, 0),
(486, ' Doresc sa-mi reintregesc familia pe teritoriul Moldovei!', '<p><span style="color:rgb(75, 75, 75); font-family:open_sanssemibold; font-size:14px">Potrivit legii azilului din Rom&acirc;nia, &icirc;n conformitate cu prevederile Convenţiei de la Geneva din 1951, statutul de refugiat se recunoaşte, la cerere, cetăţeanului străin care, &icirc;n urma unei temeri bine &icirc;ntemeiate de a fi persecutat pe motive de rasă, religie, naţionalitate, opinii politice sau apartenenţă la un anumit grup social, se află &icirc;n afara ţării de origine şi care nu poate sau, datorită acestei temeri, nu doreşte protecţia acestei ţări, precum şi persoanei fără cetăţenie care, fiind &icirc;n afara ţării &icirc;n care &icirc;şi avea reşedinţa obişnuită datorită aceloraşi motive menţionate mai sus, nu poate sau, datorită respectivei temeri, nu doreşte să se re&icirc;ntoarcă.</span></p>\n', '-doresc-sa-mi-reintregesc-familia-pe-teritoriul-moldovei-486', 254, 1, 1),
(487, '', '', '487', 254, 2, 0),
(488, ' Care sunt noile State Membre?', '<p><span style="color:rgb(75, 75, 75); font-family:open_sanssemibold; font-size:14px">Potrivit legii azilului din Rom&acirc;nia, &icirc;n conformitate cu prevederile Convenţiei de la Geneva din 1951, statutul de refugiat se recunoaşte, la cerere, cetăţeanului străin care, &icirc;n urma unei temeri bine &icirc;ntemeiate de a fi persecutat pe motive de rasă, religie, naţionalitate, opinii politice sau apartenenţă la un anumit grup social, se află &icirc;n afara ţării de origine şi care nu poate sau, datorită acestei temeri, nu doreşte protecţia acestei ţări, precum şi persoanei fără cetăţenie care, fiind &icirc;n afara ţării &icirc;n care &icirc;şi avea reşedinţa obişnuită datorită aceloraşi motive menţionate mai sus, nu poate sau, datorită respectivei temeri, nu doreşte să se re&icirc;ntoarcă.</span></p>\n', '-care-sunt-noile-state-membre', 255, 1, 1),
(489, '', '', '489', 255, 2, 0),
(490, ' Necesită cetăţenii noilor State Membre permise de muncă pentru a se angaja în Irlanda?', '<p><span style="color:rgb(75, 75, 75); font-family:open_sanssemibold; font-size:14px">Potrivit legii azilului din Rom&acirc;nia, &icirc;n conformitate cu prevederile Convenţiei de la Geneva din 1951, statutul de refugiat se recunoaşte, la cerere, cetăţeanului străin care, &icirc;n urma unei temeri bine &icirc;ntemeiate de a fi persecutat pe motive de rasă, religie, naţionalitate, opinii politice sau apartenenţă la un anumit grup social, se află &icirc;n afara ţării de origine şi care nu poate sau, datorită acestei temeri, nu doreşte protecţia acestei ţări, precum şi persoanei fără cetăţenie care, fiind &icirc;n afara ţării &icirc;n care &icirc;şi avea reşedinţa obişnuită datorită aceloraşi motive menţionate mai sus, nu poate sau, datorită respectivei temeri, nu doreşte să se re&icirc;ntoarcă.</span></p>\n', '-necesita-cetatenii-noilor-state-membre-permise-de-munca-pentru-a-se-angaja-in-irlanda', 256, 1, 1),
(491, '', '', '491', 256, 2, 0),
(492, ' Cetăţenii noilor State Membre au aceleaşi drepturi la muncă ca şi cetăţenii Irlandei?', '<p><span style="color:rgb(75, 75, 75); font-family:open_sanssemibold; font-size:14px">Potrivit legii azilului din Rom&acirc;nia, &icirc;n conformitate cu prevederile Convenţiei de la Geneva din 1951, statutul de refugiat se recunoaşte, la cerere, cetăţeanului străin care, &icirc;n urma unei temeri bine &icirc;ntemeiate de a fi persecutat pe motive de rasă, religie, naţionalitate, opinii politice sau apartenenţă la un anumit grup social, se află &icirc;n afara ţării de origine şi care nu poate sau, datorită acestei temeri, nu doreşte protecţia acestei ţări, precum şi persoanei fără cetăţenie care, fiind &icirc;n afara ţării &icirc;n care &icirc;şi avea reşedinţa obişnuită datorită aceloraşi motive menţionate mai sus, nu poate sau, datorită respectivei temeri, nu doreşte să se re&icirc;ntoarcă.</span></p>\n', '-cetatenii-noilor-state-membre-au-aceleasi-drepturi-la-munca-ca-si-cetatenii-irlandei', 257, 1, 1),
(493, '', '', '493', 257, 2, 0),
(494, ' Cetăţenii noilor State Membre au dreptul de a se înregistra la FÁS pentru angajare?', '<p><span style="color:rgb(75, 75, 75); font-family:open_sanssemibold; font-size:14px">Potrivit legii azilului din Rom&acirc;nia, &icirc;n conformitate cu prevederile Convenţiei de la Geneva din 1951, statutul de refugiat se recunoaşte, la cerere, cetăţeanului străin care, &icirc;n urma unei temeri bine &icirc;ntemeiate de a fi persecutat pe motive de rasă, religie, naţionalitate, opinii politice sau apartenenţă la un anumit grup social, se află &icirc;n afara ţării de origine şi care nu poate sau, datorită acestei temeri, nu doreşte protecţia acestei ţări, precum şi persoanei fără cetăţenie care, fiind &icirc;n afara ţării &icirc;n care &icirc;şi avea reşedinţa obişnuită datorită aceloraşi motive menţionate mai sus, nu poate sau, datorită respectivei temeri, nu doreşte să se re&icirc;ntoarcă.</span></p>\n', '-cetatenii-noilor-state-membre-au-dreptul-de-a-se-inregistra-la-fas-pentru-angajare', 258, 1, 1),
(495, '', '', '495', 258, 2, 0),
(496, ' Cetăţenii noilor State Membre au acces la Cursurile de Instruire şi la Programele de Angajare FÁS?', '<p><span style="color:rgb(75, 75, 75); font-family:open_sanssemibold; font-size:14px">Potrivit legii azilului din Rom&acirc;nia, &icirc;n conformitate cu prevederile Convenţiei de la Geneva din 1951, statutul de refugiat se recunoaşte, la cerere, cetăţeanului străin care, &icirc;n urma unei temeri bine &icirc;ntemeiate de a fi persecutat pe motive de rasă, religie, naţionalitate, opinii politice sau apartenenţă la un anumit grup social, se află &icirc;n afara ţării de origine şi care nu poate sau, datorită acestei temeri, nu doreşte protecţia acestei ţări, precum şi persoanei fără cetăţenie care, fiind &icirc;n afara ţării &icirc;n care &icirc;şi avea reşedinţa obişnuită datorită aceloraşi motive menţionate mai sus, nu poate sau, datorită respectivei temeri, nu doreşte să se re&icirc;ntoarcă.</span></p>\n', '-cetatenii-noilor-state-membre-au-acces-la-cursurile-de-instruire-si-la-programele-de-angajare-fas', 259, 1, 1),
(497, '', '', '497', 259, 2, 0),
(498, 'Gradinita: MishMail', '', 'gradinita-mishmail', 260, 1, 1),
(499, '', '', '499', 260, 2, 0),
(500, 'Gradinita: Tom si Jerry', '', 'gradinita-tom-si-jerry', 261, 1, 1),
(501, '', '', '501', 261, 2, 0),
(502, 'Rapoarte anuale', '', 'rapoarte-anuale', 262, 1, 1),
(503, 'Годовые отчёты', '', 'godov-otcht', 262, 2, 0),
(512, 'RAPOARTE ȘI PLANURI DE ACTIVITATE', '<p><span style="color:rgb(52, 52, 52); font-family:open_sanssemibold; font-size:17px">Lorem Ipsum&nbsp;este pur şi simplu o machetă pentru text a industriei tipografice. Lorem Ipsum a fost macheta standard a industriei &icirc;ncă din secolul al XVI-lea, c&acirc;nd un tipograf anonim a luat o planşetă de litere şi le-a amestecat pentru a crea o carte demonstrativă pentru literele respective. Nu doar că a supravieţuit timp de cinci secole, dar şi a facut saltul &icirc;n tipografia electronică practic neschimbată. A fost popularizată &icirc;n anii &#39;60 odată cu ieşirea colilor Letraset care conţineau pasaje&nbsp;</span></p>\n', 'rapoarte-si-planuri-de-activitate-512', 266, 1, 1),
(513, '', '', '513', 266, 2, 0),
(515, 'Lorem ipsum', '<p>Lorem Ipsum&nbsp;este pur şi simplu o machetă pentru text a industriei tipografice. Lorem Ipsum a fost macheta standard a industriei &icirc;ncă din secolul al XVI-lea, c&acirc;nd un tipograf anonim a luat o planşetă de litere şi le-a amestecat pentru a crea o carte demonstrativă pentru literele respective. Nu doar că a supravieţuit timp de cinci secole, dar şi a facut saltul &icirc;n tipografia electronică practic&nbsp;</p>\n\n<p>Lorem Ipsum&nbsp;este pur şi simplu o machetă pentru text a industriei tipografice. Lorem Ipsum a fost macheta standard a industriei &icirc;ncă din secolul al XVI-lea, c&acirc;nd un tipograf anonim a luat o planşetă de litere şi le-a amestecat pentru a crea o carte demonstrativă pentru literele respective. Nu doar că a supravieţuit timp de cinci secole, dar şi a facut saltul &icirc;n tipografia electronică practic&nbsp;</p>\n\n<p>Lorem Ipsum&nbsp;este pur şi simplu o machetă pentru text a industriei tipografice. Lorem Ipsum a fost macheta standard a industriei &icirc;ncă din secolul al XVI-lea, c&acirc;nd un tipograf anonim a luat o planşetă de litere şi le-a amestecat pentru a crea o carte demonstrativă pentru literele respective. Nu doar că a supravieţuit timp de cinci secole, dar şi a facut saltul &icirc;n tipografia electronică practic&nbsp;</p>\n\n<p>Lorem Ipsum&nbsp;este pur şi simplu o machetă pentru text a industriei tipografice. Lorem Ipsum a fost macheta standard a industriei &icirc;ncă din secolul al XVI-lea, c&acirc;nd un tipograf anonim a luat o planşetă de litere şi le-a amestecat pentru a crea o carte demonstrativă pentru literele respective. Nu doar că a supravieţuit timp de cinci secole, dar şi a facut saltul &icirc;n tipografia electronică practic&nbsp;</p>\n\n<p>Lorem Ipsum&nbsp;este pur şi simplu o machetă pentru text a industriei tipografice. Lorem Ipsum a fost macheta standard a industriei &icirc;ncă din secolul al XVI-lea, c&acirc;nd un tipograf anonim a luat o planşetă de litere şi le-a amestecat pentru a crea o carte demonstrativă pentru literele respective. Nu doar că a supravieţuit timp de cinci secole, dar şi a facut saltul &icirc;n tipografia electronică practic&nbsp;</p>\n', 'lorem-ipsum', 267, 1, 1),
(516, '', '', '516', 267, 2, 0),
(518, 'test', '', 'test', 268, 1, 1),
(519, '', '', '519', 268, 2, 0),
(521, 'fgfg hfghdf hgdhdfghgf dhgfh fghfg ', '', 'fgfg-hfghdf-hgdhdfghgf-dhgfh-fghfg-', 269, 1, 1),
(522, '', '', '522', 269, 2, 0),
(524, 'Coș cu pagini șterse', '', 'cos-cu-pagini-sterse', 270, 1, 0),
(525, 'Удаленные страницы', '', 'udalnn-stranits', 270, 2, 0),
(527, '', '', '527', 271, 1, 1),
(528, '', '', '528', 271, 2, 0),
(530, 'retrerr', '<p>&nbsp;</p>\n\n<p>ljkl</p>\n\n<p>g</p>\n\n<p>fxhgxxb</p>\n\n<p>bcb</p>\n\n<p>fgfhdsgsdgsdchghfh</p>\n\n<p>&nbsp;</p>\n', 'retrerr', 272, 1, 1),
(531, '', '', '531', 272, 2, 0),
(533, 'test inca o data0', '', 'test-inca-o-data0', 273, 1, 1),
(534, '', '', '534', 273, 2, 0),
(744, '', '', '744', 19, 6, 0),
(745, '', '', '745', 20, 6, 0),
(746, '', '', '746', 21, 6, 0),
(747, '', '', '747', 22, 6, 0),
(748, '', '', '748', 23, 6, 0),
(749, '', '', '749', 24, 6, 0),
(750, '', '', '750', 27, 6, 0),
(751, '', '', '751', 31, 6, 0),
(752, '', '', '752', 33, 6, 0),
(753, '', '', '753', 35, 6, 0),
(754, '', '', '754', 37, 6, 0),
(755, '', '', '755', 38, 6, 0),
(756, '', '', '756', 40, 6, 0),
(757, '', '', '757', 41, 6, 0),
(758, '', '', '758', 48, 6, 0),
(759, '', '', '759', 49, 6, 0),
(760, '', '', '760', 53, 6, 0),
(761, '', '', '761', 54, 6, 0),
(762, '', '', '762', 56, 6, 0),
(763, '', '', '763', 62, 6, 0),
(764, '', '', '764', 63, 6, 0),
(765, '', '', '765', 64, 6, 0),
(766, '', '', '766', 65, 6, 0),
(767, '', '', '767', 66, 6, 0),
(768, '', '', '768', 71, 6, 0),
(769, '', '', '769', 72, 6, 0),
(770, '', '', '770', 75, 6, 0),
(771, '', '', '771', 81, 6, 0),
(772, '', '', '772', 82, 6, 0),
(773, '', '', '773', 84, 6, 0),
(774, '', '', '774', 85, 6, 0),
(775, '', '', '775', 86, 6, 0),
(776, '', '', '776', 87, 6, 0),
(777, '', '', '777', 88, 6, 0),
(778, '', '', '778', 90, 6, 0),
(779, '', '', '779', 91, 6, 0),
(780, '', '', '780', 92, 6, 0),
(781, 'Contacts', '', 'contacts', 95, 6, 0),
(782, '', '', '782', 97, 6, 0),
(783, '', '', '783', 98, 6, 0),
(784, '', '', '784', 101, 6, 0),
(785, 'System error', '', 'system-error', 102, 6, 0),
(786, 'Citizens and business', '', 'citizens-and-business', 103, 6, 0),
(787, 'Mayoralty', '', 'mayoralty', 104, 6, 0),
(788, 'Local council', '', 'local-council', 105, 6, 0),
(789, 'Transparency', '', 'transparency', 106, 6, 0),
(790, 'Social benefits and aid', '', 'social-benefits-and-aid', 107, 6, 0),
(791, 'Local fees and taxes', '', 'local-fees-and-taxes', 108, 6, 0),
(792, 'Business and entrepreneurship', '', 'business-and-entrepreneurship', 109, 6, 0),
(793, 'Permits and certificates', '', 'permits-and-certificates', 110, 6, 0),
(794, 'Education, culture, tourism and sport', '', 'education-culture-tourism-and-sport', 111, 6, 0),
(795, 'Citizens involvement', '', 'citizens-involvement', 112, 6, 0),
(796, 'Citizens consultation', '', 'citizens-consultation', 113, 6, 0),
(797, 'Samples of documents/blank forms', '', 'samples-of-documents-blank-forms', 114, 6, 0),
(798, 'Mayoralty', '', 'mayoralty-798', 115, 6, 0),
(799, 'Reports and action plans', '', 'reports-and-action-plans', 116, 6, 0),
(800, 'Subordinated enterprises', '', 'subordinated-enterprises', 117, 6, 0),
(801, 'Local council', '', 'local-council-801', 118, 6, 0),
(802, 'Specialized committees', '', 'specialized-committees', 119, 6, 0),
(803, 'Strategies, plans and policies', '', 'strategies-plans-and-policies', 120, 6, 0),
(804, 'What is transparency?', '', 'what-is-transparency', 121, 6, 0),
(805, 'Dialogue with citizens', '', 'dialogue-with-citizens', 122, 6, 0),
(806, 'Public information', '', 'public-information', 123, 6, 0),
(807, 'Local public finances', '', 'local-public-finances', 124, 6, 0),
(808, 'Public consultation', '', 'public-consultation', 125, 6, 0),
(809, 'Local projects', '', 'local-projects', 126, 6, 0),
(810, 'Contacts and usefull addresses', '', 'contacts-and-usefull-addresses', 127, 6, 0),
(811, 'Site map', '', 'site-map', 128, 6, 0),
(812, 'Annual income and interest statement', '', 'annual-income-and-interest-statement', 129, 6, 0),
(813, 'Errors', '', 'errors', 130, 6, 0),
(814, 'Page not found', '', 'page-not-found', 131, 6, 0),
(815, 'Social benefits for families', '', 'social-benefits-for-families', 132, 6, 0),
(816, 'Labor registry office/ unemployment benefits', '', 'labor-registry-office-unemployment-benefits', 133, 6, 0),
(817, 'Retirement and social support', '', 'retirement-and-social-support', 134, 6, 0),
(818, 'Social advisory', '', 'social-advisory', 135, 6, 0),
(819, 'Local medical facilities', '', 'local-medical-facilities', 136, 6, 0),
(820, 'Death and benefits', '', 'death-and-benefits', 137, 6, 0),
(821, 'Shelter-care facilities and homes for elderly', '', 'shelter-care-facilities-and-homes-for-elderly', 138, 6, 0),
(822, 'Domestic violence / emergency cases', '', 'domestic-violence-emergency-cases', 139, 6, 0),
(823, 'Report a social fraud', '', 'report-a-social-fraud', 140, 6, 0),
(824, 'Faq/application samples/guide for filling application form', '', 'faq-application-samples-guide-for-filling-application-form', 141, 6, 0),
(825, 'Faq', '', 'faq', 142, 6, 0),
(826, 'Application samples', '', 'application-samples', 143, 6, 0),
(827, 'Guide for filling application form', '', 'guide-for-filling-application-form', 144, 6, 0),
(828, 'Local fees and taxes', '', 'local-fees-and-taxes-828', 145, 6, 0),
(829, 'Advertising fee', '', 'advertising-fee', 146, 6, 0),
(830, 'Fee for tenders/lotteries organisation', '', 'fee-for-tenders-lotteries-organisation', 147, 6, 0),
(831, 'Fee for commercial establishments', '', 'fee-for-commercial-establishments', 148, 6, 0),
(832, 'Market fee', '', 'market-fee', 149, 6, 0),
(833, 'Accommodation fee', '', 'accommodation-fee', 150, 6, 0),
(834, 'Parking fee', '', 'parking-fee', 151, 6, 0),
(835, 'Fee for street establishments', '', 'fee-for-street-establishments', 152, 6, 0),
(836, 'Tax on real estate', '', 'tax-on-real-estate', 153, 6, 0),
(837, 'Faq/ samples of documents/ guide on fees and taxes', '', 'faq-samples-of-documents-guide-on-fees-and-taxes', 154, 6, 0),
(838, 'Faq', '', 'faq-838', 155, 6, 0),
(839, 'Samples of documents', '', 'samples-of-documents', 156, 6, 0),
(840, 'Guide on fees and taxes', '', 'guide-on-fees-and-taxes', 157, 6, 0),
(841, 'Invest in xxxxxxxxx town', '', 'invest-in-xxxxxxxxx-town', 158, 6, 0),
(842, 'How to register a company', '', 'how-to-register-a-company', 159, 6, 0),
(843, 'How to register a farm', '', 'how-to-register-a-farm', 160, 6, 0),
(844, 'How to register a sole proprietorship', '', 'how-to-register-a-sole-proprietorship', 161, 6, 0),
(845, 'Business hubs and consulting companies', '', 'business-hubs-and-consulting-companies', 162, 6, 0),
(846, 'Permit for commercial establishments', '', 'permit-for-commercial-establishments', 163, 6, 0),
(847, 'Building permit', '', 'building-permit', 164, 6, 0),
(848, 'Demolition permit', '', 'demolition-permit', 165, 6, 0),
(849, 'Certificate for urban design', '', 'certificate-for-urban-design', 166, 6, 0),
(850, 'Certificate of lack / existence of arrears', '', 'certificate-of-lack-existence-of-arrears', 167, 6, 0),
(851, 'Family composition certificate', '', 'family-composition-certificate', 168, 6, 0),
(852, 'Certificate required for house or commercial establishment construction', '', 'certificate-required-for-house-or-commercial-establishment-construction', 169, 6, 0),
(853, 'Library, museum and theatre', '', 'library-museum-and-theatre', 171, 6, 0),
(854, 'Faq / application samples / guide for filling application form', '', 'faq-application-samples-guide-for-filling-application-form-854', 172, 6, 0),
(855, 'Faq', '', 'faq-855', 173, 6, 0),
(856, 'Application samples', '', 'application-samples-856', 174, 6, 0),
(857, 'Guide for filling application form', '', 'guide-for-filling-application-form-857', 175, 6, 0),
(858, 'Kindergartens, schools, highschools', '', 'kindergartens-schools-highschools', 176, 6, 0),
(859, 'College and university', '', 'college-and-university', 177, 6, 0),
(860, 'Parks, recreation areas and sport', '', 'parks-recreation-areas-and-sport', 178, 6, 0),
(861, 'Tourist attractions', '', 'tourist-attractions', 179, 6, 0),
(862, 'About town', '', 'about-town', 180, 6, 0),
(863, 'How to get to town / geographical location', '', 'how-to-get-to-town-geographical-location', 181, 6, 0),
(864, 'History of the town', '', 'history-of-the-town', 182, 6, 0),
(865, 'Famous personalities', '', 'famous-personalities', 183, 6, 0),
(866, 'Sister towns', '', 'sister-towns', 184, 6, 0),
(867, 'Citizens council', '', 'citizens-council', 185, 6, 0),
(868, 'Youth council', '', 'youth-council', 186, 6, 0),
(869, 'Local committees', '', 'local-committees', 187, 6, 0),
(870, 'Register yourself online for consultation', '', 'register-yourself-online-for-consultation', 188, 6, 0),
(871, 'Citizen consultation schedule', '', 'citizen-consultation-schedule', 189, 6, 0),
(872, 'Talk online with the mayor and local councilors', '', 'talk-online-with-the-mayor-and-local-councilors', 190, 6, 0),
(873, 'File a complaint', '', 'file-a-complaint', 191, 6, 0),
(874, 'Faq', '', 'faq-874', 192, 6, 0),
(875, 'Application samples', '', 'application-samples-875', 193, 6, 0),
(876, 'Certificate samples', '', 'certificate-samples', 194, 6, 0),
(877, 'Taxes and fees document samples', '', 'taxes-and-fees-document-samples', 195, 6, 0),
(878, 'Application / complaint samples', '', 'application-complaint-samples', 196, 6, 0),
(879, 'Mayor', '', 'mayor', 197, 6, 0),
(880, 'Vice-mayors', '', 'vice-mayors', 198, 6, 0),
(881, 'Mayoralty apparatus', '', 'mayoralty-apparatus', 199, 6, 0),
(882, 'Mayoralty organisational chart', '', 'mayoralty-organisational-chart', 200, 6, 0),
(883, 'Legal framework of the lg', '', 'legal-framework-of-the-lg', 201, 6, 0),
(884, 'Internal regulations', '', 'internal-regulations', 202, 6, 0),
(885, 'News', '', 'news', 203, 6, 0),
(886, 'Mayor''s biography', '', 'mayors-biography', 204, 6, 0),
(887, 'Action plans for current year', '', 'action-plans-for-current-year', 205, 6, 0),
(888, 'Mayor''s activity program', '', 'mayors-activity-program', 206, 6, 0),
(889, 'Mayor''s annual report', '', 'mayors-annual-report', 207, 6, 0),
(890, 'Action plans', '', 'action-plans', 210, 6, 0),
(891, 'Public services', '', 'public-services', 211, 6, 0),
(892, 'Other entities', '', 'other-entities', 212, 6, 0),
(893, 'What is local council?', '', 'what-is-local-council', 213, 6, 0),
(894, 'Council''s sessions', '', 'councils-sessions', 214, 6, 0),
(895, 'Secretary of local council', '', 'secretary-of-local-council', 215, 6, 0),
(896, 'Local councilors and areas of responsibility', '', 'local-councilors-and-areas-of-responsibility', 216, 6, 0),
(897, 'Consultation schedule of local councilors', '', 'consultation-schedule-of-local-councilors', 217, 6, 0),
(898, 'Archive of previous decisions', '', 'archive-of-previous-decisions', 218, 6, 0),
(899, 'Session agenda', '', 'session-agenda', 219, 6, 0),
(900, 'Previous sessions', '', 'previous-sessions', 220, 6, 0),
(901, 'Schedule of future sessions', '', 'schedule-of-future-sessions', 221, 6, 0),
(902, 'Watch online the local council''s session', '', 'watch-online-the-local-councils-session', 222, 6, 0),
(903, 'Commission on  urban planning', '', 'commission-on-urban-planning', 223, 6, 0),
(904, 'Commission on budget, finances and economy', '', 'commission-on-budget-finances-and-economy', 224, 6, 0),
(905, 'Commission on legal affairs', '', 'commission-on-legal-affairs', 225, 6, 0),
(906, 'Commission on social affairs', '', 'commission-on-social-affairs', 226, 6, 0),
(907, 'Socio-economic development startegy of the town', '', 'socio-economic-development-startegy-of-the-town', 227, 6, 0),
(908, 'General urban plan', '', 'general-urban-plan', 228, 6, 0),
(909, 'Action plans on energy efficiency', '', 'action-plans-on-energy-efficiency', 229, 6, 0),
(910, 'Local program on energy efficiency', '', 'local-program-on-energy-efficiency', 230, 6, 0),
(911, 'Environment protection policies', '', 'environment-protection-policies', 231, 6, 0),
(912, 'Public service improvement plan', '', 'public-service-improvement-plan', 232, 6, 0),
(913, 'Familiy and children protection policies', '', 'familiy-and-children-protection-policies', 233, 6, 0),
(914, 'Social housing and protection', '', 'social-housing-and-protection', 234, 6, 0),
(915, 'Faq', '', 'faq-915', 235, 6, 0),
(916, 'Legislation on decisional transparency and access to information', '', 'legislation-on-decisional-transparency-and-access-to-information', 236, 6, 0),
(917, 'Video recording', '', 'video-recording', 237, 6, 0),
(918, 'Address a question to mayor', '', 'address-a-question-to-mayor', 238, 6, 0),
(919, 'News and announcements', '', 'news-and-announcements', 239, 6, 0),
(920, 'Announcements on public procurements', '', 'announcements-on-public-procurements', 240, 6, 0),
(921, 'Current vacancies', '', 'current-vacancies', 241, 6, 0),
(922, 'Internships and volunteering at the mayoralty', '', 'internships-and-volunteering-at-the-mayoralty', 242, 6, 0),
(923, 'Local budget (town''s revenues and expenditures)', '', 'local-budget-towns-revenues-and-expenditures', 243, 6, 0),
(924, 'How are the public money spent', '', 'how-are-the-public-money-spent', 244, 6, 0),
(925, 'Expenditures for subordinated institutions', '', 'expenditures-for-subordinated-institutions', 245, 6, 0),
(926, 'Public asset management', '', 'public-asset-management', 246, 6, 0),
(927, 'Draft decisions and related materials submitted for public consultation', '', 'draft-decisions-and-related-materials-submitted-for-public-consultation', 247, 6, 0),
(928, 'Discussed projects, analysis of the received recommendations, minutes', '', 'discussed-projects-analysis-of-the-received-recommendations-minutes', 248, 6, 0),
(929, 'Public debates', '', 'public-debates', 249, 6, 0),
(930, 'Online surveys', '', 'online-surveys', 250, 6, 0),
(931, 'Completed projects', '', 'completed-projects', 251, 6, 0),
(932, 'Current projects', '', 'current-projects', 252, 6, 0),
(933, '', '', '933', 253, 6, 0),
(934, '', '', '934', 254, 6, 0),
(935, '', '', '935', 255, 6, 0),
(936, '', '', '936', 256, 6, 0),
(937, '', '', '937', 257, 6, 0),
(938, '', '', '938', 258, 6, 0),
(939, '', '', '939', 259, 6, 0),
(940, '', '', '940', 260, 6, 0),
(941, '', '', '941', 261, 6, 0),
(942, 'Annual reports', '', 'annual-reports', 262, 6, 0),
(944, '', '', '944', 266, 6, 0),
(945, '', '', '945', 267, 6, 0),
(946, '', '', '946', 268, 6, 0),
(947, '', '', '947', 269, 6, 0),
(948, 'Deleted pages', '', 'deleted-pages', 270, 6, 0),
(949, '', '', '949', 271, 6, 0),
(950, '', '', '950', 272, 6, 0),
(951, '', '', '951', 273, 6, 0),
(952, '', '', '952', 19, 7, 0),
(953, '', '', '953', 20, 7, 0),
(954, '', '', '954', 21, 7, 0),
(955, '', '', '955', 22, 7, 0),
(956, '', '', '956', 23, 7, 0),
(957, '', '', '957', 24, 7, 0),
(958, '', '', '958', 27, 7, 0),
(959, '', '', '959', 31, 7, 0),
(960, '', '', '960', 33, 7, 0),
(961, '', '', '961', 35, 7, 0),
(962, '', '', '962', 37, 7, 0),
(963, '', '', '963', 38, 7, 0),
(964, '', '', '964', 40, 7, 0),
(965, '', '', '965', 41, 7, 0),
(966, '', '', '966', 48, 7, 0),
(967, '', '', '967', 49, 7, 0),
(968, '', '', '968', 53, 7, 0),
(969, '', '', '969', 54, 7, 0),
(970, '', '', '970', 56, 7, 0),
(971, '', '', '971', 62, 7, 0),
(972, '', '', '972', 63, 7, 0),
(973, '', '', '973', 64, 7, 0),
(974, '', '', '974', 65, 7, 0),
(975, '', '', '975', 66, 7, 0),
(976, '', '', '976', 71, 7, 0),
(977, '', '', '977', 72, 7, 0),
(978, '', '', '978', 75, 7, 0),
(979, '', '', '979', 81, 7, 0),
(980, '', '', '980', 82, 7, 0),
(981, '', '', '981', 84, 7, 0),
(982, '', '', '982', 85, 7, 0),
(983, '', '', '983', 86, 7, 0),
(984, '', '', '984', 87, 7, 0),
(985, '', '', '985', 88, 7, 0),
(986, '', '', '986', 90, 7, 0),
(987, '', '', '987', 91, 7, 0),
(988, '', '', '988', 92, 7, 0),
(989, 'Контакти', '', 'kontakti', 95, 7, 0),
(990, '', '', '990', 97, 7, 0),
(991, '', '', '991', 98, 7, 0),
(992, '', '', '992', 101, 7, 0),
(993, 'Системна грешка', '', 'sistmna-grshka', 102, 7, 0),
(994, 'Граждани и бизнес', '', 'grazhdani-i-bizns', 103, 7, 0),
(995, 'Кметство', '', 'kmtstvo', 104, 7, 0),
(996, 'Общински съвет', '', 'obshtinski-savt', 105, 7, 0),
(997, 'Прозрачност', '', 'prozrachnost', 106, 7, 0),
(998, 'Социални обезщетения и помощи', '', 'sotsialni-obzshttniya-i-pomoshti', 107, 7, 0),
(999, 'Данъци и такси', '', 'danatsi-i-taksi', 108, 7, 0),
(1000, 'Бизнес и предприемачество', '', 'bizns-i-prdprimachstvo', 109, 7, 0),
(1001, 'Разрешение и сертификати', '', 'razrshni-i-srtifikati', 110, 7, 0),
(1002, 'Образование, култура, туризъм и спорт', '', 'obrazovani-kultura-turizam-i-sport', 111, 7, 0),
(1003, 'Участие на гражданите', '', 'uchasti-na-grazhdanit', 112, 7, 0),
(1004, 'Прием на граждани', '', 'prim-na-grazhdani', 113, 7, 0),
(1005, 'документи / формуляри', '', 'dokumnti-formulyari', 114, 7, 0),
(1006, 'Кметство', '', 'kmtstvo-1006', 115, 7, 0),
(1007, 'Отчети и планове за действие', '', 'otchti-i-planov-za-dystvi', 116, 7, 0),
(1008, 'Общински предприятия', '', 'obshtinski-prdpriyatiya', 117, 7, 0),
(1009, 'Общински съвет', '', 'obshtinski-savt-1009', 118, 7, 0),
(1010, 'Постоянни комисии', '', 'postoyanni-komisii', 119, 7, 0),
(1011, 'Стратегии, общински план и политика', '', 'stratgii-obshtinski-plan-i-politika', 120, 7, 0),
(1012, 'Какво е прозрачност?', '', 'kakvo-prozrachnost', 121, 7, 0),
(1013, 'Диалог с гражданите', '', 'dialog-s-grazhdanit', 122, 7, 0),
(1014, 'Публична информация', '', 'publichna-informatsiya', 123, 7, 0),
(1015, 'Общински държавни финанси', '', 'obshtinski-darzhavni-finansi', 124, 7, 0),
(1016, 'Обществено допитване', '', 'obshtstvno-dopitvan', 125, 7, 0),
(1017, 'Общински проекти', '', 'obshtinski-prokti', 126, 7, 0),
(1018, 'Контакти и полезна информация', '', 'kontakti-i-polzna-informatsiya', 127, 7, 0),
(1019, 'Карта на сайта', '', 'karta-na-sayta', 128, 7, 0),
(1020, 'Декларациите за доходите и имуществото', '', 'dklaratsiit-za-dohodit-i-imushtstvoto', 129, 7, 0),
(1021, 'Грешки', '', 'grshki', 130, 7, 0),
(1022, 'Страницата не е намерена', '', 'stranitsata-n-namrna', 131, 7, 0),
(1023, 'Сциална подкрепа на семейство', '', 'stsialna-podkrpa-na-smystvo', 132, 7, 0),
(1024, 'Трудова борса / парично обезщетение за безработица', '', 'trudova-borsa-parichno-obzshttni-za-bzrabotitsa', 133, 7, 0),
(1025, 'Пенсиониране и социално подпомагане', '', 'pnsioniran-i-sotsialno-podpomagan', 134, 7, 0),
(1026, 'Социално консултиране', '', 'sotsialno-konsultiran', 135, 7, 0),
(1027, 'Общински лечебни заведения', '', 'obshtinski-lchbni-zavdniya', 136, 7, 0),
(1028, 'Еднократна помощ при смърт', '', 'ednokratna-pomosht-pri-smart', 137, 7, 0),
(1029, 'Социални приюти и домове за възрастни хора', '', 'sotsialni-priyuti-i-domov-za-vazrastni-hora', 138, 7, 0),
(1030, 'Домашно насилие / извънредни ситуации', '', 'domashno-nasili-izvanrdni-situatsii', 139, 7, 0),
(1031, 'Сигнали за социална измама', '', 'signali-za-sotsialna-izmama', 140, 7, 0),
(1032, 'Най-често задавани въпроси / формуляри', '', 'nay-chsto-zadavani-vaprosi-formulyari', 141, 7, 0),
(1033, 'Най-често задавани въпроси', '', 'nay-chsto-zadavani-vaprosi', 142, 7, 0),
(1034, 'Формуляри', '', 'formulyari', 143, 7, 0),
(1035, 'Указания за попълване на заявление', '', 'ukazaniya-za-popalvan-na-zayavlni', 144, 7, 0),
(1036, 'Данъци и такси', '', 'danatsi-i-taksi-1036', 145, 7, 0),
(1037, 'Такси за поставяне на рекламни съоръжения', '', 'taksi-za-postavyan-na-rklamni-saorazhniya', 146, 7, 0),
(1038, 'Таксата за организиране на търгове и лотарии', '', 'taksata-za-organiziran-na-targov-i-lotarii', 147, 7, 0),
(1039, 'Такса за издаване на разрешение за търговия', '', 'taksa-za-izdavan-na-razrshni-za-targoviya', 148, 7, 0),
(1040, 'Такса при пазаруване', '', 'taksa-pri-pazaruvan', 149, 7, 0),
(1041, 'Такса за временно пребиваване', '', 'taksa-za-vrmnno-prbivavan', 150, 7, 0),
(1042, 'Такса за паркиране на превозни средства', '', 'taksa-za-parkiran-na-prvozni-srdstva', 151, 7, 0),
(1043, 'Такса за улични обекти', '', 'taksa-za-ulichni-obkti', 152, 7, 0),
(1044, 'Данък върху недвижимите имоти', '', 'danak-varhu-ndvizhimit-imoti', 153, 7, 0),
(1045, 'Най-често задавани въпроси / формуляри / указания за попълване на документите за плащането на данъци и такси', '', 'nay-chsto-zadavani-vaprosi-formulyari-ukazaniya-za-popalvan-na-dokumntit-za-plashtanto-na-danatsi-i-taksi', 154, 7, 0),
(1046, 'Най-често задавани въпроси', '', 'nay-chsto-zadavani-vaprosi-1046', 155, 7, 0),
(1047, 'Формуляри', '', 'formulyari-1047', 156, 7, 0),
(1048, 'Указания за попълване на документите за плащането на данъци и такси', '', 'ukazaniya-za-popalvan-na-dokumntit-za-plashtanto-na-danatsi-i-taksi', 157, 7, 0),
(1049, 'Инвестирайте в град xxxxxxxxx', '', 'invstirayt-v-grad-xxxxxxxxx', 158, 7, 0),
(1050, 'Как да регистрирам фирма', '', 'kak-da-rgistriram-firma', 159, 7, 0),
(1051, 'Как да регистрирам фермерско стопанство', '', 'kak-da-rgistriram-frmrsko-stopanstvo', 160, 7, 0),
(1052, 'Как да регистрирам еднолична търговия', '', 'kak-da-rgistriram-dnolichna-targoviya', 161, 7, 0),
(1053, 'Бизнес инкубатори и консултантски фирми', '', 'bizns-inkubatori-i-konsultantski-firmi', 162, 7, 0),
(1054, 'Наредба за извършване на търговска дейност', '', 'nardba-za-izvarshvan-na-targovska-dynost', 163, 7, 0),
(1055, 'Разрешение за строеж', '', 'razrshni-za-strozh', 164, 7, 0),
(1056, 'Разрешение за разрушаване', '', 'razrshni-za-razrushavan', 165, 7, 0),
(1057, 'Сертификат за проектиране на сгради, съоръжения и обекти на техническата инфраструктура', '', 'srtifikat-za-proktiran-na-sgradi-saorazhniya-i-obkti-na-thnichskata-infrastruktura', 166, 7, 0),
(1058, 'Удостоверение за наличие / липса на задължение', '', 'udostovrni-za-nalichi-lipsa-na-zadalzhni', 167, 7, 0),
(1059, 'Удостоверение за семейно положение', '', 'udostovrni-za-smyno-polozhni', 168, 7, 0),
(1060, 'Необходими сертификати за строителство на къща или търговски обект', '', 'nobhodimi-srtifikati-za-stroitlstvo-na-kashta-ili-targovski-obkt', 169, 7, 0),
(1061, 'Библиотека, музей и театър', '', 'bibliotka-muzy-i-tatar', 171, 7, 0),
(1062, 'Най-често задавани въпроси / формуляри / указания за попълване на заявление', '', 'nay-chsto-zadavani-vaprosi-formulyari-ukazaniya-za-popalvan-na-zayavlni', 172, 7, 0),
(1063, 'Най-често задавани въпроси', '', 'nay-chsto-zadavani-vaprosi-1063', 173, 7, 0),
(1064, 'Формуляри', '', 'formulyari-1064', 174, 7, 0),
(1065, 'Указания за попълване на заявление', '', 'ukazaniya-za-popalvan-na-zayavlni-1065', 175, 7, 0),
(1066, 'Детски градини, училища, лицеи', '', 'dtski-gradini-uchilishta-litsi', 176, 7, 0),
(1067, 'Коледж и висши учебни заведения', '', 'koldzh-i-visshi-uchbni-zavdniya', 177, 7, 0),
(1068, 'Градини, отдих и спорт', '', 'gradini-otdih-i-sport', 178, 7, 0),
(1069, 'Забележителности', '', 'zablzhitlnosti', 179, 7, 0),
(1070, 'За града', '', 'za-grada', 180, 7, 0),
(1071, 'Карта на общината / географско местоположение', '', 'karta-na-obshtinata-gografsko-mstopolozhni', 181, 7, 0),
(1072, 'История на града', '', 'istoriya-na-grada', 182, 7, 0),
(1073, 'Почетни граждани', '', 'pochtni-grazhdani', 183, 7, 0),
(1074, 'Побратимени градове', '', 'pobratimni-gradov', 184, 7, 0),
(1075, 'Обществен съвет', '', 'obshtstvn-savt', 185, 7, 0),
(1076, 'Младежки съвет', '', 'mladzhki-savt', 186, 7, 0),
(1077, 'Общински комитети', '', 'obshtinski-komitti', 187, 7, 0),
(1078, 'Регистрация онлайн приемна', '', 'rgistratsiya-onlayn-primna', 188, 7, 0),
(1079, 'Приемни дни на граждани', '', 'primni-dni-na-grazhdani', 189, 7, 0),
(1080, 'Комуникирате онлайн с кмета и с общински съветници', '', 'komunikirat-onlayn-s-kmta-i-s-obshtinski-savtnitsi', 190, 7, 0),
(1081, 'Оплаквания', '', 'oplakvaniya', 191, 7, 0),
(1082, 'Най-често задавани въпроси', '', 'nay-chsto-zadavani-vaprosi-1082', 192, 7, 0),
(1083, 'Формуляри', '', 'formulyari-1083', 193, 7, 0),
(1084, 'Формуляр на сертификата', '', 'formulyar-na-srtifikata', 194, 7, 0),
(1085, 'Формуляр за данъци и такси', '', 'formulyar-za-danatsi-i-taksi', 195, 7, 0),
(1086, 'Бланки за възражения и жалби', '', 'blanki-za-vazrazhniya-i-zhalbi', 196, 7, 0),
(1087, 'Кмет', '', 'kmt', 197, 7, 0),
(1088, 'Заместник-кмет', '', 'zamstnik-kmt', 198, 7, 0),
(1089, 'Общинска администрация', '', 'obshtinska-administratsiya', 199, 7, 0),
(1090, 'Състав на общината', '', 'sastav-na-obshtinata', 200, 7, 0),
(1091, 'Нормативна база', '', 'normativna-baza', 201, 7, 0),
(1092, 'Вътрешни правила', '', 'vatrshni-pravila', 202, 7, 0),
(1093, 'Новини', '', 'novini', 203, 7, 0),
(1094, 'Автобиография на кмета', '', 'avtobiografiya-na-kmta', 204, 7, 0),
(1095, 'Програма за управление на общината за текущата година', '', 'programa-za-upravlni-na-obshtinata-za-tkushtata-godina', 205, 7, 0),
(1096, 'Програма за управление на кмета', '', 'programa-za-upravlni-na-kmta', 206, 7, 0),
(1097, 'Годишен доклад на кмета', '', 'godishn-doklad-na-kmta', 207, 7, 0),
(1098, 'Програма за управление', '', 'programa-za-upravlni', 210, 7, 0),
(1099, 'Комунални услуги', '', 'komunalni-uslugi', 211, 7, 0),
(1100, 'Други субекти', '', 'drugi-subkti', 212, 7, 0),
(1101, 'Какво е общински съвет?', '', 'kakvo-obshtinski-savt', 213, 7, 0),
(1102, 'Заседания на общинските съветници', '', 'zasdaniya-na-obshtinskit-savtnitsi', 214, 7, 0),
(1103, 'Секретар на общината', '', 'skrtar-na-obshtinata', 215, 7, 0),
(1104, 'Състав на общински съвет и тяхната отговорност', '', 'sastav-na-obshtinski-savt-i-tyahnata-otgovornost', 216, 7, 0),
(1105, 'Приемни дни на общинските съветници', '', 'primni-dni-na-obshtinskit-savtnitsi', 217, 7, 0),
(1106, 'Архив на взети решения', '', 'arhiv-na-vzti-rshniya', 218, 7, 0),
(1107, 'Дневен ред', '', 'dnvn-rd', 219, 7, 0),
(1108, 'Предишни заседания', '', 'prdishni-zasdaniya', 220, 7, 0),
(1109, 'График на заседанията', '', 'grafik-na-zasdaniyata', 221, 7, 0),
(1110, 'Заседания онлайн', '', 'zasdaniya-onlayn', 222, 7, 0),
(1111, 'Комисия по градоустройство', '', 'komisiya-po-gradoustroystvo', 223, 7, 0),
(1112, 'Комисия по бюджет, финански и економика', '', 'komisiya-po-byudzht-finanski-i-konomika', 224, 7, 0),
(1113, 'Правна комисия', '', 'pravna-komisiya', 225, 7, 0),
(1114, 'Комисия по социални дейности', '', 'komisiya-po-sotsialni-dynosti', 226, 7, 0),
(1115, 'Стратегия за социално-икономическо развитие', '', 'stratgiya-za-sotsialno-ikonomichsko-razviti', 227, 7, 0),
(1116, 'Генерален план за градско развитие', '', 'gnraln-plan-za-gradsko-razviti', 228, 7, 0),
(1117, 'Планове за действие за енергийна ефективност', '', 'planov-za-dystvi-za-nrgiyna-fktivnost', 229, 7, 0),
(1118, 'Общинна програма за енергийна ефективност', '', 'obshtinna-programa-za-nrgiyna-fktivnost', 230, 7, 0),
(1119, 'Политика за опазване на околната среда', '', 'politika-za-opazvan-na-okolnata-srda', 231, 7, 0),
(1120, 'План за подобряване на общински услуги', '', 'plan-za-podobryavan-na-obshtinski-uslugi', 232, 7, 0),
(1121, 'Политики за защита на семейството и детето', '', 'politiki-za-zashtita-na-smystvoto-i-dtto', 233, 7, 0),
(1122, 'Жилища и социална защита', '', 'zhilishta-i-sotsialna-zashtita', 234, 7, 0),
(1123, 'Най-често задавани въпроси', '', 'nay-chsto-zadavani-vaprosi-1123', 235, 7, 0),
(1124, 'Законодателство в областта на прозрачността и достъпа до информация', '', 'zakonodatlstvo-v-oblastta-na-prozrachnostta-i-dostapa-do-informatsiya', 236, 7, 0),
(1125, 'Видеозаписи', '', 'vidozapisi-1125', 237, 7, 0),
(1126, 'Въпроси към кмета', '', 'vaprosi-kam-kmta', 238, 7, 0),
(1127, 'Новини и обяви', '', 'novini-i-obyavi', 239, 7, 0),
(1128, 'Обяви за обществените поръчки на стоки и услуги', '', 'obyavi-za-obshtstvnit-porachki-na-stoki-i-uslugi', 240, 7, 0),
(1129, 'Кариери', '', 'kariri', 241, 7, 0),
(1130, 'Стажантски програми в общината', '', 'stazhantski-programi-v-obshtinata', 242, 7, 0),
(1131, 'Бюджет на общината (приходи и расходи)', '', 'byudzht-na-obshtinata-prihodi-i-rashodi', 243, 7, 0),
(1132, 'Как се исползват държавните пари', '', 'kak-s-ispolzvat-darzhavnit-pari', 244, 7, 0),
(1133, 'Разходи за подчинени институции', '', 'razhodi-za-podchinni-institutsii', 245, 7, 0),
(1134, 'Управление на публична собственост', '', 'upravlni-na-publichna-sobstvnost', 246, 7, 0),
(1135, 'Проекти на решения, представени за разглеждане от обществеността', '', 'prokti-na-rshniya-prdstavni-za-razglzhdan-ot-obshtstvnostta', 247, 7, 0),
(1136, 'Разглеждани проекти, анализ на препоръките, протокол', '', 'razglzhdani-prokti-analiz-na-prporakit-protokol', 248, 7, 0),
(1137, 'Публични дебати', '', 'publichni-dbati', 249, 7, 0),
(1138, 'Онлайн проучвания', '', 'onlayn-prouchvaniya', 250, 7, 0),
(1139, 'Реализирани проекти', '', 'ralizirani-prokti', 251, 7, 0),
(1140, 'Текущи проекти', '', 'tkushti-prokti', 252, 7, 0),
(1141, '', '', '1141', 253, 7, 0),
(1142, '', '', '1142', 254, 7, 0),
(1143, '', '', '1143', 255, 7, 0),
(1144, '', '', '1144', 256, 7, 0),
(1145, '', '', '1145', 257, 7, 0),
(1146, '', '', '1146', 258, 7, 0),
(1147, '', '', '1147', 259, 7, 0),
(1148, '', '', '1148', 260, 7, 0),
(1149, '', '', '1149', 261, 7, 0),
(1150, 'Годишни доклади', '', 'godishni-dokladi', 262, 7, 0),
(1152, '', '', '1152', 266, 7, 0),
(1153, '', '', '1153', 267, 7, 0),
(1154, '', '', '1154', 268, 7, 0),
(1155, '', '', '1155', 269, 7, 0),
(1156, 'Изтрити страници', '', 'iztriti-stranitsi', 270, 7, 0),
(1157, '', '', '1157', 271, 7, 0),
(1158, '', '', '1158', 272, 7, 0),
(1159, '', '', '1159', 273, 7, 0),
(1160, 'Noutățile primăriei', '', 'noutatile-primariei', 274, 1, 1),
(1161, '', '', '1161', 274, 2, 0),
(1162, '', '', '1162', 274, 6, 0),
(1163, 'Кметство Новини', '', 'kmtstvo-novini', 274, 7, 0);
INSERT INTO `apl_post_lang` (`id`, `title`, `text`, `uri`, `post_id`, `lang_id`, `enabled`) VALUES
(1164, 'Dreptul la ajutor social', '<p style="text-align:justify"><span style="font-family:verdana,geneva,sans-serif">Dreptul la ajutor social &icirc;l au familiile defavorizate, membrii cărora s&icirc;nt cetăţeni ai Republicii Moldova, cetăţeni ai altor state, apatrizi sau refugiaţi, care au domiciliu &icirc;n Republica Moldova, conform legislaţiei.</span></p>\n\n<p style="text-align:justify"><span style="font-family:verdana,geneva,sans-serif">De dreptul la ajutor social beneficiază familia defavorizată &icirc;n cazul &icirc;n care toţi membrii adulţi ai acesteia se &icirc;ncadrează &icirc;n cel puţin una din următoarele situaţii:</span></p>\n\n<p style="text-align:justify"><span style="font-family:verdana,geneva,sans-serif">a) au atins v&icirc;rsta necesară pentru stabilirea pensiei conform legislaţiei;</span></p>\n\n<p style="text-align:justify"><span style="font-family:verdana,geneva,sans-serif">b) s&icirc;nt persoane &icirc;ncadrate &icirc;n grade de invaliditate;</span></p>\n\n<p style="text-align:justify"><span style="font-family:verdana,geneva,sans-serif">c) s&icirc;nt şomeri &icirc;nregistraţi la agenţia teritorială pentru ocuparea forţei de muncă &icirc;n a cărei rază teritorială &icirc;şi au domiciliul şi care nu refuză un loc de muncă corespunzător sau participarea la serviciile de stimulare a ocupării forţei de muncă oferite de agenţii;</span></p>\n\n<p style="text-align:justify"><span style="font-family:verdana,geneva,sans-serif">d) &icirc;ngrijesc un copil mai mic de 3 ani;</span></p>\n\n<p style="text-align:justify"><span style="font-family:verdana,geneva,sans-serif">e) &icirc;ngrijesc un membru/membri ai familiei &icirc;ncadraţi &icirc;n gradul I de invaliditate care necesită &icirc;ngrijire, conform concluziei Consiliului de Expertiză Medicală a Vitalităţii, &icirc;ngrijesc un copil/copii invalizi din aceeaşi familie sau o persoană &icirc;n v&icirc;rstă de peste 75 ani din aceeaşi familie, conform concluziei Consiliului Medical Consultativ.</span></p>\n\n<p style="text-align:justify"><span style="font-family:verdana,geneva,sans-serif">Familiile ai căror membri realizează venituri provenite din salarizare, cu timp integral sau parţial, sau din activitatea de antreprenoriat, pot solicita acordarea dreptului la ajutor social, cu condiţia că ceilalţi membri adulţi ai acesteia se &icirc;ncadrează &icirc;n situaţiile expuse la prezentul punct.</span></p>\n\n<p style="text-align:justify"><span style="font-family:verdana,geneva,sans-serif">Situaţiile specificate la lit. d) şi e) pct.3 din prezentul Regulament pot fi invocate doar de un singur membru al familiei.</span></p>\n\n<p style="text-align:justify"><span style="font-family:verdana,geneva,sans-serif">La determinarea dreptului la ajutorul social se exclud membrii familiei, care:</span></p>\n\n<p style="text-align:justify"><span style="font-family:verdana,geneva,sans-serif">a) deţin cetăţenia Republicii Moldova, &icirc;nsă nu se află pe teritoriul acesteia&nbsp; mai mult de 3 luni consecutiv;</span></p>\n\n<p style="text-align:justify"><span style="font-family:verdana,geneva,sans-serif">b) execută pedeapsa privativă de libertate;</span></p>\n\n<p style="text-align:justify"><span style="font-family:verdana,geneva,sans-serif">c) satisfac serviciul militar &icirc;n termen;</span></p>\n\n<p style="text-align:justify"><span style="font-family:verdana,geneva,sans-serif">d) se află la &icirc;ntreţinerea statului: aziluri, internate, pensionate, alte forme de plasament temporar sau permanent.</span></p>\n', 'dreptul-la-ajutor-social', 275, 1, 1),
(1165, '', '', '1165', 275, 2, 0),
(1166, '', '', '1166', 275, 6, 0),
(1167, '', '', '1167', 275, 7, 0),
(1168, 'Depunerea cererii', '<p style="text-align:justify"><span style="font-family:verdana,geneva,sans-serif">Pentru determinarea dreptului la ajutor social, solicitantul sau reprezentantul legal al familiei, trebuie să depună cerere pentru acordarea ajutorului social (anexa nr.1 la prezentul Regulament).</span></p>\n\n<p style="text-align:justify"><span style="font-family:verdana,geneva,sans-serif">Membrul desemnat de familie pentru depunerea cererii de ajutor social (solicitantul), este ales &icirc;n mod voluntar dintre membrii cu capacitate deplină de exerciţiu, iar alegerea acestuia este dovedită prin semnăturile aplicate pe cererea de solicitare a ajutorului social de către toţi membrii adulţi ai familiei.</span></p>\n\n<p style="text-align:justify"><span style="font-family:verdana,geneva,sans-serif">&Icirc;mpreună cu cererea, solicitantul prezintă, &icirc;n mod obligatoriu, certificatul privind componenţa familiei, actul de identitate, &icirc;nsoţit de copia acestuia, precum şi legitimaţia de şedere temporară sau actul de identitate, eliberat de autorităţile competente, &icirc;n cazul cetăţenilor străini, apatrizilor sau refugiaţilor, iar, după caz, următoarele acte confirmative &icirc;n copie:</span></p>\n\n<p style="text-align:justify"><span style="font-family:verdana,geneva,sans-serif">a) certificatul de naştere al copilului;</span></p>\n\n<p style="text-align:justify"><span style="font-family:verdana,geneva,sans-serif">b) decizia de instituire a tutelei/curatelei;</span></p>\n\n<p style="text-align:justify"><span style="font-family:verdana,geneva,sans-serif">c) decizia de plasament &icirc;n instituţie;</span></p>\n\n<p style="text-align:justify"><span style="font-family:verdana,geneva,sans-serif">d) certificatul de salariu de la locul de muncă;</span></p>\n\n<p style="text-align:justify"><span style="font-family:verdana,geneva,sans-serif">e) certificatul privind tipul de studii pe care le urmează orice membru al familiei (cu finanţare bugetară sau prin contract) cu indicarea mărimii bursei, după caz;</span></p>\n\n<p style="text-align:justify"><span style="font-family:verdana,geneva,sans-serif">f) confirmarea de efectuare a plăţii pensiei de &icirc;ntreţinere;</span></p>\n\n<p style="text-align:justify"><span style="font-family:verdana,geneva,sans-serif">g) certificatul privind perioada de satisfacere a serviciului militar &icirc;n termen;</span></p>\n\n<p style="text-align:justify"><span style="font-family:verdana,geneva,sans-serif">h) actele de proprietate privind terenurile agricole de pe l&icirc;ngă casă (intravilanul localităţilor), precum şi din extravilanul localităţilor;</span></p>\n\n<p style="text-align:justify"><span style="font-family:verdana,geneva,sans-serif">i) contractul de arendă, locaţiune;</span></p>\n\n<p style="text-align:justify"><span style="font-family:verdana,geneva,sans-serif">j) actul ce confirmă gradul şi termenul invalidităţii/severităţii.</span></p>\n\n<p style="text-align:justify"><span style="font-family:verdana,geneva,sans-serif">Cererea va conţine acordul pentru colectarea şi verificarea informaţiei despre familie, veniturile şi proprietatea acesteia, precum şi obligaţiunea de a restitui sumele primite nelegitim, &icirc;n cazul declaraţiei false sau incomplete.</span></p>\n\n<p style="text-align:justify"><span style="font-family:verdana,geneva,sans-serif">Cererea pentru acordarea ajutorului social, &icirc;nsoţită de actele confirmative, se depune reprezentantului direcţiei/secţiei asistenţă socială şi protecţie a familiei din localitatea unde familia solicitantă &icirc;şi are domiciliul, pentru a fi transmisă direcţiei/secţiei asistenţă socială şi protecţia familiei.</span></p>\n\n<p style="text-align:justify"><span style="font-family:verdana,geneva,sans-serif">Reprezentantul direcţiei/secţiei asistenţă socială şi protecţie a familiei verifică informaţia indicată şi actele anexate la cerere, &icirc;n conformitate cu prevederile punctului 8 al prezentului Regulament.</span></p>\n\n<p style="text-align:justify"><span style="font-family:verdana,geneva,sans-serif">Cererea, prezentată cu toate actele confirmative necesare, se acceptă şi se &icirc;nregistrează de către reprezentantul direcţiei/secţiei asistenţă socială şi protecţie a familiei &icirc;ntr-un registru special. Solicitantului i se eliberează o&nbsp; recipisă de primire a cererii, indic&icirc;ndu-se data şi numărul de &icirc;nregistrare. &Icirc;n cazul &icirc;n care nu au fost prezentate toate actele confirmative necesare, cererea nu se acceptă.</span></p>\n', 'depunerea-cererii', 276, 1, 1),
(1169, '', '', '1169', 276, 2, 0),
(1170, '', '', '1170', 276, 6, 0),
(1171, '', '', '1171', 276, 7, 0),
(1172, 'Determinarea venitului lunar minim garantat', '<p style="text-align:justify"><span style="font-family:verdana,geneva,sans-serif">Cuantumul venitului lunar minim garantat al familiei reprezintă suma cuantumurilor veniturilor lunare minime garantate stabilite pentru fiecare membru al acestei familii.</span></p>\n\n<p style="text-align:justify"><span style="font-family:verdana,geneva,sans-serif">Cuantumul venitului lunar minim garantat pentru fiecare membru al familiei se stabileşte după cum urmează:</span></p>\n\n<p style="text-align:justify"><span style="font-family:verdana,geneva,sans-serif">a) 100% din venitul lunar minim garantat pentru solicitant;</span></p>\n\n<p style="text-align:justify"><span style="font-family:verdana,geneva,sans-serif">b) 70% din venitul lunar minim garantat pentru fiecare alt membru adult al familiei;</span></p>\n\n<p style="text-align:justify"><span style="font-family:verdana,geneva,sans-serif">c) 50 % din venitul lunar minim garantat pentru fiecare copil;</span></p>\n\n<p style="text-align:justify"><span style="font-family:verdana,geneva,sans-serif">d) plus 30% din venitul lunar minim garantat pentru fiecare adult &icirc;ncadrat &icirc;ntr-un grad de invaliditate;</span></p>\n\n<p style="text-align:justify"><span style="font-family:verdana,geneva,sans-serif">e) plus 50% din venitul lunar minim garantat pentru fiecare copil invalid;</span></p>\n\n<p style="text-align:justify"><span style="font-family:verdana,geneva,sans-serif">f) plus 10% din venitul lunar minim garantat, dacă persoana &icirc;ncadrată &icirc;ntr-un grad de invaliditate este unicul adult din familie.</span></p>\n', 'determinarea-venitului-lunar-minim-garantat', 277, 1, 1),
(1173, '', '', '1173', 277, 2, 0),
(1174, '', '', '1174', 277, 6, 0),
(1175, '', '', '1175', 277, 7, 0),
(1176, 'Determinarea şi calcularea venitului global mediu lunar al familiei', '<p style="text-align:justify"><span style="font-family:verdana,geneva,sans-serif">Pentru determinarea venitului global mediu lunar al familiei, toate veniturile şi economiile se declară, indiferent de provenienţa acestora.</span></p>\n\n<p style="text-align:justify"><span style="font-family:verdana,geneva,sans-serif">Venitul global mediu lunar al familiei se calculează din veniturile totale, curente şi nete obţinute, sau calculate pentru luna anterioară celei &icirc;n care a fost depusă cererea de acordare a ajutorului social. Veniturile nete s&icirc;nt veniturile din care au fost achitate impozitul pe venit şi alte plăţi obligatorii. Pensia de &icirc;ntreţinere plătită este exclusă din veniturile familiei.</span></p>\n\n<p style="text-align:justify"><span style="font-family:verdana,geneva,sans-serif">La calcularea venitului global mediu lunar al familiei s&icirc;nt luate &icirc;n considerare, următoarele tipuri de venituri:</span></p>\n\n<p style="text-align:justify"><span style="font-family:verdana,geneva,sans-serif">a) veniturile sezoniere, ocazionale, cele obţinute din activitatea agricolă a gospodăriilor ţărăneşti (de fermier) şi &icirc;n gospodăriile casnice auxiliare;</span></p>\n\n<p style="text-align:justify"><span style="font-family:verdana,geneva,sans-serif">b) toate tipurile de pensii şi prestaţii sociale care se plătesc mai rar dec&icirc;t o dată &icirc;n lună, indiferent de organul care a stabilit plata;</span></p>\n\n<p style="text-align:justify"><span style="font-family:verdana,geneva,sans-serif">c) remitenţele de la membrii familiei sau de la alte persoane din ţară sau de peste hotare;<br />\nd) plăţile pentru descoperiri, invenţii, mostre industriale şi propuneri de raţionalizare, precum şi din drepturile de autor şi drepturile conexe;</span></p>\n\n<p style="text-align:justify"><span style="font-family:verdana,geneva,sans-serif">e) ajutorul financiar de la persoane fizice şi juridice;</span></p>\n\n<p style="text-align:justify"><span style="font-family:verdana,geneva,sans-serif">f) plăţile din prestarea serviciilor &icirc;n baza unui contract civil;</span></p>\n\n<p style="text-align:justify"><span style="font-family:verdana,geneva,sans-serif">g) indemnizaţia unică pentru tinerii specialişti, angajaţi la lucru, conform repartizării &icirc;n instituţiile de &icirc;nvăţăm&icirc;nt, instituţiile ocrotirii sănătăţii, asistenţei sociale, ştiinţifice şi celor din cultură şi artă;</span></p>\n\n<p style="text-align:justify"><span style="font-family:verdana,geneva,sans-serif">h) orice economii &icirc;n monedă naţională sau străină, indiferent de locul sau modul &icirc;n care s&icirc;nt păstrate;</span></p>\n\n<p style="text-align:justify"><span style="font-family:verdana,geneva,sans-serif">i) veniturile obţinute din moştenire sau donaţie;</span></p>\n\n<p style="text-align:justify"><span style="font-family:verdana,geneva,sans-serif">j) veniturile obţinute din c&icirc;ştiguri la loterie;</span></p>\n\n<p style="text-align:justify"><span style="font-family:verdana,geneva,sans-serif">k) veniturile obţinute din operaţiuni comerciale cu bunurile mobile şi imobile ce le aparţin cu drept de proprietate membrilor familiei;</span></p>\n\n<p style="text-align:justify"><span style="font-family:verdana,geneva,sans-serif">l) veniturile obţinute din burse, burse de studiu sau alte plăţi, indiferent de forma de &icirc;nvăţăm&icirc;nt;</span></p>\n\n<p style="text-align:justify"><span style="font-family:verdana,geneva,sans-serif">m) veniturile obţinute din drepturile salariale de la locul principal de muncă şi din munca prin cumul, inclusiv indemnizaţiile unice şi veniturile din desfăşurarea oricărui tip de activitate de antreprenoriat;</span></p>\n\n<p style="text-align:justify"><span style="font-family:verdana,geneva,sans-serif">n) veniturile obţinute din pensiile de &icirc;ntreţinere;</span></p>\n\n<p style="text-align:justify"><span style="font-family:verdana,geneva,sans-serif">o) veniturile obţinute din toate tipurile de pensii şi prestaţii sociale lunare (compensaţii, indemnizaţii, alocaţii etc.), indiferent de organul care a stabilit plata.</span></p>\n\n<p style="text-align:justify"><span style="font-family:verdana,geneva,sans-serif">La calcularea venitului global mediu lunar al familiei următoarele tipuri de venit nu se iau &icirc;n considerare:</span></p>\n\n<p style="text-align:justify"><span style="font-family:verdana,geneva,sans-serif">a) indemnizaţia unică la naşterea copilului;</span></p>\n\n<p style="text-align:justify"><span style="font-family:verdana,geneva,sans-serif">b) ajutorul oferit la deces;</span></p>\n\n<p style="text-align:justify"><span style="font-family:verdana,geneva,sans-serif">c) plăţile oferite la lichidarea consecinţelor calamităţilor naturale sau situaţiilor excepţionale;</span></p>\n\n<p style="text-align:justify"><span style="font-family:verdana,geneva,sans-serif">d) cheltuielile de deplasare (&icirc;n limitele normelor stabilite de Guvern);</span></p>\n\n<p style="text-align:justify"><span style="font-family:verdana,geneva,sans-serif">e) indemnizaţia unică de &icirc;ncadrare a şomerilor, &icirc;n baza contractului individual de muncă, &icirc;n localităţile situate la o distanţă de 30 km de la localitatea &icirc;n care &icirc;şi au domiciliul, egală cu un salariu mediu pe economie pentru anul precedent;</span></p>\n\n<p style="text-align:justify"><span style="font-family:verdana,geneva,sans-serif">f) indemnizaţia unică de instalare a şomerilor care se &icirc;ncadrează, &icirc;n baza contractului individual de muncă, &icirc;ntr-o altă localitate, egală cu 3 salarii medii pe economie pentru anul precedent.</span></p>\n', 'determinarea-si-calcularea-venitului-global-mediu-lunar-al-familiei', 278, 1, 1),
(1177, '', '', '1177', 278, 2, 0),
(1178, '', '', '1178', 278, 6, 0),
(1179, '', '', '1179', 278, 7, 0),
(1180, 'Obligaţiile beneficiarilor de ajutor social', '<p style="text-align:justify"><span style="font-family:verdana,geneva,sans-serif">Solicitantul ajutorului social este obligat să prezinte informaţii complete şi veridice, &icirc;naint&icirc;nd actele justificative respective.<br />\nSolicitantul ajutorului social are obligaţia să comunice &icirc;n scris reprezentantului direcţiei/secţiei asistenţă socială şi protecţie a familiei orice modificare intervenită &icirc;n informaţia declarată iniţial &icirc;n cererea de acordare a ajutorului social, &icirc;n termen de 10 zile de la data la care a intervenit modificarea.</span></p>\n\n<p style="text-align:justify"><span style="font-family:verdana,geneva,sans-serif">La expirarea termenului pentru care a fost stabilit sau pentru revizuirea dreptului la ajutor social, solicitantul &icirc;nştiinţează &icirc;n scris reprezentantul direcţiei/secţiei asistenţă socială şi protecţie a familiei despre faptul că de la solicitare sau de la ultima &icirc;nştiinţare nu au intervenit schimbări cu privire la componenţa familiei, veniturile sau proprietatea acesteia. Faptul &icirc;n cauză&nbsp; constituie temei pentru revizuirea şi reconfirmarea dreptului şi continuarea plăţii ajutorului social, &icirc;n caz contrar acesta &icirc;ncetează.</span></p>\n\n<p style="text-align:justify"><span style="font-family:verdana,geneva,sans-serif">Beneficiarul are obligaţia de a permite efectuarea anchetei sociale stabilite de direcţia/secţia asistenţă socială şi protecţie a familiei pentru a verifica condiţiile care au stat la baza acordării dreptului la ajutor social. &Icirc;n caz de refuz a efectuării anchetei sociale se &icirc;ntocmeşte un&nbsp; proces-verbal.</span></p>\n', 'obligatiile-beneficiarilor-de-ajutor-social', 279, 1, 1),
(1181, '', '', '1181', 279, 2, 0),
(1182, '', '', '1182', 279, 6, 0),
(1183, '', '', '1183', 279, 7, 0),
(1184, 'Mun. Piatra Oltului', '', 'mun-piatra-oltului', 280, 1, 1),
(1185, '', '', '1185', 280, 2, 0),
(1186, '', '', '1186', 280, 6, 0),
(1187, '', '', '', 280, 7, 0);

-- --------------------------------------------------------

--
-- Table structure for table `apl_post_property`
--

DROP TABLE IF EXISTS `apl_post_property`;
CREATE TABLE IF NOT EXISTS `apl_post_property` (
  `id` int(11) NOT NULL AUTO_INCREMENT,
  `taxonomy_id` int(11) NOT NULL,
  `key` varchar(50) NOT NULL,
  `name` varchar(250) NOT NULL,
  `is_unique` int(1) NOT NULL DEFAULT '0',
  PRIMARY KEY (`id`),
  UNIQUE KEY `key` (`key`)
) ENGINE=InnoDB  DEFAULT CHARSET=utf8 AUTO_INCREMENT=15 ;

--
-- Dumping data for table `apl_post_property`
--

INSERT INTO `apl_post_property` (`id`, `taxonomy_id`, `key`, `name`, `is_unique`) VALUES
(1, 1, 'button_site', 'Show on bottom site', 0),
(2, 1, 'show_news', 'Show news block (only General Node)', 0),
(3, 1, 'show_ads', 'Show ads (only General Node)', 0),
(4, 1, 'show_block_page', 'Show selected page', 0),
(5, 1, 'is_selected_page', 'Is selected page', 0),
(6, 1, 'hide_on_mobile', 'Hide on mobile version', 0),
(7, 1, 'error_404', 'Page not found', 1),
(8, 1, 'error_500', 'Page system error', 1),
(9, 1, 'error_other', 'Page other error', 1),
(10, 1, 'phone-page', 'Pagina cu telefoane', 1),
(11, 1, 'show_file_page', 'Afisează lista de acte', 0),
(12, 1, 'is_alert', 'Este Alertă', 1),
(13, 1, 'more_contacts', 'Mai multe date de contact', 1),
(14, 1, 'start-chat', 'Start chat', 0);

-- --------------------------------------------------------

--
-- Table structure for table `apl_post_property_rel`
--

DROP TABLE IF EXISTS `apl_post_property_rel`;
CREATE TABLE IF NOT EXISTS `apl_post_property_rel` (
  `id` int(11) NOT NULL AUTO_INCREMENT,
  `post_property_id` int(11) NOT NULL,
  `post_id` int(11) NOT NULL,
  PRIMARY KEY (`id`)
) ENGINE=InnoDB  DEFAULT CHARSET=utf8 AUTO_INCREMENT=57 ;

--
-- Dumping data for table `apl_post_property_rel`
--

INSERT INTO `apl_post_property_rel` (`id`, `post_property_id`, `post_id`) VALUES
(9, 2, 103),
(10, 3, 104),
(11, 4, 105),
(30, 6, 200),
(33, 9, 102),
(34, 8, 102),
(36, 7, 131),
(44, 1, 274),
(45, 1, 128),
(46, 11, 106),
(47, 5, 106),
(48, 2, 106),
(51, 1, 95),
(54, 13, 127),
(55, 10, 127),
(56, 14, 190);

-- --------------------------------------------------------

--
-- Table structure for table `apl_role`
--

DROP TABLE IF EXISTS `apl_role`;
CREATE TABLE IF NOT EXISTS `apl_role` (
  `id` int(11) NOT NULL AUTO_INCREMENT,
  `name` varchar(250) NOT NULL,
  `key` varchar(100) NOT NULL,
  PRIMARY KEY (`id`)
) ENGINE=InnoDB  DEFAULT CHARSET=utf8 AUTO_INCREMENT=41 ;

--
-- Dumping data for table `apl_role`
--

INSERT INTO `apl_role` (`id`, `name`, `key`) VALUES
(1, 'View log', 'log-view'),
(2, 'View feeds', 'feed-view'),
(3, 'Create feed', 'feed-create'),
(4, 'Edit feed', 'feed-edit'),
(5, 'Modify feed posts', 'feedpost-edit'),
(6, 'View feed posts', 'feedpost-view'),
(7, 'Languages', 'lang-view'),
(8, 'Manage Extensions', 'modules-view'),
(9, 'Edit pages', 'page-edit'),
(10, 'View pages', 'page-view'),
(11, 'Create page', 'page-create'),
(12, 'Order pages', 'page-order'),
(13, 'Delete pages', 'page-delete'),
(14, 'Upload files', 'file-upload'),
(15, 'Delete files', 'file-delete'),
(16, 'View users', 'user-view'),
(17, 'Create users', 'user-create'),
(18, 'Edit user', 'user-edit'),
(19, 'Change user password', 'user-chpwd'),
(20, 'Edit user roles', 'user-roles'),
(21, 'Calendar', 'calendar-view'),
(22, 'Chat', 'chat-view'),
(23, 'Gallery', 'gallery-view'),
(24, 'Jobrequest', 'jobrequest-view'),
(25, 'Newsletter', 'newsletter-view'),
(26, 'Protect password', 'user-ptpsw'),
(27, 'Protect roles', 'user-ptroles'),
(28, 'View persons', 'person-view'),
(29, 'Edit person groups', 'person-group-edit'),
(30, 'Edit persons', 'person-edit'),
(31, 'View polls', 'poll-view'),
(32, 'Edit polls', 'poll-edit'),
(33, 'View settings', 'settings-view'),
(34, 'Get system emails', 'user-getemails'),
(35, 'Social complaints', 'socialc-view'),
(36, 'Acte locale', 'actelocale-view'),
(37, 'Delete user', 'user-delete'),
(38, 'Template edit', 'template-edit'),
(39, 'Template install', 'template-install'),
(40, 'Template delete', 'template-delete');

-- --------------------------------------------------------

--
-- Table structure for table `apl_setting`
--

DROP TABLE IF EXISTS `apl_setting`;
CREATE TABLE IF NOT EXISTS `apl_setting` (
  `key` varchar(250) NOT NULL,
  `value` text NOT NULL,
  PRIMARY KEY (`key`)
) ENGINE=InnoDB DEFAULT CHARSET=utf8;

--
-- Dumping data for table `apl_setting`
--

INSERT INTO `apl_setting` (`key`, `value`) VALUES
('cachelife', '10'),
('disqus_shortname', 'aplkopceak1'),
('inactive_text', '<h1>Website in mentenanta&nbsp;</h1>\n\n<p>Va rugam reveniti mai tirziu :)</p>\n'),
('name', 'fdgsdfgdgertb ertwerter twert wer twer '),
('pos_lat', '47.008001'),
('pos_long', '28.794050'),
('sitename', 'APL Website'),
('sitename_bg', ''),
('sitename_en', ''),
('sitename_ro', 'Primăria Strășeni'),
('sitename_ru', ''),
('template', 'Default'),
('templateSchema', '---'),
('template_backend', 'Default'),
('template_frontend', 'Flat'),
('website_on', 'on');

-- --------------------------------------------------------

--
-- Table structure for table `apl_taxonomy`
--

DROP TABLE IF EXISTS `apl_taxonomy`;
CREATE TABLE IF NOT EXISTS `apl_taxonomy` (
  `id` int(11) NOT NULL AUTO_INCREMENT,
  `name` varchar(250) NOT NULL,
  PRIMARY KEY (`id`),
  UNIQUE KEY `name` (`name`)
) ENGINE=InnoDB  DEFAULT CHARSET=utf8 AUTO_INCREMENT=3 ;

--
-- Dumping data for table `apl_taxonomy`
--

INSERT INTO `apl_taxonomy` (`id`, `name`) VALUES
(2, 'article'),
(1, 'page');

-- --------------------------------------------------------

--
-- Table structure for table `apl_user`
--

DROP TABLE IF EXISTS `apl_user`;
CREATE TABLE IF NOT EXISTS `apl_user` (
  `id` int(11) NOT NULL AUTO_INCREMENT,
  `username` varchar(60) NOT NULL,
  `password` varchar(100) NOT NULL,
  `remember_token` varchar(100) NOT NULL,
  `email` varchar(100) NOT NULL,
  `register_date` timestamp NOT NULL DEFAULT CURRENT_TIMESTAMP,
  `updated_at` timestamp NOT NULL DEFAULT '0000-00-00 00:00:00',
  PRIMARY KEY (`id`)
) ENGINE=InnoDB  DEFAULT CHARSET=utf8 AUTO_INCREMENT=10 ;

--
-- Dumping data for table `apl_user`
--

INSERT INTO `apl_user` (`id`, `username`, `password`, `remember_token`, `email`, `register_date`, `updated_at`) VALUES
(1, 'admin', '$2y$10$8BsK6iFNy96LfNnO0JLl5uCfp2nURYG2Xs/ypdsOdnU.5oELMsB3W', 'ixQ9tbDi6hLqhj7o3ptwYHF9ejHcArrNliFkrBEjXDrCnxJCULKiJHcFnFNN', 'ngodina.ebs@gmail.com', '2014-06-28 18:23:41', '2014-09-25 09:10:00'),
(4, 'Nicolae Lungu', '$2y$10$C2oSg7w5W12co73.E9An3Ol5a5UyYYXgWRVYQ6Pj/6uItkhhCtJve', 'vhxOFdZxIczAwtF6ZAV8lZtYkD72frF49Y03xdAPZ6OQCYjffB6v4DG8GZl1', 'nlungu@ebs.md', '2014-09-26 13:41:23', '0000-00-00 00:00:00'),
(5, 'petru.culeac', '$2y$10$Um0niDnPP4AjL2uBvIeL7uddhz8/M/tHPJ7DslfeFSJQmkYqfnLQC', '9Ld11TIrm3J6lRbrKSFWmBterjQe8gXI4p9C8NF1G9vSlOzDvG56eCnxI3Sp', 'pculeac@lgsp.md', '2014-09-26 13:49:17', '0000-00-00 00:00:00'),
(6, 'aliona', '$2y$10$Yk6Zrm5AoACNnVb3NW9N9.qtsUUz7LryfeycjrnYiQw0MNR69Rw2u', '', 'elevcenco@gmail.com', '2014-09-26 14:00:15', '0000-00-00 00:00:00');

-- --------------------------------------------------------

--
-- Table structure for table `apl_user_role`
--

DROP TABLE IF EXISTS `apl_user_role`;
CREATE TABLE IF NOT EXISTS `apl_user_role` (
  `id` int(11) NOT NULL AUTO_INCREMENT,
  `user_id` int(11) NOT NULL,
  `role_id` int(11) NOT NULL,
  `created_at` timestamp NOT NULL DEFAULT CURRENT_TIMESTAMP,
  PRIMARY KEY (`id`)
) ENGINE=InnoDB  DEFAULT CHARSET=utf8 AUTO_INCREMENT=2584 ;

--
-- Dumping data for table `apl_user_role`
--

INSERT INTO `apl_user_role` (`id`, `user_id`, `role_id`, `created_at`) VALUES
(712, 3, 21, '2014-09-26 13:35:56'),
(713, 3, 22, '2014-09-26 13:35:56'),
(714, 3, 3, '2014-09-26 13:35:56'),
(715, 3, 4, '2014-09-26 13:35:56'),
(716, 3, 2, '2014-09-26 13:35:56'),
(717, 3, 5, '2014-09-26 13:35:56'),
(718, 3, 6, '2014-09-26 13:35:56'),
(719, 3, 15, '2014-09-26 13:35:56'),
(720, 3, 14, '2014-09-26 13:35:56'),
(721, 3, 23, '2014-09-26 13:35:56'),
(722, 3, 24, '2014-09-26 13:35:56'),
(723, 3, 7, '2014-09-26 13:35:56'),
(724, 3, 8, '2014-09-26 13:35:56'),
(725, 3, 25, '2014-09-26 13:35:56'),
(726, 3, 11, '2014-09-26 13:35:56'),
(727, 3, 13, '2014-09-26 13:35:56'),
(728, 3, 9, '2014-09-26 13:35:56'),
(729, 3, 12, '2014-09-26 13:35:56'),
(730, 3, 10, '2014-09-26 13:35:56'),
(731, 3, 19, '2014-09-26 13:35:56'),
(732, 3, 17, '2014-09-26 13:35:56'),
(733, 3, 18, '2014-09-26 13:35:56'),
(734, 3, 20, '2014-09-26 13:35:56'),
(735, 3, 16, '2014-09-26 13:35:56'),
(1387, 5, 21, '2014-09-26 13:50:14'),
(1388, 5, 22, '2014-09-26 13:50:14'),
(1389, 5, 3, '2014-09-26 13:50:14'),
(1390, 5, 4, '2014-09-26 13:50:14'),
(1391, 5, 2, '2014-09-26 13:50:14'),
(1392, 5, 5, '2014-09-26 13:50:14'),
(1393, 5, 6, '2014-09-26 13:50:14'),
(1394, 5, 15, '2014-09-26 13:50:14'),
(1395, 5, 14, '2014-09-26 13:50:14'),
(1396, 5, 23, '2014-09-26 13:50:14'),
(1397, 5, 24, '2014-09-26 13:50:14'),
(1398, 5, 7, '2014-09-26 13:50:14'),
(1399, 5, 8, '2014-09-26 13:50:14'),
(1400, 5, 25, '2014-09-26 13:50:14'),
(1401, 5, 11, '2014-09-26 13:50:14'),
(1402, 5, 13, '2014-09-26 13:50:14'),
(1403, 5, 9, '2014-09-26 13:50:14'),
(1404, 5, 12, '2014-09-26 13:50:14'),
(1405, 5, 10, '2014-09-26 13:50:14'),
(1406, 5, 19, '2014-09-26 13:50:14'),
(1407, 5, 17, '2014-09-26 13:50:14'),
(1408, 5, 18, '2014-09-26 13:50:14'),
(1409, 5, 20, '2014-09-26 13:50:14'),
(1410, 5, 16, '2014-09-26 13:50:14'),
(2245, 4, 36, '2014-10-07 19:37:37'),
(2246, 4, 21, '2014-10-07 19:37:37'),
(2247, 4, 22, '2014-10-07 19:37:37'),
(2248, 4, 3, '2014-10-07 19:37:37'),
(2249, 4, 4, '2014-10-07 19:37:37'),
(2250, 4, 2, '2014-10-07 19:37:37'),
(2251, 4, 5, '2014-10-07 19:37:37'),
(2252, 4, 6, '2014-10-07 19:37:37'),
(2253, 4, 15, '2014-10-07 19:37:37'),
(2254, 4, 14, '2014-10-07 19:37:37'),
(2255, 4, 23, '2014-10-07 19:37:37'),
(2256, 4, 24, '2014-10-07 19:37:37'),
(2257, 4, 7, '2014-10-07 19:37:37'),
(2258, 4, 1, '2014-10-07 19:37:37'),
(2259, 4, 8, '2014-10-07 19:37:37'),
(2260, 4, 25, '2014-10-07 19:37:37'),
(2261, 4, 11, '2014-10-07 19:37:37'),
(2262, 4, 13, '2014-10-07 19:37:37'),
(2263, 4, 9, '2014-10-07 19:37:37'),
(2264, 4, 12, '2014-10-07 19:37:37'),
(2265, 4, 10, '2014-10-07 19:37:37'),
(2266, 4, 30, '2014-10-07 19:37:37'),
(2267, 4, 29, '2014-10-07 19:37:37'),
(2268, 4, 28, '2014-10-07 19:37:37'),
(2269, 4, 32, '2014-10-07 19:37:37'),
(2270, 4, 31, '2014-10-07 19:37:37'),
(2271, 4, 33, '2014-10-07 19:37:37'),
(2272, 4, 35, '2014-10-07 19:37:37'),
(2273, 4, 19, '2014-10-07 19:37:37'),
(2274, 4, 17, '2014-10-07 19:37:37'),
(2275, 4, 18, '2014-10-07 19:37:37'),
(2276, 4, 34, '2014-10-07 19:37:37'),
(2277, 4, 26, '2014-10-07 19:37:37'),
(2278, 4, 27, '2014-10-07 19:37:37'),
(2279, 4, 20, '2014-10-07 19:37:37'),
(2280, 4, 16, '2014-10-07 19:37:37'),
(2429, 6, 33, '2014-10-18 14:23:55'),
(2430, 6, 38, '2014-10-18 14:23:55'),
(2545, 1, 36, '2014-10-19 23:55:45'),
(2546, 1, 21, '2014-10-19 23:55:45'),
(2547, 1, 22, '2014-10-19 23:55:45'),
(2548, 1, 3, '2014-10-19 23:55:45'),
(2549, 1, 4, '2014-10-19 23:55:45'),
(2550, 1, 2, '2014-10-19 23:55:45'),
(2551, 1, 5, '2014-10-19 23:55:46'),
(2552, 1, 6, '2014-10-19 23:55:46'),
(2553, 1, 15, '2014-10-19 23:55:46'),
(2554, 1, 14, '2014-10-19 23:55:46'),
(2555, 1, 23, '2014-10-19 23:55:46'),
(2556, 1, 24, '2014-10-19 23:55:46'),
(2557, 1, 7, '2014-10-19 23:55:46'),
(2558, 1, 1, '2014-10-19 23:55:46'),
(2559, 1, 8, '2014-10-19 23:55:46'),
(2560, 1, 25, '2014-10-19 23:55:46'),
(2561, 1, 11, '2014-10-19 23:55:46'),
(2562, 1, 13, '2014-10-19 23:55:46'),
(2563, 1, 9, '2014-10-19 23:55:46'),
(2564, 1, 12, '2014-10-19 23:55:46'),
(2565, 1, 10, '2014-10-19 23:55:46'),
(2566, 1, 30, '2014-10-19 23:55:46'),
(2567, 1, 29, '2014-10-19 23:55:46'),
(2568, 1, 28, '2014-10-19 23:55:46'),
(2569, 1, 32, '2014-10-19 23:55:46'),
(2570, 1, 31, '2014-10-19 23:55:46'),
(2571, 1, 33, '2014-10-19 23:55:46'),
(2572, 1, 35, '2014-10-19 23:55:46'),
(2573, 1, 40, '2014-10-19 23:55:46'),
(2574, 1, 38, '2014-10-19 23:55:47'),
(2575, 1, 39, '2014-10-19 23:55:47'),
(2576, 1, 19, '2014-10-19 23:55:47'),
(2577, 1, 17, '2014-10-19 23:55:47'),
(2578, 1, 37, '2014-10-19 23:55:47'),
(2579, 1, 18, '2014-10-19 23:55:47'),
(2580, 1, 34, '2014-10-19 23:55:47'),
(2581, 1, 26, '2014-10-19 23:55:47'),
(2582, 1, 20, '2014-10-19 23:55:47'),
(2583, 1, 16, '2014-10-19 23:55:47');

-- --------------------------------------------------------

--
-- Table structure for table `apl_var`
--

DROP TABLE IF EXISTS `apl_var`;
CREATE TABLE IF NOT EXISTS `apl_var` (
  `id` int(11) NOT NULL AUTO_INCREMENT,
  `key` varchar(250) NOT NULL,
  `parent_key` varchar(250) NOT NULL,
  PRIMARY KEY (`id`),
  UNIQUE KEY `key` (`key`)
) ENGINE=InnoDB  DEFAULT CHARSET=utf8 AUTO_INCREMENT=491 ;

--
-- Dumping data for table `apl_var`
--

INSERT INTO `apl_var` (`id`, `key`, `parent_key`) VALUES
(1, 'frontend', ''),
(2, 'backend', ''),
(3, 'menu', 'backend'),
(4, 'pages', 'menu'),
(5, 'layout', 'frontend'),
(6, 'discuta', 'layout'),
(7, 'social-links', 'layout'),
(8, 'facebook', 'social-links'),
(9, 'facebook-link', 'facebook'),
(10, 'odnoklassniki', 'social-links'),
(11, 'odnoklassniki-link', 'odnoklassniki'),
(12, 'odnoklassniki-link-1', 'odnoklassniki'),
(13, 'vkontakte', 'social-links'),
(14, 'vkontakte-link', 'vkontakte'),
(15, 'twitter', 'social-links'),
(16, 'twitter-link', 'twitter'),
(17, 'gplus', 'social-links'),
(18, 'gplus-link', 'gplus'),
(19, 'rss', 'social-links'),
(20, 'rss-link', 'rss'),
(21, 'online', 'layout'),
(22, 'offline', 'layout'),
(23, 'nr-phone', 'layout'),
(24, 'cautare', 'layout'),
(26, 'cititi', 'layout'),
(27, 'licentiere-cc', 'layout'),
(28, 'licenta', 'layout'),
(29, 'licenta-link', 'licenta'),
(30, 'material', 'layout'),
(31, 'submit', 'layout'),
(32, 'top-contacts', 'layout'),
(33, 'contact-us', 'top-contacts'),
(34, 'contacts', 'top-contacts'),
(35, 'phone-anti', 'top-contacts'),
(36, 'nr-anti', 'phone-anti'),
(37, 'email', 'top-contacts'),
(38, 'email-address', 'email'),
(39, 'relatii', 'top-contacts'),
(40, 'nr-relatii', 'relatii'),
(41, 'fax', 'top-contacts'),
(42, 'nr-fax', 'fax'),
(43, 'all-nr-phone', 'top-contacts'),
(44, 'orar-autobus', 'top-contacts'),
(45, 'address', 'top-contacts'),
(46, 'street', 'address'),
(47, 'city', 'address'),
(48, 'form-contact', 'layout'),
(49, 'write-us', 'form-contact'),
(50, 'success', 'form-contact'),
(51, 'name-last-name', 'form-contact'),
(52, 'message', 'form-contact'),
(53, 'orar-link', 'orar-autobus'),
(54, 'pages-1', 'frontend'),
(55, 'statut', 'pages-1'),
(56, 'oferte', 'pages-1'),
(57, 'oferte-expirate', 'pages-1'),
(58, 'documente', 'pages-1'),
(59, 'articole-null', 'pages-1'),
(60, 'error', 'pages-1'),
(61, 'sorry', 'pages-1'),
(62, 'pagina-solicitata', 'pages-1'),
(63, 'denumire-link', 'pages-1'),
(64, 'actualizat', 'pages-1'),
(65, 'data', 'pages-1'),
(66, 'ora', 'pages-1'),
(67, 'locatia', 'pages-1'),
(68, 'denumire-proiect', 'pages-1'),
(69, 'proiect', 'pages-1'),
(70, 'data-proiect', 'proiect'),
(71, 'domeniu', 'proiect'),
(72, 'stadiul', 'proiect'),
(73, 'valoarea-proiectului', 'proiect'),
(74, 'parteneri', 'proiect'),
(75, 'relevanta', 'proiect'),
(76, 'activitati-proiecte', 'proiect'),
(77, 'produsele-proiectului', 'proiect'),
(78, 'rezultatele-proiectului', 'proiect'),
(79, 'obiectivele-proiectului', 'proiect'),
(80, 'valoarea-totala', 'proiect'),
(81, 'fisiere', 'proiect'),
(82, 'telefon', 'pages-1'),
(83, 'serviciu', 'pages-1'),
(84, 'termen-limita', 'pages-1'),
(85, 'toate-sedinte', 'pages-1'),
(86, 'arhiva', 'pages-1'),
(87, 'chat-online', 'pages-1'),
(88, 'cum-ne-gasiti', 'pages-1'),
(89, 'legatura-directa', 'top-contacts'),
(90, 'adresa', 'top-contacts'),
(91, 'vorbeste-direct', 'top-contacts'),
(92, 'chat', 'top-contacts'),
(93, 'anunturi', 'pages-1'),
(94, 'raporteaza-abuz', 'pages-1'),
(95, 'scrieti-direct', 'pages-1'),
(96, 'adresa-telefon', 'form-contact'),
(97, 'subiect', 'form-contact'),
(98, 'cod-verificare', 'form-contact'),
(99, 'search', 'form-contact'),
(100, 'modelul-formularul', 'form-contact'),
(101, 'date-contact', 'top-contacts'),
(102, 'viziteaza', 'top-contacts'),
(103, 'modules', 'frontend'),
(104, 'calendar', 'modules'),
(105, 'luni', 'calendar'),
(106, 'marti', 'calendar'),
(107, 'miercuri', 'calendar'),
(108, 'joi', 'calendar'),
(109, 'vineri', 'calendar'),
(110, 'simbata', 'calendar'),
(111, 'duminica', 'calendar'),
(112, 'firechat', 'modules'),
(113, 'functionar', 'firechat'),
(114, 'discuta-cu-primar', 'firechat'),
(115, 'cv-form', 'modules'),
(116, 'cv', 'cv-form'),
(117, 'newsletter', 'modules'),
(118, 'aboneazatate-la-buletin', 'newsletter'),
(119, 'email-dvs', 'newsletter'),
(120, 'person', 'modules'),
(121, 'atentie', 'person'),
(122, 'info-atentie', 'person'),
(123, 'online-audienta', 'person'),
(124, 'aparteneta', 'person'),
(125, 'sectorul', 'person'),
(126, 'secretarul', 'person'),
(127, 'data-nasterii', 'person'),
(128, 'starea-civila', 'person'),
(129, 'studii', 'person'),
(130, 'activitate-politica', 'person'),
(131, 'contact', 'person'),
(132, 'actelocale', 'modules'),
(133, 'search-button', 'actelocale'),
(134, 'search-label', 'actelocale'),
(135, 'page-result', 'actelocale'),
(136, 'months', 'frontend'),
(137, 'ianuarie', 'months'),
(138, 'februarie', 'months'),
(139, 'martie', 'months'),
(140, 'aprilie', 'months'),
(141, 'mai', 'months'),
(142, 'iunie', 'months'),
(143, 'iulie', 'months'),
(144, 'august', 'months'),
(145, 'septembrie', 'months'),
(146, 'octombrie', 'months'),
(147, 'noiembrie', 'months'),
(148, 'decembrie', 'months'),
(149, 'acte-search', 'actelocale'),
(150, 'acte-nr', 'actelocale'),
(151, 'acte-title', 'actelocale'),
(152, 'acte-tip', 'actelocale'),
(153, 'acte-emitent', 'actelocale'),
(154, 'acte-data', 'actelocale'),
(155, 'fire-save', 'firechat'),
(156, 'fire-click', 'firechat'),
(157, 'fire-reg', 'firechat'),
(158, 'fire-rlu', 'firechat'),
(159, 'fire-email', 'firechat'),
(160, 'fire-out', 'firechat'),
(161, 'jobrequest', 'modules'),
(162, 'jobreq', 'jobrequest'),
(163, 'news-dez', 'newsletter'),
(164, 'newsletter-msg', 'newsletter'),
(165, 'nr', 'person'),
(166, 'nume-prenume', 'person'),
(167, 'functia', 'person'),
(168, 'apartenenta-politica', 'person'),
(169, 'sondaje', 'modules'),
(170, 'introduceti-codul-previne-voturile-automate', 'sondaje'),
(171, 'alte-sondaje', 'sondaje'),
(172, 'poll-msg-succ', 'sondaje'),
(173, 'poll-raspunsuri', 'sondaje'),
(174, 'you-have-already-voted', 'sondaje'),
(175, 'poll-not-found', 'sondaje'),
(176, 'plingeri', 'modules'),
(177, 'atentie-', 'plingeri'),
(178, 'atent-msg', 'plingeri'),
(179, 'formular-de-completare', 'plingeri'),
(180, 'numele-prenume', 'plingeri'),
(181, 'email-1', 'plingeri'),
(182, 'adresa-postala-telefon-', 'plingeri'),
(183, 'subiect-1', 'plingeri'),
(184, 'mesaj', 'plingeri'),
(185, 'cod-de-verificare', 'plingeri'),
(186, 'public', 'plingeri'),
(187, 'privat', 'plingeri'),
(188, 'trimite', 'plingeri'),
(189, 'cautare-1', 'frontend'),
(190, 'rezultatul-cautarii', 'cautare-1'),
(191, 'rezultatele-cautarii-pentru-', 'cautare-1'),
(192, 'afisate-', 'cautare-1'),
(193, '-din-', 'cautare-1'),
(194, 'acasa', 'pages-1'),
(195, 'elemente', 'frontend'),
(196, 'paginatia', 'elemente'),
(197, 'previous', 'paginatia'),
(198, 'next', 'paginatia'),
(199, 'validarea', 'elemente'),
(200, 'cimpul-attribute-este-abligator', 'validarea'),
(201, 'the-attribute-must-be-a-valid-email-address', 'validarea'),
(202, 'feeds', 'menu'),
(203, 'var', 'menu'),
(204, 'extensions', 'menu'),
(205, 'users', 'menu'),
(206, 'languages', 'menu'),
(207, 'settings', 'menu'),
(208, 'log', 'menu'),
(209, 'layout-1', 'backend'),
(210, 'hello-', 'layout-1'),
(211, 'select-file', 'layout-1'),
(212, 'close', 'layout-1'),
(213, 'title', 'layout-1'),
(214, 'enter-your-username-and-password', 'layout-1'),
(215, 'sign-in', 'layout-1'),
(216, 'username', 'layout-1'),
(217, 'password', 'layout-1'),
(218, 'compartimente', 'backend'),
(219, 'feeds-1', 'compartimente'),
(220, 'create-new-post', 'feeds-1'),
(221, 'post-list', 'feeds-1'),
(222, 'title-1', 'post-list'),
(223, 'date', 'post-list'),
(224, 'current-feed', 'feeds-1'),
(225, 'create-new-feed', 'feeds-1'),
(226, 'addfeed', 'feeds-1'),
(227, 'name', 'addfeed'),
(228, 'enabled', 'addfeed'),
(229, 'limit-type', 'addfeed'),
(230, 'pagination', 'limit-type'),
(231, 'strict-limit', 'limit-type'),
(232, 'limit', 'addfeed'),
(233, 'order-type', 'addfeed'),
(234, 'none', 'order-type'),
(235, 'ascendent', 'order-type'),
(236, 'descendent', 'order-type'),
(237, 'order-by', 'addfeed'),
(238, 'date-1', 'order-by'),
(241, 'title-2', 'order-by'),
(242, 'views', 'order-by'),
(243, 'set-aditional-fields', 'feeds-1'),
(244, 'edit-feed', 'feeds-1'),
(245, 'trash-post', 'feeds-1'),
(246, 'list-1', 'feeds-1'),
(247, 'name-3', 'list-1'),
(248, 'state', 'list-1'),
(249, 'action', 'list-1'),
(250, 'active', 'state'),
(251, 'inactive', 'state'),
(252, 'edit-post', 'feeds-1'),
(253, 'varianta-in', 'edit-post'),
(254, 'media', 'edit-post'),
(255, 'general', 'edit-post'),
(258, 'date-3', 'edit-post'),
(259, 'to-home-page', 'edit-post'),
(260, 'to-home-page-1', 'edit-post'),
(261, 'frontend-link', 'edit-post'),
(262, 'title-3', 'edit-post'),
(263, 'uri', 'edit-post'),
(264, 'text', 'edit-post'),
(265, 'enabled-1', 'edit-post'),
(266, 'files', 'compartimente'),
(267, '-select-file-from-computer', 'files'),
(268, '-select-file-from-server', 'files'),
(269, 'icon', 'files'),
(271, 'name1', 'files'),
(272, 'type', 'files'),
(273, 'size', 'files'),
(274, 'action-1', 'files'),
(275, 'no-files', 'files'),
(276, 'log-1', 'compartimente'),
(277, 'date-4', 'log-1'),
(278, 'message-1', 'log-1'),
(279, 'user-2', 'log-1'),
(280, 'ip', 'log-1'),
(281, 'anonim', 'log-1'),
(282, 'close-1', 'log-1'),
(283, 'log-item-details', 'log-1'),
(284, 'module-1', 'compartimente'),
(285, 'name-4', 'module-1'),
(286, 'state-1', 'module-1'),
(287, 'pages-2', 'compartimente'),
(288, 'formular-1', 'pages-2'),
(289, 'general-1', 'formular-1'),
(290, 'language-1', 'formular-1'),
(291, 'files-1', 'formular-1'),
(292, 'attachment', 'formular-1'),
(293, 'create-new-page', 'pages-2'),
(294, 'create-3', 'pages-2'),
(295, 'form-3', 'pages-2'),
(296, 'delete', 'pages-2'),
(297, 'afisare-fisiere-', 'formular-1'),
(298, 'afisare-cautare-', 'formular-1'),
(299, 'parent-', 'formular-1'),
(300, 'clone-', 'formular-1'),
(301, 'redirect-to-', 'formular-1'),
(302, 'view-mod', 'formular-1'),
(303, 'properties', 'formular-1'),
(304, 'date--4', 'formular-1'),
(305, 'general-node-', 'formular-1'),
(306, 'home-page-', 'formular-1'),
(307, 'have-socials-', 'formular-1'),
(308, 'have-comments', 'formular-1'),
(309, 'close-2', 'formular-1'),
(310, 'view-mod-help', 'formular-1'),
(311, 'nume-2', 'formular-1'),
(312, 'info-1', 'formular-1'),
(313, 'screen', 'formular-1'),
(314, 'frontend-link-', 'formular-1'),
(315, 'title--3', 'formular-1'),
(316, 'uri-', 'formular-1'),
(317, 'text-', 'formular-1'),
(318, 'enabled--1', 'formular-1'),
(319, 'settings-1', 'compartimente'),
(320, 'template-color-schema', 'settings-1'),
(321, 'location', 'settings-1'),
(322, 'users-1', 'compartimente'),
(323, 'username-1', 'users-1'),
(324, 'email-4', 'users-1'),
(325, 'password-1', 'users-1'),
(326, 'save', 'users-1'),
(327, 'edit-details', 'users-1'),
(328, 'change-password', 'users-1'),
(329, 'new-password', 'users-1'),
(330, 'this-user-can', 'users-1'),
(331, 'new-user', 'users-1'),
(332, 'disable', 'module-1'),
(333, 'enabled-3', 'module-1'),
(334, 'acte-locale', 'compartimente'),
(335, 'new-record', 'acte-locale'),
(336, 'nr-5', 'acte-locale'),
(337, 'title-5', 'acte-locale'),
(338, 'type-1', 'acte-locale'),
(339, 'date-6', 'acte-locale'),
(340, 'emitent', 'acte-locale'),
(341, 'document-1', 'acte-locale'),
(342, 'calendar-1', 'compartimente'),
(343, 'edit-event', 'calendar-1'),
(344, 'general-3', 'calendar-1'),
(345, 'varianta-in-1', 'calendar-1'),
(346, 'period-', 'calendar-1'),
(347, 'event-date-', 'calendar-1'),
(348, 'group-', 'calendar-1'),
(349, 'enabled--3', 'calendar-1'),
(350, 'title--5', 'calendar-1'),
(351, 'event-lang-not-found', 'calendar-1'),
(352, 'create-new-event', 'calendar-1'),
(353, 'event-name-in-', 'calendar-1'),
(354, 'creaza-eveniment', 'calendar-1'),
(355, 'chat-2', 'compartimente'),
(356, 'login-failed', 'chat-2'),
(357, 'login-succeeded', 'chat-2'),
(358, 'send-chat-on-email', 'chat-2'),
(359, 'exitchat', 'chat-2'),
(360, 'accesible', 'compartimente'),
(361, 'gallery', 'compartimente'),
(362, 'general-4', 'gallery'),
(363, 'fisiere-1', 'gallery'),
(364, 'name--3', 'gallery'),
(365, 'create-gallery', 'gallery'),
(366, 'recrut', 'compartimente'),
(367, 'post-1', 'recrut'),
(368, 'name-6', 'recrut'),
(369, 'cv-2', 'recrut'),
(370, 'date-7', 'recrut'),
(371, 'disabled', 'recrut'),
(372, 'enabled-5', 'recrut'),
(373, 'newsletter-2', 'compartimente'),
(374, 'email-5', 'newsletter-2'),
(375, 'subscribe-date', 'newsletter-2'),
(376, 'enabled-6', 'newsletter-2'),
(377, 'export', 'newsletter-2'),
(378, 'send-this-post', 'newsletter-2'),
(379, 'persons', 'compartimente'),
(380, 'persons-1', 'persons'),
(381, 'person-groups', 'persons'),
(382, 'audience', 'persons'),
(383, 'edit-person-group', 'persons'),
(384, 'gname', 'persons'),
(385, 'gdescription', 'persons'),
(386, 'phone--1', 'persons'),
(387, 'email--5', 'persons'),
(388, 'birth-date-', 'persons'),
(389, 'accesibil-pentru-audienta-', 'persons'),
(390, 'feed-', 'persons'),
(391, 'user--1', 'persons'),
(392, 'groups-', 'persons'),
(393, 'photo', 'persons'),
(394, 'chat-icon', 'persons'),
(395, 'drag', 'persons'),
(396, 'drag-1', 'persons'),
(397, 'nume-3', 'persons'),
(398, 'lang-2', 'persons'),
(399, 'value', 'persons'),
(400, 'delete-1', 'persons'),
(401, 'no-lang', 'persons'),
(402, 'create-new-group', 'persons'),
(403, 'create-group', 'persons'),
(404, 'name-in', 'persons'),
(405, 'first-name-', 'persons'),
(406, 'last-name-', 'persons'),
(407, 'function-', 'persons'),
(408, 'civil-state-', 'persons'),
(409, 'studies-', 'persons'),
(410, 'activity-', 'persons'),
(411, 'sector-', 'persons'),
(412, 'motto-', 'persons'),
(413, 'text--1', 'persons'),
(414, 'consilier', 'persons'),
(415, 'name-8', 'persons'),
(416, 'phone-2', 'persons'),
(417, 'email-7', 'persons'),
(418, 'date-8', 'persons'),
(419, 'general-5', 'persons'),
(420, 'dynamic-fields', 'persons'),
(421, 'polls', 'compartimente'),
(422, 'poll-form', 'polls'),
(423, 'general-6', 'polls'),
(424, 'title-7', 'polls'),
(425, 'date-created', 'polls'),
(426, 'enabled-7', 'polls'),
(427, 'create-new-poll', 'polls'),
(428, 'active-1', 'polls'),
(429, 'delete--1', 'polls'),
(430, 'question-', 'polls'),
(431, 'answer', 'polls'),
(432, 'social-complaints', 'compartimente'),
(433, 'page-4', 'social-complaints'),
(434, 'username-2', 'social-complaints'),
(435, 'email-8', 'social-complaints'),
(436, 'address-1', 'social-complaints'),
(437, 'title-8', 'social-complaints'),
(438, 'text-3', 'social-complaints'),
(439, 'response', 'social-complaints'),
(440, 'date-10', 'social-complaints'),
(441, 'private', 'social-complaints'),
(442, 'enabled-8', 'social-complaints'),
(443, 'vars', 'compartimente'),
(444, 'key', 'vars'),
(445, 'name-9', 'vars'),
(446, 'action-2', 'vars'),
(447, 'no-vars', 'vars'),
(448, 'delete-user', 'users-1'),
(449, 'allow-pcomment', 'edit-post'),
(450, 'hovecomments', 'edit-post'),
(451, 'havesocials', 'edit-post'),
(452, 'editfiledetails', 'files'),
(453, 'save-1', 'files'),
(454, 'is-alert', 'edit-post'),
(455, 'data-expirarii-alertei', 'edit-post'),
(456, 'website-activ', 'settings-1'),
(457, 'pentru-a-accesa-website-ul-folositi-linkul', 'settings-1'),
(458, 'click-aici', 'settings-1'),
(459, 'template-set', 'settings-1'),
(460, 'template-2', 'settings-1'),
(461, 'template-b', 'settings-1'),
(462, 'stiri', 'pages-1'),
(463, 'template-4', 'compartimente'),
(464, 'confirm-tpl', 'template-4'),
(465, 'upload-new-template', 'template-4'),
(466, 'invalid-file', 'template-4'),
(467, 'invalid-zip', 'template-4'),
(468, 'installphp-is-required', 'template-4'),
(469, 'undefined-app-name', 'template-4'),
(470, 'undefined-template-name-or-already-exists', 'template-4'),
(471, 'template-not-found-in-zip', 'template-4'),
(472, 'tpl-succeful', 'template-4'),
(473, 'template-deleted', 'template-4'),
(474, 'template-not-found-1', 'template-4'),
(475, 'alerte', 'layout'),
(476, 'confirm-alert', 'alerte'),
(477, 'general-7', 'settings-1'),
(478, 'aparenta', 'settings-1'),
(479, 'location-1', 'settings-1'),
(480, 'comments', 'settings-1'),
(481, 'inca', 'settings-1'),
(482, 'sitename', 'settings-1'),
(483, 'cachelife', 'settings-1'),
(484, 'disqus-shortname', 'settings-1'),
(485, 'ment-text', 'settings-1'),
(486, 'home-logo-in-', 'settings-1'),
(487, 'home-logo-small', 'settings-1'),
(488, 'logo', 'settings-1'),
(489, 'favicon', 'settings-1'),
(490, 'map', 'layout');

-- --------------------------------------------------------

--
-- Table structure for table `apl_var_lang`
--

DROP TABLE IF EXISTS `apl_var_lang`;
CREATE TABLE IF NOT EXISTS `apl_var_lang` (
  `id` int(11) NOT NULL AUTO_INCREMENT,
  `var_key` varchar(250) NOT NULL,
  `value` text NOT NULL,
  `lang_id` int(11) NOT NULL,
  PRIMARY KEY (`id`)
) ENGINE=InnoDB  DEFAULT CHARSET=utf8 AUTO_INCREMENT=2036 ;

--
-- Dumping data for table `apl_var_lang`
--

INSERT INTO `apl_var_lang` (`id`, `var_key`, `value`, `lang_id`) VALUES
(1, 'frontend', 'Frontend', 1),
(2, 'frontend', '', 2),
(3, 'backend', 'Backend', 1),
(4, 'backend', '', 2),
(5, 'menu', 'Meniu', 1),
(6, 'menu', '', 2),
(7, 'pages', 'Pagini', 1),
(8, 'pages', '', 2),
(9, 'layout', 'Layout', 1),
(10, 'layout', '', 2),
(12, 'discuta', 'Discută', 1),
(13, 'discuta', '', 2),
(15, 'social-links', 'Socials', 1),
(16, 'social-links', '', 2),
(18, 'facebook', 'Facebook', 1),
(19, 'facebook', '', 2),
(21, 'facebook-link', 'https://www.facebook.com/', 1),
(22, 'facebook-link', 'https://www.facebook.com/', 2),
(24, 'odnoklassniki', 'Odnoklassniki', 1),
(25, 'odnoklassniki', '', 2),
(30, 'odnoklassniki-link-1', 'http://www.odnoklassniki.ru/', 1),
(31, 'odnoklassniki-link-1', 'http://www.odnoklassniki.ru/', 2),
(33, 'vkontakte', 'Vkontakte', 1),
(34, 'vkontakte', '', 2),
(36, 'vkontakte-link', 'https://vk.com/', 1),
(37, 'vkontakte-link', 'https://vk.com/', 2),
(39, 'twitter', 'Twitter', 1),
(40, 'twitter', '', 2),
(42, 'twitter-link', 'https://twitter.com/', 1),
(43, 'twitter-link', 'https://twitter.com/', 2),
(45, 'gplus', 'Google+', 1),
(46, 'gplus', '', 2),
(48, 'gplus-link', 'https://plus.google.com/', 1),
(49, 'gplus-link', 'https://plus.google.com/', 2),
(51, 'rss', 'RSS', 1),
(52, 'rss', '', 2),
(54, 'rss-link', '/ro/rss', 1),
(55, 'rss-link', '/ru/rss', 2),
(57, 'online', 'online', 1),
(58, 'online', '', 2),
(60, 'offline', 'Offline', 1),
(61, 'offline', '', 2),
(63, 'nr-phone', '(022) 22-32-53', 1),
(64, 'nr-phone', '', 2),
(66, 'cautare', 'Căutare prin site', 1),
(67, 'cautare', '', 2),
(72, 'cititi', 'Cititi mai multe', 1),
(73, 'cititi', '', 2),
(75, 'licentiere-cc', 'despre licențiere CC, sau', 1),
(76, 'licentiere-cc', '', 2),
(78, 'licenta', 'utilizati licența', 1),
(79, 'licenta', '', 2),
(81, 'licenta-link', 'https://www.google.md/', 1),
(82, 'licenta-link', '', 2),
(84, 'material', 'pentru propriul dvs. material.', 1),
(85, 'material', '', 2),
(87, 'submit', 'Trimite', 1),
(88, 'submit', '', 2),
(90, 'top-contacts', 'Contact', 1),
(91, 'top-contacts', '', 2),
(93, 'contact-us', 'Contactează-ne', 1),
(94, 'contact-us', '', 2),
(96, 'contacts', 'Contacte', 1),
(97, 'contacts', '', 2),
(99, 'phone-anti', 'Telefon Anticameră', 1),
(100, 'phone-anti', '', 2),
(102, 'nr-anti', '(0-237) 22-33-44', 1),
(103, 'nr-anti', '', 2),
(105, 'email', 'Email', 1),
(106, 'email', '', 2),
(108, 'email-address', 'info@straseni.gov.md', 1),
(109, 'email-address', '', 2),
(111, 'relatii', 'Relatii cu publicul', 1),
(112, 'relatii', '', 2),
(114, 'nr-relatii', '(0-237) 22-33-44', 1),
(115, 'nr-relatii', '', 2),
(117, 'fax', 'Fax', 1),
(118, 'fax', '', 2),
(120, 'nr-fax', '(0-237) 55-66-77', 1),
(121, 'nr-fax', '', 2),
(123, 'all-nr-phone', 'Mai multe date de contact', 1),
(124, 'all-nr-phone', '', 2),
(126, 'orar-autobus', 'Orarul rutelor de autobus', 1),
(127, 'orar-autobus', '', 2),
(129, 'address', 'Adresa primărie Orașului Strășeni', 1),
(130, 'address', '', 2),
(132, 'street', 'Strada Ștefan cel Mare 24, MD 2034', 1),
(133, 'street', '', 2),
(135, 'city', 'Orașul Strășeni', 1),
(136, 'city', '', 2),
(138, 'form-contact', 'Forma de contact', 1),
(139, 'form-contact', '', 2),
(141, 'write-us', 'Scrieti-ne direct', 1),
(142, 'write-us', '', 2),
(144, 'success', 'Mesajul dumneavoastra a fost expediat cu succes', 1),
(145, 'success', '', 2),
(147, 'name-last-name', 'Nume Prenume', 1),
(148, 'name-last-name', '', 2),
(150, 'message', 'Mesaj', 1),
(151, 'message', '', 2),
(153, 'orar-link', 'http://www.autogara.md/orar/', 1),
(154, 'orar-link', '', 2),
(156, 'pages-1', 'Pagini', 1),
(157, 'pages-1', '', 2),
(159, 'statut', 'Statut', 1),
(160, 'statut', '', 2),
(162, 'oferte', 'Primim oferte', 1),
(163, 'oferte', '', 2),
(165, 'oferte-expirate', 'Ofertă expirată', 1),
(166, 'oferte-expirate', '', 2),
(168, 'documente', 'Documente', 1),
(169, 'documente', '', 2),
(171, 'articole-null', 'Nu sunt articole', 1),
(172, 'articole-null', '', 2),
(174, 'error', 'Eroare', 1),
(175, 'error', '', 2),
(177, 'sorry', 'Ne pare rău', 1),
(178, 'sorry', '', 2),
(180, 'pagina-solicitata', 'pagina solicitată, nu a putut fi găsită!', 1),
(181, 'pagina-solicitata', '', 2),
(183, 'denumire-link', 'denumire / link', 1),
(184, 'denumire-link', '', 2),
(186, 'actualizat', 'Actualizat', 1),
(187, 'actualizat', '', 2),
(189, 'data', 'Data', 1),
(190, 'data', '', 2),
(192, 'ora', 'Ora', 1),
(193, 'ora', '', 2),
(195, 'locatia', 'Locația', 1),
(196, 'locatia', '', 2),
(198, 'denumire-proiect', 'Denumire proiect', 1),
(199, 'denumire-proiect', '', 2),
(201, 'proiect', 'proiect', 1),
(202, 'proiect', '', 2),
(204, 'data-proiect', 'Data de start și finalizare', 1),
(205, 'data-proiect', '', 2),
(207, 'domeniu', 'Domeniu', 1),
(208, 'domeniu', '', 2),
(210, 'stadiul', 'Stadiul de realizare proiect', 1),
(211, 'stadiul', '', 2),
(213, 'valoarea-proiectului', 'Valoarea proiectului', 1),
(214, 'valoarea-proiectului', '', 2),
(216, 'parteneri', 'Parteneri', 1),
(217, 'parteneri', '', 2),
(219, 'relevanta', 'Relevanța și impactul regional al proiectului', 1),
(220, 'relevanta', '', 2),
(222, 'activitati-proiecte', 'Activități principale', 1),
(223, 'activitati-proiecte', '', 2),
(225, 'produsele-proiectului', 'Produsele proiectului	', 1),
(226, 'produsele-proiectului', '', 2),
(228, 'rezultatele-proiectului', 'Rezultatele proiectului', 1),
(229, 'rezultatele-proiectului', '', 2),
(231, 'obiectivele-proiectului', 'Obiectivele proiectului', 1),
(232, 'obiectivele-proiectului', '', 2),
(234, 'valoarea-totala', 'Valoarea totală a proiectului', 1),
(235, 'valoarea-totala', '', 2),
(237, 'fisiere', 'Fișiere', 1),
(238, 'fisiere', '', 2),
(240, 'telefon', 'Telefon', 1),
(241, 'telefon', '', 2),
(243, 'serviciu', 'Serviciu', 1),
(244, 'serviciu', '', 2),
(246, 'termen-limita', 'Termen limită de aplicare ', 1),
(247, 'termen-limita', '', 2),
(249, 'toate-sedinte', 'Toate ședințele', 1),
(250, 'toate-sedinte', '', 2),
(252, 'arhiva', 'arhivă', 1),
(253, 'arhiva', '', 2),
(255, 'chat-online', 'discută on-line', 1),
(256, 'chat-online', '', 2),
(258, 'cum-ne-gasiti', 'Cum ne găsiți', 1),
(259, 'cum-ne-gasiti', '', 2),
(261, 'legatura-directa', 'Datele de contact', 1),
(262, 'legatura-directa', '', 2),
(264, 'adresa', 'adresa', 1),
(265, 'adresa', '', 2),
(267, 'vorbeste-direct', 'Vorbeste direct cu un reprezentant al primariei', 1),
(268, 'vorbeste-direct', '', 2),
(270, 'chat', 'Chat', 1),
(271, 'chat', '', 2),
(273, 'anunturi', 'Anunțuri', 1),
(274, 'anunturi', '', 2),
(276, 'raporteaza-abuz', 'Raportează un abuz social', 1),
(277, 'raporteaza-abuz', '', 2),
(279, 'scrieti-direct', 'Scrieți-ne un mesaj', 1),
(280, 'scrieti-direct', '', 2),
(282, 'adresa-telefon', 'Adresa Postala/Telefon', 1),
(283, 'adresa-telefon', '', 2),
(285, 'subiect', 'Subiect', 1),
(286, 'subiect', '', 2),
(288, 'cod-verificare', 'Cod de verificare', 1),
(289, 'cod-verificare', '', 2),
(291, 'search', 'Caută', 1),
(292, 'search', '', 2),
(294, 'modelul-formularul', 'Cauta modelul/formularul', 1),
(295, 'modelul-formularul', '', 2),
(297, 'date-contact', 'datele de Contact ale primariei', 1),
(298, 'date-contact', '', 2),
(300, 'frontend', '', 6),
(301, 'backend', '', 6),
(302, 'menu', '', 6),
(303, 'pages', '', 6),
(304, 'layout', '', 6),
(305, 'discuta', '', 6),
(306, 'social-links', '', 6),
(307, 'facebook', '', 6),
(308, 'facebook-link', 'https://www.facebook.com/', 6),
(309, 'odnoklassniki', '', 6),
(310, 'odnoklassniki-link', 'http://www.odnoklassniki.ru/', 6),
(311, 'odnoklassniki-link-1', '', 6),
(312, 'vkontakte', '', 6),
(313, 'vkontakte-link', 'https://vk.com/', 6),
(314, 'twitter', '', 6),
(315, 'twitter-link', 'https://twitter.com/', 6),
(316, 'gplus', '', 6),
(317, 'gplus-link', 'https://plus.google.com/', 6),
(318, 'rss', '', 6),
(319, 'rss-link', '/en/rss', 6),
(320, 'online', '', 6),
(321, 'offline', '', 6),
(322, 'nr-phone', '', 6),
(323, 'cautare', '', 6),
(324, 'cititi', '', 6),
(325, 'licentiere-cc', '', 6),
(326, 'licenta', '', 6),
(327, 'licenta-link', '', 6),
(328, 'material', '', 6),
(329, 'submit', '', 6),
(330, 'top-contacts', '', 6),
(331, 'contact-us', '', 6),
(332, 'contacts', '', 6),
(333, 'phone-anti', '', 6),
(334, 'nr-anti', '', 6),
(335, 'email', '', 6),
(336, 'email-address', '', 6),
(337, 'relatii', '', 6),
(338, 'nr-relatii', '', 6),
(339, 'fax', '', 6),
(340, 'nr-fax', '', 6),
(341, 'all-nr-phone', '', 6),
(342, 'orar-autobus', '', 6),
(343, 'address', '', 6),
(344, 'street', '', 6),
(345, 'city', '', 6),
(346, 'form-contact', '', 6),
(347, 'write-us', '', 6),
(348, 'success', '', 6),
(349, 'name-last-name', '', 6),
(350, 'message', '', 6),
(351, 'orar-link', '', 6),
(352, 'pages-1', '', 6),
(353, 'statut', '', 6),
(354, 'oferte', '', 6),
(355, 'oferte-expirate', '', 6),
(356, 'documente', '', 6),
(357, 'articole-null', '', 6),
(358, 'error', '', 6),
(359, 'sorry', '', 6),
(360, 'pagina-solicitata', '', 6),
(361, 'denumire-link', '', 6),
(362, 'actualizat', '', 6),
(363, 'data', '', 6),
(364, 'ora', '', 6),
(365, 'locatia', '', 6),
(366, 'denumire-proiect', '', 6),
(367, 'proiect', '', 6),
(368, 'data-proiect', '', 6),
(369, 'domeniu', '', 6),
(370, 'stadiul', '', 6),
(371, 'valoarea-proiectului', '', 6),
(372, 'parteneri', '', 6),
(373, 'relevanta', '', 6),
(374, 'activitati-proiecte', '', 6),
(375, 'produsele-proiectului', '', 6),
(376, 'rezultatele-proiectului', '', 6),
(377, 'obiectivele-proiectului', '', 6),
(378, 'valoarea-totala', '', 6),
(379, 'fisiere', '', 6),
(380, 'telefon', '', 6),
(381, 'serviciu', '', 6),
(382, 'termen-limita', '', 6),
(383, 'toate-sedinte', '', 6),
(384, 'arhiva', '', 6),
(385, 'chat-online', '', 6),
(386, 'cum-ne-gasiti', '', 6),
(387, 'legatura-directa', '', 6),
(388, 'adresa', '', 6),
(389, 'vorbeste-direct', '', 6),
(390, 'chat', '', 6),
(391, 'anunturi', '', 6),
(392, 'raporteaza-abuz', '', 6),
(393, 'scrieti-direct', '', 6),
(394, 'adresa-telefon', '', 6),
(395, 'subiect', '', 6),
(396, 'cod-verificare', '', 6),
(397, 'search', '', 6),
(398, 'modelul-formularul', '', 6),
(399, 'date-contact', '', 6),
(400, 'frontend', '', 7),
(401, 'backend', '', 7),
(402, 'menu', '', 7),
(403, 'pages', '', 7),
(404, 'layout', '', 7),
(405, 'discuta', '', 7),
(406, 'social-links', '', 7),
(407, 'facebook', '', 7),
(408, 'facebook-link', 'https://www.facebook.com/', 7),
(409, 'odnoklassniki', '', 7),
(410, 'odnoklassniki-link', 'http://www.odnoklassniki.ru/', 7),
(411, 'odnoklassniki-link-1', '', 7),
(412, 'vkontakte', '', 7),
(413, 'vkontakte-link', 'https://vk.com/', 7),
(414, 'twitter', '', 7),
(415, 'twitter-link', 'https://twitter.com/', 7),
(416, 'gplus', '', 7),
(417, 'gplus-link', 'https://plus.google.com/', 7),
(418, 'rss', '', 7),
(419, 'rss-link', '/bg/rss', 7),
(420, 'online', '', 7),
(421, 'offline', '', 7),
(422, 'nr-phone', '', 7),
(423, 'cautare', '', 7),
(424, 'cititi', '', 7),
(425, 'licentiere-cc', '', 7),
(426, 'licenta', '', 7),
(427, 'licenta-link', '', 7),
(428, 'material', '', 7),
(429, 'submit', '', 7),
(430, 'top-contacts', '', 7),
(431, 'contact-us', '', 7),
(432, 'contacts', '', 7),
(433, 'phone-anti', '', 7),
(434, 'nr-anti', '', 7),
(435, 'email', '', 7),
(436, 'email-address', '', 7),
(437, 'relatii', '', 7),
(438, 'nr-relatii', '', 7),
(439, 'fax', '', 7),
(440, 'nr-fax', '', 7),
(441, 'all-nr-phone', '', 7),
(442, 'orar-autobus', '', 7),
(443, 'address', '', 7),
(444, 'street', '', 7),
(445, 'city', '', 7),
(446, 'form-contact', '', 7),
(447, 'write-us', '', 7),
(448, 'success', '', 7),
(449, 'name-last-name', '', 7),
(450, 'message', '', 7),
(451, 'orar-link', '', 7),
(452, 'pages-1', '', 7),
(453, 'statut', '', 7),
(454, 'oferte', '', 7),
(455, 'oferte-expirate', '', 7),
(456, 'documente', '', 7),
(457, 'articole-null', '', 7),
(458, 'error', '', 7),
(459, 'sorry', '', 7),
(460, 'pagina-solicitata', '', 7),
(461, 'denumire-link', '', 7),
(462, 'actualizat', '', 7),
(463, 'data', '', 7),
(464, 'ora', '', 7),
(465, 'locatia', '', 7),
(466, 'denumire-proiect', '', 7),
(467, 'proiect', '', 7),
(468, 'data-proiect', '', 7),
(469, 'domeniu', '', 7),
(470, 'stadiul', '', 7),
(471, 'valoarea-proiectului', '', 7),
(472, 'parteneri', '', 7),
(473, 'relevanta', '', 7),
(474, 'activitati-proiecte', '', 7),
(475, 'produsele-proiectului', '', 7),
(476, 'rezultatele-proiectului', '', 7),
(477, 'obiectivele-proiectului', '', 7),
(478, 'valoarea-totala', '', 7),
(479, 'fisiere', '', 7),
(480, 'telefon', '', 7),
(481, 'serviciu', '', 7),
(482, 'termen-limita', '', 7),
(483, 'toate-sedinte', '', 7),
(484, 'arhiva', '', 7),
(485, 'chat-online', '', 7),
(486, 'cum-ne-gasiti', '', 7),
(487, 'legatura-directa', '', 7),
(488, 'adresa', '', 7),
(489, 'vorbeste-direct', '', 7),
(490, 'chat', '', 7),
(491, 'anunturi', '', 7),
(492, 'raporteaza-abuz', '', 7),
(493, 'scrieti-direct', '', 7),
(494, 'adresa-telefon', '', 7),
(495, 'subiect', '', 7),
(496, 'cod-verificare', '', 7),
(497, 'search', '', 7),
(498, 'modelul-formularul', '', 7),
(499, 'date-contact', '', 7),
(500, 'viziteaza', 'Vizitează-ne', 1),
(501, 'viziteaza', '', 2),
(502, 'viziteaza', '', 6),
(503, 'viziteaza', '', 7),
(504, 'modules', 'Module', 1),
(505, 'modules', '', 2),
(506, 'modules', '', 6),
(507, 'modules', '', 7),
(508, 'calendar', 'Calendar', 1),
(509, 'calendar', '', 2),
(510, 'calendar', '', 6),
(511, 'calendar', '', 7),
(512, 'luni', 'lu', 1),
(513, 'luni', '', 2),
(514, 'luni', '', 6),
(515, 'luni', '', 7),
(516, 'marti', 'ma', 1),
(517, 'marti', '', 2),
(518, 'marti', '', 6),
(519, 'marti', '', 7),
(520, 'miercuri', 'mi', 1),
(521, 'miercuri', '', 2),
(522, 'miercuri', '', 6),
(523, 'miercuri', '', 7),
(524, 'joi', 'jo', 1),
(525, 'joi', '', 2),
(526, 'joi', '', 6),
(527, 'joi', '', 7),
(528, 'vineri', 'vi', 1),
(529, 'vineri', '', 2),
(530, 'vineri', '', 6),
(531, 'vineri', '', 7),
(532, 'simbata', 'si', 1),
(533, 'simbata', '', 2),
(534, 'simbata', '', 6),
(535, 'simbata', '', 7),
(536, 'duminica', 'du', 1),
(537, 'duminica', '', 2),
(538, 'duminica', '', 6),
(539, 'duminica', '', 7),
(540, 'firechat', 'Chat', 1),
(541, 'firechat', '', 2),
(542, 'firechat', '', 6),
(543, 'firechat', '', 7),
(544, 'functionar', 'Funcționar', 1),
(545, 'functionar', '', 2),
(546, 'functionar', '', 6),
(547, 'functionar', '', 7),
(548, 'discuta-cu-primar', 'Discută on-line cu primarul', 1),
(549, 'discuta-cu-primar', '', 2),
(550, 'discuta-cu-primar', '', 6),
(551, 'discuta-cu-primar', '', 7),
(552, 'cv-form', 'CV  de la', 1),
(553, 'cv-form', '', 2),
(554, 'cv-form', '', 6),
(555, 'cv-form', '', 7),
(556, 'cv', 'Incarca CV', 1),
(557, 'cv', '', 2),
(558, 'cv', '', 6),
(559, 'cv', '', 7),
(560, 'newsletter', 'Newsletter', 1),
(561, 'newsletter', '', 2),
(562, 'newsletter', '', 6),
(563, 'newsletter', '', 7),
(564, 'aboneazatate-la-buletin', 'Aboneazate la Buletinul informativ al primăriei', 1),
(565, 'aboneazatate-la-buletin', '', 2),
(566, 'aboneazatate-la-buletin', '', 6),
(567, 'aboneazatate-la-buletin', '', 7),
(568, 'email-dvs', 'Email-ul Dvs.', 1),
(569, 'email-dvs', '', 2),
(570, 'email-dvs', '', 6),
(571, 'email-dvs', '', 7),
(572, 'person', 'Persoane', 1),
(573, 'person', '', 2),
(574, 'person', '', 6),
(575, 'person', '', 7),
(576, 'atentie', 'ATENTIE !', 1),
(577, 'atentie', '', 2),
(578, 'atentie', '', 6),
(579, 'atentie', '', 7),
(580, 'info-atentie', 'Pentru a solicita o audiență la unul din functionar vă rugăm să completați formularul de cerere, iar noi vă vom comunica prin e-mail data și ora audienței programate.', 1),
(581, 'info-atentie', '', 2),
(582, 'info-atentie', '', 6),
(583, 'info-atentie', '', 7),
(584, 'online-audienta', 'Programează-te online pentru o audiență', 1),
(585, 'online-audienta', '', 2),
(586, 'online-audienta', '', 6),
(587, 'online-audienta', '', 7),
(588, 'aparteneta', 'Apartenenta politica, contacte', 1),
(589, 'aparteneta', '', 2),
(590, 'aparteneta', '', 6),
(591, 'aparteneta', '', 7),
(592, 'sectorul', 'Sectorul', 1),
(593, 'sectorul', '', 2),
(594, 'sectorul', '', 6),
(595, 'sectorul', '', 7),
(596, 'secretarul', 'secretarul', 1),
(597, 'secretarul', '', 2),
(598, 'secretarul', '', 6),
(599, 'secretarul', '', 7),
(600, 'data-nasterii', 'Data nașterii', 1),
(601, 'data-nasterii', '', 2),
(602, 'data-nasterii', '', 6),
(603, 'data-nasterii', '', 7),
(604, 'starea-civila', 'Starea civila', 1),
(605, 'starea-civila', '', 2),
(606, 'starea-civila', '', 6),
(607, 'starea-civila', '', 7),
(608, 'studii', 'Studii', 1),
(609, 'studii', '', 2),
(610, 'studii', '', 6),
(611, 'studii', '', 7),
(612, 'activitate-politica', 'Activitate politica', 1),
(613, 'activitate-politica', '', 2),
(614, 'activitate-politica', '', 6),
(615, 'activitate-politica', '', 7),
(616, 'contact', 'Date de contact', 1),
(617, 'contact', '', 2),
(618, 'contact', '', 6),
(619, 'contact', '', 7),
(620, 'actelocale', 'Acte locale', 1),
(621, 'actelocale', '', 2),
(622, 'actelocale', '', 6),
(623, 'actelocale', '', 7),
(624, 'search-button', 'Cauta', 1),
(625, 'search-button', '', 2),
(626, 'search-button', '', 6),
(627, 'search-button', '', 7),
(628, 'search-label', 'Cauta', 1),
(629, 'search-label', '', 2),
(630, 'search-label', '', 6),
(631, 'search-label', '', 7),
(632, 'page-result', 'Rezultate pe pagină', 1),
(633, 'page-result', '', 2),
(634, 'page-result', '', 6),
(635, 'page-result', '', 7),
(636, 'months', 'Lunile anului', 1),
(637, 'months', '', 2),
(638, 'months', '', 6),
(639, 'months', '', 7),
(640, 'ianuarie', 'Ianuarie', 1),
(641, 'ianuarie', '', 2),
(642, 'ianuarie', '', 6),
(643, 'ianuarie', '', 7),
(644, 'februarie', 'Februarie', 1),
(645, 'februarie', '', 2),
(646, 'februarie', '', 6),
(647, 'februarie', '', 7),
(648, 'martie', 'Martie', 1),
(649, 'martie', '', 2),
(650, 'martie', '', 6),
(651, 'martie', '', 7),
(652, 'aprilie', 'Aprilie', 1),
(653, 'aprilie', '', 2),
(654, 'aprilie', '', 6),
(655, 'aprilie', '', 7),
(656, 'mai', 'Mai', 1),
(657, 'mai', '', 2),
(658, 'mai', '', 6),
(659, 'mai', '', 7),
(660, 'iunie', 'Iunie', 1),
(661, 'iunie', '', 2),
(662, 'iunie', '', 6),
(663, 'iunie', '', 7),
(664, 'iulie', 'Iulie', 1),
(665, 'iulie', '', 2),
(666, 'iulie', '', 6),
(667, 'iulie', '', 7),
(668, 'august', 'August', 1),
(669, 'august', '', 2),
(670, 'august', '', 6),
(671, 'august', '', 7),
(672, 'septembrie', 'Septembrie', 1),
(673, 'septembrie', '', 2),
(674, 'septembrie', '', 6),
(675, 'septembrie', '', 7),
(676, 'octombrie', 'Octombrie', 1),
(677, 'octombrie', '', 2),
(678, 'octombrie', '', 6),
(679, 'octombrie', '', 7),
(680, 'noiembrie', 'Noiembrie', 1),
(681, 'noiembrie', '', 2),
(682, 'noiembrie', '', 6),
(683, 'noiembrie', '', 7),
(684, 'decembrie', 'Decembrie', 1),
(685, 'decembrie', '', 2),
(686, 'decembrie', '', 6),
(687, 'decembrie', '', 7),
(688, 'acte-search', 'Pagina', 1),
(689, 'acte-search', '', 2),
(690, 'acte-search', '', 6),
(691, 'acte-search', '', 7),
(692, 'acte-nr', 'nr.', 1),
(693, 'acte-nr', '', 2),
(694, 'acte-nr', '', 6),
(695, 'acte-nr', '', 7),
(696, 'acte-title', 'Titlu ', 1),
(697, 'acte-title', '', 2),
(698, 'acte-title', '', 6),
(699, 'acte-title', '', 7),
(700, 'acte-tip', 'Tip ', 1),
(701, 'acte-tip', '', 2),
(702, 'acte-tip', '', 6),
(703, 'acte-tip', '', 7),
(704, 'acte-emitent', 'Emitent', 1),
(705, 'acte-emitent', '', 2),
(706, 'acte-emitent', '', 6),
(707, 'acte-emitent', '', 7),
(708, 'acte-data', 'Data', 1),
(709, 'acte-data', '', 2),
(710, 'acte-data', '', 6),
(711, 'acte-data', '', 7),
(712, 'fire-save', 'Doriți să salvați mesajele pe mail? ', 1),
(713, 'fire-save', '', 2),
(714, 'fire-save', '', 6),
(715, 'fire-save', '', 7),
(716, 'fire-click', 'click aici', 1),
(717, 'fire-click', '', 2),
(718, 'fire-click', '', 6),
(719, 'fire-click', '', 7),
(720, 'fire-reg', 'Această disuție online se înregistrează', 1),
(721, 'fire-reg', '', 2),
(722, 'fire-reg', '', 6),
(723, 'fire-reg', '', 7),
(724, 'fire-rlu', 'Sigur doriți să expediați mesajele pe ', 1),
(725, 'fire-rlu', '', 2),
(726, 'fire-rlu', '', 6),
(727, 'fire-rlu', '', 7),
(728, 'fire-email', 'Email-ul a fost trimis', 1),
(729, 'fire-email', '', 2),
(730, 'fire-email', '', 6),
(731, 'fire-email', '', 7),
(732, 'fire-out', 'a părăsit chat-ul', 1),
(733, 'fire-out', '', 2),
(734, 'fire-out', '', 6),
(735, 'fire-out', '', 7),
(736, 'jobrequest', 'Cereri', 1),
(737, 'jobrequest', '', 2),
(738, 'jobrequest', '', 6),
(739, 'jobrequest', '', 7),
(740, 'jobreq', 'New job request, name: ', 1),
(741, 'jobreq', '', 2),
(742, 'jobreq', '', 6),
(743, 'jobreq', '', 7),
(744, 'news-dez', 'Newsletter dezabonare', 1),
(745, 'news-dez', '', 2),
(746, 'news-dez', '', 6),
(747, 'news-dez', '', 7),
(748, 'newsletter-msg', 'Your email is unsubscribed from website newsletter', 1),
(749, 'newsletter-msg', '', 2),
(750, 'newsletter-msg', '', 6),
(751, 'newsletter-msg', '', 7),
(752, 'nr', 'NR.', 1),
(753, 'nr', '', 2),
(754, 'nr', '', 6),
(755, 'nr', '', 7),
(756, 'nume-prenume', 'Nume Prenume', 1),
(757, 'nume-prenume', '', 2),
(758, 'nume-prenume', '', 6),
(759, 'nume-prenume', '', 7),
(760, 'functia', 'Functia', 1),
(761, 'functia', '', 2),
(762, 'functia', '', 6),
(763, 'functia', '', 7),
(764, 'apartenenta-politica', 'Apartenenta politică', 1),
(765, 'apartenenta-politica', '', 2),
(766, 'apartenenta-politica', '', 6),
(767, 'apartenenta-politica', '', 7),
(768, 'sondaje', 'Sondaje', 1),
(769, 'sondaje', '', 2),
(770, 'sondaje', '', 6),
(771, 'sondaje', '', 7),
(772, 'introduceti-codul-previne-voturile-automate', 'Introduceti codul, previne voturile automate', 1),
(773, 'introduceti-codul-previne-voturile-automate', '', 2),
(774, 'introduceti-codul-previne-voturile-automate', '', 6),
(775, 'introduceti-codul-previne-voturile-automate', '', 7),
(776, 'alte-sondaje', 'Alte sondaje', 1),
(777, 'alte-sondaje', '', 2),
(778, 'alte-sondaje', '', 6),
(779, 'alte-sondaje', '', 7),
(780, 'poll-msg-succ', 'Raspunsurile dumneavoastra au fost inregistrate cu succes! Va multumim! Puteti urmari rezultatele curente ale sondajului:', 1),
(781, 'poll-msg-succ', '', 2),
(782, 'poll-msg-succ', '', 6),
(783, 'poll-msg-succ', '', 7),
(784, 'poll-raspunsuri', 'raspunsuri', 1),
(785, 'poll-raspunsuri', '', 2),
(786, 'poll-raspunsuri', '', 6),
(787, 'poll-raspunsuri', '', 7),
(788, 'you-have-already-voted', 'You have already voted', 1),
(789, 'you-have-already-voted', '', 2),
(790, 'you-have-already-voted', '', 6),
(791, 'you-have-already-voted', '', 7),
(792, 'poll-not-found', 'Poll not found', 1),
(793, 'poll-not-found', '', 2),
(794, 'poll-not-found', '', 6),
(795, 'poll-not-found', '', 7),
(796, 'plingeri', 'Plângeri', 1),
(797, 'plingeri', '', 2),
(798, 'plingeri', '', 6),
(799, 'plingeri', '', 7),
(800, 'atentie-', 'ATENTIE ! ', 1),
(801, 'atentie-', '', 2),
(802, 'atentie-', '', 6),
(803, 'atentie-', '', 7),
(804, 'atent-msg', 'Petitiile anonime sau cele in care nu sunt trecute datele de identificare ale persoanei nu se iau în considerare si se claseaza, potrivit prezentei ordonante, administratorul site-ului rezervindu-si dreptul de a nu le face publice.', 1),
(805, 'atent-msg', '', 2),
(806, 'atent-msg', '', 6),
(807, 'atent-msg', '', 7),
(808, 'formular-de-completare', 'Formular de completare', 1),
(809, 'formular-de-completare', '', 2),
(810, 'formular-de-completare', '', 6),
(811, 'formular-de-completare', '', 7),
(812, 'numele-prenume', 'Numele Prenume*', 1),
(813, 'numele-prenume', '', 2),
(814, 'numele-prenume', '', 6),
(815, 'numele-prenume', '', 7),
(816, 'email-1', 'Email*', 1),
(817, 'email-1', '', 2),
(818, 'email-1', '', 6),
(819, 'email-1', '', 7),
(820, 'adresa-postala-telefon-', 'Adresa Postala/Telefon ', 1),
(821, 'adresa-postala-telefon-', '', 2),
(822, 'adresa-postala-telefon-', '', 6),
(823, 'adresa-postala-telefon-', '', 7),
(824, 'subiect-1', 'Subiect*', 1),
(825, 'subiect-1', '', 2),
(826, 'subiect-1', '', 6),
(827, 'subiect-1', '', 7),
(828, 'mesaj', 'Mesaj', 1),
(829, 'mesaj', '', 2),
(830, 'mesaj', '', 6),
(831, 'mesaj', '', 7),
(832, 'cod-de-verificare', 'Cod de verificare*', 1),
(833, 'cod-de-verificare', '', 2),
(834, 'cod-de-verificare', '', 6),
(835, 'cod-de-verificare', '', 7),
(836, 'public', 'Public', 1),
(837, 'public', '', 2),
(838, 'public', '', 6),
(839, 'public', '', 7),
(840, 'privat', 'Privat', 1),
(841, 'privat', '', 2),
(842, 'privat', '', 6),
(843, 'privat', '', 7),
(844, 'trimite', 'trimite', 1),
(845, 'trimite', '', 2),
(846, 'trimite', '', 6),
(847, 'trimite', '', 7),
(848, 'cautare-1', 'Cautare', 1),
(849, 'cautare-1', '', 2),
(850, 'cautare-1', '', 6),
(851, 'cautare-1', '', 7),
(852, 'rezultatul-cautarii', 'Rezultatul căutării', 1),
(853, 'rezultatul-cautarii', '', 2),
(854, 'rezultatul-cautarii', '', 6),
(855, 'rezultatul-cautarii', '', 7),
(856, 'rezultatele-cautarii-pentru-', 'Rezultatele căutării pentru ', 1),
(857, 'rezultatele-cautarii-pentru-', '', 2),
(858, 'rezultatele-cautarii-pentru-', '', 6),
(859, 'rezultatele-cautarii-pentru-', '', 7),
(860, 'afisate-', 'Afisate ', 1),
(861, 'afisate-', '', 2),
(862, 'afisate-', '', 6),
(863, 'afisate-', '', 7),
(864, '-din-', ' din ', 1),
(865, '-din-', '', 2),
(866, '-din-', '', 6),
(867, '-din-', '', 7),
(868, 'acasa', 'Principala', 1),
(869, 'acasa', '', 2),
(870, 'acasa', '', 6),
(871, 'acasa', '', 7),
(872, 'elemente', 'Elemente', 1),
(873, 'elemente', '', 2),
(874, 'elemente', '', 6),
(875, 'elemente', '', 7),
(876, 'paginatia', 'Paginatia', 1),
(877, 'paginatia', '', 2),
(878, 'paginatia', '', 6),
(879, 'paginatia', '', 7),
(880, 'previous', '&laquo; Previous', 1),
(881, 'previous', '', 2),
(882, 'previous', '', 6),
(883, 'previous', '', 7),
(884, 'next', 'Next &raquo;', 1),
(885, 'next', '', 2),
(886, 'next', '', 6),
(887, 'next', '', 7),
(888, 'validarea', 'Validarea', 1),
(889, 'validarea', '', 2),
(890, 'validarea', '', 6),
(891, 'validarea', '', 7),
(892, 'cimpul-attribute-este-abligator', 'Cimpul :attribute  este abligator.', 1),
(893, 'cimpul-attribute-este-abligator', '', 2),
(894, 'cimpul-attribute-este-abligator', '', 6),
(895, 'cimpul-attribute-este-abligator', '', 7),
(896, 'the-attribute-must-be-a-valid-email-address', 'Cimpul :attribute trebuie sa fie un email valid', 1),
(897, 'the-attribute-must-be-a-valid-email-address', '', 2),
(898, 'the-attribute-must-be-a-valid-email-address', '', 6),
(899, 'the-attribute-must-be-a-valid-email-address', '', 7),
(900, 'feeds', 'Grupe de postări', 1),
(901, 'feeds', '', 2),
(902, 'feeds', '', 6),
(903, 'feeds', '', 7),
(904, 'var', 'Variabile', 1),
(905, 'var', '', 2),
(906, 'var', '', 6),
(907, 'var', '', 7),
(908, 'extensions', 'Extensii', 1),
(909, 'extensions', '', 2),
(910, 'extensions', '', 6),
(911, 'extensions', '', 7),
(912, 'users', 'Utilizatori', 1),
(913, 'users', '', 2),
(914, 'users', '', 6),
(915, 'users', '', 7),
(916, 'languages', 'Limbi', 1),
(917, 'languages', '', 2),
(918, 'languages', '', 6),
(919, 'languages', '', 7),
(920, 'settings', 'Setari', 1),
(921, 'settings', '', 2),
(922, 'settings', '', 6),
(923, 'settings', '', 7),
(924, 'log', 'Log', 1),
(925, 'log', '', 2),
(926, 'log', '', 6),
(927, 'log', '', 7),
(928, 'layout-1', 'Layout', 1),
(929, 'layout-1', '', 2),
(930, 'layout-1', '', 6),
(931, 'layout-1', '', 7),
(932, 'hello-', 'Bună, ', 1),
(933, 'hello-', '', 2),
(934, 'hello-', '', 6),
(935, 'hello-', '', 7),
(936, 'select-file', 'Selectează fișier', 1),
(937, 'select-file', '', 2),
(938, 'select-file', '', 6),
(939, 'select-file', '', 7),
(940, 'close', 'Închide', 1),
(941, 'close', '', 2),
(942, 'close', '', 6),
(943, 'close', '', 7),
(944, 'title', 'Panou de publicare a continutului', 1),
(945, 'title', '', 2),
(946, 'title', '', 6),
(947, 'title', '', 7),
(948, 'enter-your-username-and-password', 'Introduceti numele de utilizator si parola', 1),
(949, 'enter-your-username-and-password', '', 2),
(950, 'enter-your-username-and-password', '', 6),
(951, 'enter-your-username-and-password', '', 7),
(952, 'sign-in', 'Logare', 1),
(953, 'sign-in', '', 2),
(954, 'sign-in', '', 6),
(955, 'sign-in', '', 7),
(956, 'username', 'Nume de utilizator', 1),
(957, 'username', '', 2),
(958, 'username', '', 6),
(959, 'username', '', 7),
(960, 'password', 'Parola', 1),
(961, 'password', '', 2),
(962, 'password', '', 6),
(963, 'password', '', 7),
(964, 'compartimente', 'Compartimente', 1),
(965, 'compartimente', '', 2),
(966, 'compartimente', '', 6),
(967, 'compartimente', '', 7),
(968, 'feeds-1', 'Grupe de postări', 1),
(969, 'feeds-1', '', 2),
(970, 'feeds-1', '', 6),
(971, 'feeds-1', '', 7),
(972, 'create-new-post', 'Crează un post nou', 1),
(973, 'create-new-post', '', 2),
(974, 'create-new-post', '', 6),
(975, 'create-new-post', '', 7),
(976, 'post-list', 'Lista de postări', 1),
(977, 'post-list', '', 2),
(978, 'post-list', '', 6),
(979, 'post-list', '', 7),
(980, 'title-1', 'Title', 1),
(981, 'title-1', '', 2),
(982, 'title-1', '', 6),
(983, 'title-1', '', 7),
(984, 'date', 'Date', 1),
(985, 'date', '', 2),
(986, 'date', '', 6),
(987, 'date', '', 7),
(988, 'current-feed', 'Grupa curentă', 1),
(989, 'current-feed', '', 2),
(990, 'current-feed', '', 6),
(991, 'current-feed', '', 7),
(992, 'create-new-feed', 'Crează un grup nou', 1),
(993, 'create-new-feed', '', 2),
(994, 'create-new-feed', '', 6),
(995, 'create-new-feed', '', 7),
(996, 'addfeed', 'Adăugare grupă', 1),
(997, 'addfeed', '', 2),
(998, 'addfeed', '', 6),
(999, 'addfeed', '', 7),
(1000, 'name', 'Nume', 1),
(1001, 'name', '', 2),
(1002, 'name', '', 6),
(1003, 'name', '', 7),
(1004, 'enabled', 'Activ', 1),
(1005, 'enabled', '', 2),
(1006, 'enabled', '', 6),
(1007, 'enabled', '', 7),
(1008, 'limit-type', 'Tip de limită', 1),
(1009, 'limit-type', '', 2),
(1010, 'limit-type', '', 6),
(1011, 'limit-type', '', 7),
(1012, 'pagination', 'Paginație', 1),
(1013, 'pagination', '', 2),
(1014, 'pagination', '', 6),
(1015, 'pagination', '', 7),
(1016, 'strict-limit', 'Limită strictă', 1),
(1017, 'strict-limit', '', 2),
(1018, 'strict-limit', '', 6),
(1019, 'strict-limit', '', 7),
(1020, 'limit', 'Limita:', 1),
(1021, 'limit', '', 2),
(1022, 'limit', '', 6),
(1023, 'limit', '', 7),
(1024, 'order-type', 'Tipul de ordonare:', 1),
(1025, 'order-type', '', 2),
(1026, 'order-type', '', 6),
(1027, 'order-type', '', 7),
(1028, 'none', 'Fără ordonare', 1),
(1029, 'none', '', 2),
(1030, 'none', '', 6),
(1031, 'none', '', 7),
(1032, 'ascendent', 'ASCENDENT', 1),
(1033, 'ascendent', '', 2),
(1034, 'ascendent', '', 6),
(1035, 'ascendent', '', 7),
(1036, 'descendent', 'DESCENDENT', 1),
(1037, 'descendent', '', 2),
(1038, 'descendent', '', 6),
(1039, 'descendent', '', 7),
(1040, 'order-by', 'Ordonare după', 1),
(1041, 'order-by', '', 2),
(1042, 'order-by', '', 6),
(1043, 'order-by', '', 7),
(1044, 'date-1', 'Dată', 1),
(1045, 'date-1', '', 2),
(1046, 'date-1', '', 6),
(1047, 'date-1', '', 7),
(1048, 'title-2', 'Title', 1),
(1049, 'title-2', '', 2),
(1050, 'title-2', '', 6),
(1051, 'title-2', '', 7),
(1052, 'views', 'Numărul de vizualizări', 1),
(1053, 'views', '', 2),
(1054, 'views', '', 6),
(1055, 'views', '', 7),
(1056, 'set-aditional-fields', 'Setează cîmpuri adăugătoare', 1),
(1057, 'set-aditional-fields', '', 2),
(1058, 'set-aditional-fields', '', 6),
(1059, 'set-aditional-fields', '', 7),
(1060, 'edit-feed', 'Editare grupă', 1),
(1061, 'edit-feed', '', 2),
(1062, 'edit-feed', '', 6),
(1063, 'edit-feed', '', 7),
(1064, 'trash-post', 'Postări anulate', 1),
(1065, 'trash-post', '', 2),
(1066, 'trash-post', '', 6),
(1067, 'trash-post', '', 7),
(1068, 'list-1', 'Grupe', 1),
(1069, 'list-1', '', 2),
(1070, 'list-1', '', 6),
(1071, 'list-1', '', 7),
(1072, 'name-3', 'Nume', 1),
(1073, 'name-3', '', 2),
(1074, 'name-3', '', 6),
(1075, 'name-3', '', 7),
(1076, 'state', 'Stare', 1),
(1077, 'state', '', 2),
(1078, 'state', '', 6),
(1079, 'state', '', 7),
(1080, 'action', 'Acțiune', 1),
(1081, 'action', '', 2),
(1082, 'action', '', 6),
(1083, 'action', '', 7),
(1084, 'active', 'Activ', 1),
(1085, 'active', '', 2),
(1086, 'active', '', 6),
(1087, 'active', '', 7),
(1088, 'inactive', 'Inactiv', 1),
(1089, 'inactive', '', 2),
(1090, 'inactive', '', 6),
(1091, 'inactive', '', 7),
(1092, 'edit-post', 'Editare postare', 1),
(1093, 'edit-post', '', 2),
(1094, 'edit-post', '', 6),
(1095, 'edit-post', '', 7),
(1096, 'varianta-in', 'Varianta in', 1),
(1097, 'varianta-in', '', 2),
(1098, 'varianta-in', '', 6),
(1099, 'varianta-in', '', 7),
(1100, 'media', 'Media', 1),
(1101, 'media', '', 2),
(1102, 'media', '', 6),
(1103, 'media', '', 7),
(1104, 'general', 'General', 1),
(1105, 'general', '', 2),
(1106, 'general', '', 6),
(1107, 'general', '', 7),
(1108, 'date-3', 'Date', 1),
(1109, 'date-3', '', 2),
(1110, 'date-3', '', 6),
(1111, 'date-3', '', 7),
(1112, 'to-home-page', 'Plasează pe pagina principală', 1),
(1113, 'to-home-page', '', 2),
(1114, 'to-home-page', '', 6),
(1115, 'to-home-page', '', 7),
(1116, 'to-home-page-1', 'Plasează pe pagina principală', 1),
(1117, 'to-home-page-1', '', 2),
(1118, 'to-home-page-1', '', 6),
(1119, 'to-home-page-1', '', 7),
(1120, 'frontend-link', 'Adresa de pe site', 1),
(1121, 'frontend-link', '', 2),
(1122, 'frontend-link', '', 6),
(1123, 'frontend-link', '', 7),
(1124, 'title-3', 'Titlu', 1),
(1125, 'title-3', '', 2),
(1126, 'title-3', '', 6),
(1127, 'title-3', '', 7),
(1128, 'uri', 'Uri', 1),
(1129, 'uri', '', 2),
(1130, 'uri', '', 6),
(1131, 'uri', '', 7),
(1132, 'text', 'Text', 1),
(1133, 'text', '', 2),
(1134, 'text', '', 6),
(1135, 'text', '', 7),
(1136, 'enabled-1', 'Activ', 1),
(1137, 'enabled-1', '', 2),
(1138, 'enabled-1', '', 6),
(1139, 'enabled-1', '', 7),
(1140, 'files', 'Fisiere', 1),
(1141, 'files', '', 2),
(1142, 'files', '', 6),
(1143, 'files', '', 7),
(1144, '-select-file-from-computer', 'Selectează de pe Computer', 1),
(1145, '-select-file-from-computer', '', 2),
(1146, '-select-file-from-computer', '', 6),
(1147, '-select-file-from-computer', '', 7),
(1148, '-select-file-from-server', ' Selectează de pe Server', 1),
(1149, '-select-file-from-server', '', 2),
(1150, '-select-file-from-server', '', 6),
(1151, '-select-file-from-server', '', 7),
(1152, 'icon', 'Imagine', 1),
(1153, 'icon', '', 2),
(1154, 'icon', '', 6),
(1155, 'icon', '', 7),
(1156, 'name1', 'Nume', 1),
(1157, 'name1', '', 2),
(1158, 'name1', '', 6),
(1159, 'name1', '', 7),
(1160, 'type', 'Tip', 1),
(1161, 'type', '', 2),
(1162, 'type', '', 6),
(1163, 'type', '', 7),
(1164, 'size', 'Mărime', 1),
(1165, 'size', '', 2),
(1166, 'size', '', 6),
(1167, 'size', '', 7),
(1168, 'action-1', 'Acțiune', 1),
(1169, 'action-1', '', 2),
(1170, 'action-1', '', 6),
(1171, 'action-1', '', 7),
(1172, 'no-files', 'Nu sunt fișiere', 1),
(1173, 'no-files', '', 2),
(1174, 'no-files', '', 6),
(1175, 'no-files', '', 7),
(1176, 'log-1', 'Log', 1),
(1177, 'log-1', '', 2),
(1178, 'log-1', '', 6),
(1179, 'log-1', '', 7),
(1180, 'date-4', 'Date', 1),
(1181, 'date-4', '', 2),
(1182, 'date-4', '', 6),
(1183, 'date-4', '', 7),
(1184, 'message-1', 'Mesaj', 1),
(1185, 'message-1', '', 2),
(1186, 'message-1', '', 6),
(1187, 'message-1', '', 7),
(1188, 'user-2', 'Utilizator', 1),
(1189, 'user-2', '', 2),
(1190, 'user-2', '', 6),
(1191, 'user-2', '', 7),
(1192, 'ip', 'IP', 1),
(1193, 'ip', '', 2),
(1194, 'ip', '', 6),
(1195, 'ip', '', 7),
(1196, 'anonim', 'Anonim', 1),
(1197, 'anonim', '', 2),
(1198, 'anonim', '', 6),
(1199, 'anonim', '', 7),
(1200, 'close-1', 'Închide', 1),
(1201, 'close-1', '', 2),
(1202, 'close-1', '', 6),
(1203, 'close-1', '', 7),
(1204, 'log-item-details', 'Detalii acțiune', 1),
(1205, 'log-item-details', '', 2),
(1206, 'log-item-details', '', 6),
(1207, 'log-item-details', '', 7),
(1208, 'module-1', 'Lista de module', 1),
(1209, 'module-1', '', 2),
(1210, 'module-1', '', 6),
(1211, 'module-1', '', 7),
(1212, 'name-4', 'Name', 1),
(1213, 'name-4', '', 2),
(1214, 'name-4', '', 6),
(1215, 'name-4', '', 7),
(1216, 'state-1', 'Stare', 1),
(1217, 'state-1', '', 2),
(1218, 'state-1', '', 6),
(1219, 'state-1', '', 7),
(1220, 'pages-2', 'Pagini', 1),
(1221, 'pages-2', '', 2),
(1222, 'pages-2', '', 6),
(1223, 'pages-2', '', 7),
(1224, 'formular-1', 'Formular', 1),
(1225, 'formular-1', '', 2),
(1226, 'formular-1', '', 6),
(1227, 'formular-1', '', 7),
(1228, 'general-1', 'General', 1),
(1229, 'general-1', '', 2),
(1230, 'general-1', '', 6),
(1231, 'general-1', '', 7),
(1232, 'language-1', '', 1),
(1233, 'language-1', '', 2),
(1234, 'language-1', '', 6),
(1235, 'language-1', '', 7),
(1236, 'files-1', 'Fisiere', 1),
(1237, 'files-1', '', 2),
(1238, 'files-1', '', 6),
(1239, 'files-1', '', 7),
(1240, 'attachment', 'Atașamente', 1),
(1241, 'attachment', '', 2),
(1242, 'attachment', '', 6),
(1243, 'attachment', '', 7),
(1244, 'create-new-page', 'Crează o pagină nouă', 1),
(1245, 'create-new-page', '', 2),
(1246, 'create-new-page', '', 6),
(1247, 'create-new-page', '', 7),
(1248, 'create-3', 'Crează', 1),
(1249, 'create-3', '', 2),
(1250, 'create-3', '', 6),
(1251, 'create-3', '', 7),
(1252, 'form-3', 'Formular editare', 1),
(1253, 'form-3', '', 2),
(1254, 'form-3', '', 6),
(1255, 'form-3', '', 7),
(1256, 'delete', 'Șterge', 1),
(1257, 'delete', '', 2),
(1258, 'delete', '', 6),
(1259, 'delete', '', 7),
(1260, 'afisare-fisiere-', 'Afisare fisiere: ', 1),
(1261, 'afisare-fisiere-', '', 2),
(1262, 'afisare-fisiere-', '', 6),
(1263, 'afisare-fisiere-', '', 7),
(1264, 'afisare-cautare-', 'Afisare cautare: ', 1),
(1265, 'afisare-cautare-', '', 2),
(1266, 'afisare-cautare-', '', 6),
(1267, 'afisare-cautare-', '', 7),
(1268, 'parent-', 'Părinte: ', 1),
(1269, 'parent-', '', 2),
(1270, 'parent-', '', 6),
(1271, 'parent-', '', 7),
(1272, 'clone-', 'Clonă: ', 1),
(1273, 'clone-', '', 2),
(1274, 'clone-', '', 6),
(1275, 'clone-', '', 7),
(1276, 'redirect-to-', 'Redirecționează către: ', 1),
(1277, 'redirect-to-', '', 2),
(1278, 'redirect-to-', '', 6),
(1279, 'redirect-to-', '', 7),
(1280, 'view-mod', 'Tipul de vizualizare:', 1),
(1281, 'view-mod', '', 2),
(1282, 'view-mod', '', 6),
(1283, 'view-mod', '', 7),
(1284, 'properties', 'Proprietăți:', 1),
(1285, 'properties', '', 2),
(1286, 'properties', '', 6),
(1287, 'properties', '', 7),
(1288, 'date--4', 'Dată', 1),
(1289, 'date--4', '', 2),
(1290, 'date--4', '', 6),
(1291, 'date--4', '', 7),
(1292, 'general-node-', 'Meniu principal:', 1),
(1293, 'general-node-', '', 2),
(1294, 'general-node-', '', 6),
(1295, 'general-node-', '', 7),
(1296, 'home-page-', 'Este pagina principala:', 1),
(1297, 'home-page-', '', 2),
(1298, 'home-page-', '', 6),
(1299, 'home-page-', '', 7),
(1300, 'have-socials-', 'Activeaza butoanele sociale:', 1),
(1301, 'have-socials-', '', 2),
(1302, 'have-socials-', '', 6),
(1303, 'have-socials-', '', 7),
(1304, 'have-comments', 'Activeaza comentariile: ', 1),
(1305, 'have-comments', '', 2),
(1306, 'have-comments', '', 6),
(1307, 'have-comments', '', 7),
(1308, 'close-2', 'Close', 1),
(1309, 'close-2', '', 2),
(1310, 'close-2', '', 6),
(1311, 'close-2', '', 7),
(1312, 'view-mod-help', 'Ajutor', 1),
(1313, 'view-mod-help', '', 2),
(1314, 'view-mod-help', '', 6),
(1315, 'view-mod-help', '', 7),
(1316, 'nume-2', 'NUME', 1),
(1317, 'nume-2', '', 2),
(1318, 'nume-2', '', 6),
(1319, 'nume-2', '', 7),
(1320, 'info-1', 'INFO', 1),
(1321, 'info-1', '', 2),
(1322, 'info-1', '', 6),
(1323, 'info-1', '', 7),
(1324, 'screen', 'IMAGINE', 1),
(1325, 'screen', '', 2),
(1326, 'screen', '', 6),
(1327, 'screen', '', 7),
(1328, 'frontend-link-', 'Linkul de pe site:', 1),
(1329, 'frontend-link-', '', 2),
(1330, 'frontend-link-', '', 6),
(1331, 'frontend-link-', '', 7),
(1332, 'title--3', 'Titlu: ', 1),
(1333, 'title--3', '', 2),
(1334, 'title--3', '', 6),
(1335, 'title--3', '', 7),
(1336, 'uri-', 'Uri: ', 1),
(1337, 'uri-', '', 2),
(1338, 'uri-', '', 6),
(1339, 'uri-', '', 7),
(1340, 'text-', 'Text: ', 1),
(1341, 'text-', '', 2),
(1342, 'text-', '', 6),
(1343, 'text-', '', 7),
(1344, 'enabled--1', 'Activ: ', 1),
(1345, 'enabled--1', '', 2),
(1346, 'enabled--1', '', 6),
(1347, 'enabled--1', '', 7),
(1348, 'settings-1', 'Setari', 1),
(1349, 'settings-1', '', 2),
(1350, 'settings-1', '', 6),
(1351, 'settings-1', '', 7),
(1352, 'template-color-schema', 'Schema de culoare: ', 1),
(1353, 'template-color-schema', '', 2),
(1354, 'template-color-schema', '', 6),
(1355, 'template-color-schema', '', 7),
(1356, 'location', 'Locația:', 1),
(1357, 'location', '', 2),
(1358, 'location', '', 6),
(1359, 'location', '', 7),
(1360, 'users-1', 'Utilizatori', 1),
(1361, 'users-1', '', 2),
(1362, 'users-1', '', 6),
(1363, 'users-1', '', 7),
(1364, 'username-1', 'Nume de utilizator', 1),
(1365, 'username-1', '', 2),
(1366, 'username-1', '', 6),
(1367, 'username-1', '', 7),
(1368, 'email-4', 'Email', 1),
(1369, 'email-4', '', 2),
(1370, 'email-4', '', 6),
(1371, 'email-4', '', 7),
(1372, 'password-1', 'Parola', 1),
(1373, 'password-1', '', 2),
(1374, 'password-1', '', 6),
(1375, 'password-1', '', 7),
(1376, 'save', 'Salvează', 1),
(1377, 'save', '', 2),
(1378, 'save', '', 6),
(1379, 'save', '', 7),
(1380, 'edit-details', 'Editează utlizator:', 1),
(1381, 'edit-details', '', 2),
(1382, 'edit-details', '', 6),
(1383, 'edit-details', '', 7),
(1384, 'change-password', 'Modifica parola', 1),
(1385, 'change-password', '', 2),
(1386, 'change-password', '', 6),
(1387, 'change-password', '', 7),
(1388, 'new-password', 'Parola noua', 1),
(1389, 'new-password', '', 2),
(1390, 'new-password', '', 6),
(1391, 'new-password', '', 7),
(1392, 'this-user-can', 'Posibilitați:', 1),
(1393, 'this-user-can', '', 2),
(1394, 'this-user-can', '', 6),
(1395, 'this-user-can', '', 7),
(1396, 'new-user', 'Utilizator nou:', 1),
(1397, 'new-user', '', 2),
(1398, 'new-user', '', 6),
(1399, 'new-user', '', 7),
(1400, 'disable', 'Dezactivează', 1),
(1401, 'disable', '', 2),
(1402, 'disable', '', 6),
(1403, 'disable', '', 7),
(1404, 'enabled-3', 'Activează', 1),
(1405, 'enabled-3', '', 2),
(1406, 'enabled-3', '', 6),
(1407, 'enabled-3', '', 7),
(1408, 'acte-locale', 'Acte locale', 1),
(1409, 'acte-locale', '', 2),
(1410, 'acte-locale', '', 6),
(1411, 'acte-locale', '', 7),
(1412, 'new-record', 'Creză o înregistrare', 1),
(1413, 'new-record', '', 2),
(1414, 'new-record', '', 6),
(1415, 'new-record', '', 7),
(1416, 'nr-5', 'Nr', 1),
(1417, 'nr-5', '', 2),
(1418, 'nr-5', '', 6),
(1419, 'nr-5', '', 7),
(1420, 'title-5', 'Titlu', 1),
(1421, 'title-5', '', 2),
(1422, 'title-5', '', 6),
(1423, 'title-5', '', 7),
(1424, 'type-1', 'Tip', 1),
(1425, 'type-1', '', 2),
(1426, 'type-1', '', 6),
(1427, 'type-1', '', 7),
(1428, 'date-6', 'Dată', 1),
(1429, 'date-6', '', 2),
(1430, 'date-6', '', 6),
(1431, 'date-6', '', 7),
(1432, 'emitent', 'Emitent', 1),
(1433, 'emitent', '', 2),
(1434, 'emitent', '', 6),
(1435, 'emitent', '', 7),
(1436, 'document-1', 'Document', 1),
(1437, 'document-1', '', 2),
(1438, 'document-1', '', 6),
(1439, 'document-1', '', 7),
(1440, 'calendar-1', 'Calendar', 1),
(1441, 'calendar-1', '', 2),
(1442, 'calendar-1', '', 6),
(1443, 'calendar-1', '', 7),
(1444, 'edit-event', 'Editează eveniment: ', 1),
(1445, 'edit-event', '', 2),
(1446, 'edit-event', '', 6),
(1447, 'edit-event', '', 7),
(1448, 'general-3', 'General', 1),
(1449, 'general-3', '', 2),
(1450, 'general-3', '', 6),
(1451, 'general-3', '', 7),
(1452, 'varianta-in-1', 'Varianta în', 1),
(1453, 'varianta-in-1', '', 2),
(1454, 'varianta-in-1', '', 6),
(1455, 'varianta-in-1', '', 7),
(1456, 'period-', 'Perioadă:', 1),
(1457, 'period-', '', 2),
(1458, 'period-', '', 6),
(1459, 'period-', '', 7),
(1460, 'event-date-', 'Data Evenimentului:', 1),
(1461, 'event-date-', '', 2),
(1462, 'event-date-', '', 6),
(1463, 'event-date-', '', 7),
(1464, 'group-', 'Grupa: ', 1),
(1465, 'group-', '', 2),
(1466, 'group-', '', 6),
(1467, 'group-', '', 7),
(1468, 'enabled--3', 'Activ:', 1),
(1469, 'enabled--3', '', 2),
(1470, 'enabled--3', '', 6),
(1471, 'enabled--3', '', 7),
(1472, 'title--5', 'Titlu:', 1),
(1473, 'title--5', '', 2),
(1474, 'title--5', '', 6),
(1475, 'title--5', '', 7),
(1476, 'event-lang-not-found', 'Eveniment inexistent', 1),
(1477, 'event-lang-not-found', '', 2),
(1478, 'event-lang-not-found', '', 6),
(1479, 'event-lang-not-found', '', 7),
(1480, 'create-new-event', 'Creză eveniment nou', 1),
(1481, 'create-new-event', '', 2),
(1482, 'create-new-event', '', 6),
(1483, 'create-new-event', '', 7),
(1484, 'event-name-in-', 'Numele evenimentului în ', 1),
(1485, 'event-name-in-', '', 2),
(1486, 'event-name-in-', '', 6),
(1487, 'event-name-in-', '', 7),
(1488, 'creaza-eveniment', 'Creaza eveniment', 1),
(1489, 'creaza-eveniment', '', 2),
(1490, 'creaza-eveniment', '', 6),
(1491, 'creaza-eveniment', '', 7),
(1492, 'chat-2', 'Discută online', 1),
(1493, 'chat-2', '', 2),
(1494, 'chat-2', '', 6),
(1495, 'chat-2', '', 7),
(1496, 'login-failed', 'Eroare de logare!', 1),
(1497, 'login-failed', '', 2),
(1498, 'login-failed', '', 6),
(1499, 'login-failed', '', 7),
(1500, 'login-succeeded', 'Logare reușită!', 1),
(1501, 'login-succeeded', '', 2),
(1502, 'login-succeeded', '', 6),
(1503, 'login-succeeded', '', 7),
(1504, 'send-chat-on-email', 'Trimite mesajele pe email?', 1),
(1505, 'send-chat-on-email', '', 2),
(1506, 'send-chat-on-email', '', 6),
(1507, 'send-chat-on-email', '', 7),
(1508, 'exitchat', ' a parasit chat-ul', 1),
(1509, 'exitchat', '', 2),
(1510, 'exitchat', '', 6),
(1511, 'exitchat', '', 7),
(1512, 'accesible', 'Accesibil pentru audienta:', 1),
(1513, 'accesible', '', 2),
(1514, 'accesible', '', 6),
(1515, 'accesible', '', 7),
(1516, 'gallery', 'Galerie', 1),
(1517, 'gallery', '', 2),
(1518, 'gallery', '', 6),
(1519, 'gallery', '', 7),
(1520, 'general-4', 'General', 1),
(1521, 'general-4', '', 2),
(1522, 'general-4', '', 6),
(1523, 'general-4', '', 7),
(1524, 'fisiere-1', 'Fisiere', 1),
(1525, 'fisiere-1', '', 2),
(1526, 'fisiere-1', '', 6),
(1527, 'fisiere-1', '', 7),
(1528, 'name--3', 'Nume Galerie', 1),
(1529, 'name--3', '', 2),
(1530, 'name--3', '', 6),
(1531, 'name--3', '', 7),
(1532, 'create-gallery', 'Crează', 1),
(1533, 'create-gallery', '', 2),
(1534, 'create-gallery', '', 6),
(1535, 'create-gallery', '', 7),
(1536, 'recrut', 'Recrutări', 1),
(1537, 'recrut', '', 2),
(1538, 'recrut', '', 6),
(1539, 'recrut', '', 7),
(1540, 'post-1', 'Postul', 1),
(1541, 'post-1', '', 2),
(1542, 'post-1', '', 6),
(1543, 'post-1', '', 7),
(1544, 'name-6', 'Nume', 1),
(1545, 'name-6', '', 2),
(1546, 'name-6', '', 6),
(1547, 'name-6', '', 7),
(1548, 'cv-2', 'CV', 1),
(1549, 'cv-2', '', 2),
(1550, 'cv-2', '', 6),
(1551, 'cv-2', '', 7),
(1552, 'date-7', 'Dată', 1),
(1553, 'date-7', '', 2),
(1554, 'date-7', '', 6),
(1555, 'date-7', '', 7),
(1556, 'disabled', 'Inactiv', 1),
(1557, 'disabled', '', 2),
(1558, 'disabled', '', 6),
(1559, 'disabled', '', 7),
(1560, 'enabled-5', 'Activ', 1),
(1561, 'enabled-5', '', 2),
(1562, 'enabled-5', '', 6),
(1563, 'enabled-5', '', 7),
(1564, 'newsletter-2', 'Newsletter', 1),
(1565, 'newsletter-2', '', 2),
(1566, 'newsletter-2', '', 6),
(1567, 'newsletter-2', '', 7),
(1568, 'email-5', 'Email', 1),
(1569, 'email-5', '', 2),
(1570, 'email-5', '', 6),
(1571, 'email-5', '', 7),
(1572, 'subscribe-date', 'Dată', 1),
(1573, 'subscribe-date', '', 2),
(1574, 'subscribe-date', '', 6),
(1575, 'subscribe-date', '', 7),
(1576, 'enabled-6', 'Activ', 1),
(1577, 'enabled-6', '', 2),
(1578, 'enabled-6', '', 6),
(1579, 'enabled-6', '', 7),
(1580, 'export', 'Exportă', 1),
(1581, 'export', '', 2),
(1582, 'export', '', 6),
(1583, 'export', '', 7),
(1584, 'send-this-post', 'Trimite postarea', 1),
(1585, 'send-this-post', '', 2),
(1586, 'send-this-post', '', 6),
(1587, 'send-this-post', '', 7),
(1588, 'persons', 'Persoane', 1),
(1589, 'persons', '', 2),
(1590, 'persons', '', 6),
(1591, 'persons', '', 7),
(1592, 'persons-1', 'Lista de persoane', 1),
(1593, 'persons-1', '', 2),
(1594, 'persons-1', '', 6),
(1595, 'persons-1', '', 7),
(1596, 'person-groups', 'Grupe de persoane', 1),
(1597, 'person-groups', '', 2),
(1598, 'person-groups', '', 6),
(1599, 'person-groups', '', 7),
(1600, 'audience', 'Înregistrări pentru audiență', 1),
(1601, 'audience', '', 2),
(1602, 'audience', '', 6),
(1603, 'audience', '', 7),
(1604, 'edit-person-group', 'Editare grup de persoane', 1),
(1605, 'edit-person-group', '', 2),
(1606, 'edit-person-group', '', 6),
(1607, 'edit-person-group', '', 7),
(1608, 'gname', 'Nume grup', 1),
(1609, 'gname', '', 2),
(1610, 'gname', '', 6),
(1611, 'gname', '', 7),
(1612, 'gdescription', 'Descriere grup', 1),
(1613, 'gdescription', '', 2),
(1614, 'gdescription', '', 6),
(1615, 'gdescription', '', 7),
(1616, 'phone--1', 'Telefon: ', 1),
(1617, 'phone--1', '', 2),
(1618, 'phone--1', '', 6),
(1619, 'phone--1', '', 7),
(1620, 'email--5', 'Email:', 1),
(1621, 'email--5', '', 2),
(1622, 'email--5', '', 6),
(1623, 'email--5', '', 7),
(1624, 'birth-date-', 'Data nașterii: ', 1),
(1625, 'birth-date-', '', 2),
(1626, 'birth-date-', '', 6),
(1627, 'birth-date-', '', 7),
(1628, 'accesibil-pentru-audienta-', 'Accesibil pentru audienta: ', 1),
(1629, 'accesibil-pentru-audienta-', '', 2),
(1630, 'accesibil-pentru-audienta-', '', 6),
(1631, 'accesibil-pentru-audienta-', '', 7),
(1632, 'feed-', 'Grupă de postări: ', 1),
(1633, 'feed-', '', 2),
(1634, 'feed-', '', 6),
(1635, 'feed-', '', 7),
(1636, 'user--1', 'Utilizator pentru convorbiri:', 1),
(1637, 'user--1', '', 2),
(1638, 'user--1', '', 6),
(1639, 'user--1', '', 7),
(1640, 'groups-', 'Grupe de persoane: ', 1),
(1641, 'groups-', '', 2),
(1642, 'groups-', '', 6),
(1643, 'groups-', '', 7),
(1644, 'photo', 'Poza principală: ', 1),
(1645, 'photo', '', 2),
(1646, 'photo', '', 6),
(1647, 'photo', '', 7),
(1648, 'chat-icon', 'Iconița din chat: ', 1),
(1649, 'chat-icon', '', 2),
(1650, 'chat-icon', '', 6),
(1651, 'chat-icon', '', 7),
(1652, 'drag', 'Poziția', 1),
(1653, 'drag', '', 2),
(1654, 'drag', '', 6),
(1655, 'drag', '', 7),
(1656, 'drag-1', 'Trage', 1),
(1657, 'drag-1', '', 2),
(1658, 'drag-1', '', 6),
(1659, 'drag-1', '', 7),
(1660, 'nume-3', 'Nume câmp', 1),
(1661, 'nume-3', '', 2),
(1662, 'nume-3', '', 6),
(1663, 'nume-3', '', 7),
(1664, 'lang-2', 'Limba', 1),
(1665, 'lang-2', '', 2),
(1666, 'lang-2', '', 6),
(1667, 'lang-2', '', 7),
(1668, 'value', 'Valoare', 1),
(1669, 'value', '', 2),
(1670, 'value', '', 6),
(1671, 'value', '', 7),
(1672, 'delete-1', 'Șterge', 1),
(1673, 'delete-1', '', 2),
(1674, 'delete-1', '', 6),
(1675, 'delete-1', '', 7),
(1676, 'no-lang', 'Fără limbă', 1),
(1677, 'no-lang', '', 2),
(1678, 'no-lang', '', 6),
(1679, 'no-lang', '', 7),
(1680, 'create-new-group', 'Crează un grup nou', 1),
(1681, 'create-new-group', '', 2),
(1682, 'create-new-group', '', 6),
(1683, 'create-new-group', '', 7),
(1684, 'create-group', 'Crează grup', 1),
(1685, 'create-group', '', 2),
(1686, 'create-group', '', 6),
(1687, 'create-group', '', 7),
(1688, 'name-in', 'Nume în ', 1),
(1689, 'name-in', '', 2),
(1690, 'name-in', '', 6),
(1691, 'name-in', '', 7),
(1692, 'first-name-', 'Prenume', 1),
(1693, 'first-name-', '', 2),
(1694, 'first-name-', '', 6),
(1695, 'first-name-', '', 7),
(1696, 'last-name-', 'Nume: ', 1),
(1697, 'last-name-', '', 2),
(1698, 'last-name-', '', 6),
(1699, 'last-name-', '', 7),
(1700, 'function-', 'Funcție: ', 1),
(1701, 'function-', '', 2),
(1702, 'function-', '', 6),
(1703, 'function-', '', 7),
(1704, 'civil-state-', 'Stare civilă: ', 1),
(1705, 'civil-state-', '', 2),
(1706, 'civil-state-', '', 6),
(1707, 'civil-state-', '', 7),
(1708, 'studies-', 'Studii: ', 1),
(1709, 'studies-', '', 2),
(1710, 'studies-', '', 6),
(1711, 'studies-', '', 7),
(1712, 'activity-', 'Activitate: ', 1),
(1713, 'activity-', '', 2),
(1714, 'activity-', '', 6),
(1715, 'activity-', '', 7),
(1716, 'sector-', 'Sector: ', 1),
(1717, 'sector-', '', 2),
(1718, 'sector-', '', 6),
(1719, 'sector-', '', 7),
(1720, 'motto-', 'Motto: ', 1),
(1721, 'motto-', '', 2),
(1722, 'motto-', '', 6),
(1723, 'motto-', '', 7),
(1724, 'text--1', 'Text: ', 1),
(1725, 'text--1', '', 2),
(1726, 'text--1', '', 6),
(1727, 'text--1', '', 7),
(1728, 'consilier', 'Consilier', 1),
(1729, 'consilier', '', 2),
(1730, 'consilier', '', 6),
(1731, 'consilier', '', 7),
(1732, 'name-8', 'Nume', 1),
(1733, 'name-8', '', 2),
(1734, 'name-8', '', 6),
(1735, 'name-8', '', 7),
(1736, 'phone-2', 'Telefon', 1),
(1737, 'phone-2', '', 2),
(1738, 'phone-2', '', 6),
(1739, 'phone-2', '', 7),
(1740, 'email-7', 'Email', 1),
(1741, 'email-7', '', 2),
(1742, 'email-7', '', 6),
(1743, 'email-7', '', 7),
(1744, 'date-8', 'Data', 1),
(1745, 'date-8', '', 2),
(1746, 'date-8', '', 6),
(1747, 'date-8', '', 7),
(1748, 'general-5', 'General', 1),
(1749, 'general-5', '', 2),
(1750, 'general-5', '', 6),
(1751, 'general-5', '', 7),
(1752, 'dynamic-fields', 'Câmpuri suplimentare', 1),
(1753, 'dynamic-fields', '', 2),
(1754, 'dynamic-fields', '', 6),
(1755, 'dynamic-fields', '', 7),
(1756, 'polls', 'Sondaje', 1),
(1757, 'polls', '', 2),
(1758, 'polls', '', 6),
(1759, 'polls', '', 7),
(1760, 'poll-form', 'Formă de gestiune', 1),
(1761, 'poll-form', '', 2),
(1762, 'poll-form', '', 6),
(1763, 'poll-form', '', 7),
(1764, 'general-6', 'General', 1),
(1765, 'general-6', '', 2),
(1766, 'general-6', '', 6),
(1767, 'general-6', '', 7),
(1768, 'title-7', 'Titlu', 1),
(1769, 'title-7', '', 2),
(1770, 'title-7', '', 6),
(1771, 'title-7', '', 7),
(1772, 'date-created', 'Data creării', 1),
(1773, 'date-created', '', 2),
(1774, 'date-created', '', 6),
(1775, 'date-created', '', 7),
(1776, 'enabled-7', 'Activ', 1),
(1777, 'enabled-7', '', 2),
(1778, 'enabled-7', '', 6),
(1779, 'enabled-7', '', 7);
INSERT INTO `apl_var_lang` (`id`, `var_key`, `value`, `lang_id`) VALUES
(1780, 'create-new-poll', 'Crează un sondaj nou', 1),
(1781, 'create-new-poll', '', 2),
(1782, 'create-new-poll', '', 6),
(1783, 'create-new-poll', '', 7),
(1784, 'active-1', 'Disponibil pentru creare: ', 1),
(1785, 'active-1', '', 2),
(1786, 'active-1', '', 6),
(1787, 'active-1', '', 7),
(1788, 'delete--1', 'Șterge', 1),
(1789, 'delete--1', '', 2),
(1790, 'delete--1', '', 6),
(1791, 'delete--1', '', 7),
(1792, 'question-', 'Întrebări', 1),
(1793, 'question-', '', 2),
(1794, 'question-', '', 6),
(1795, 'question-', '', 7),
(1796, 'answer', 'Răspunsuri', 1),
(1797, 'answer', '', 2),
(1798, 'answer', '', 6),
(1799, 'answer', '', 7),
(1800, 'social-complaints', 'Plângeri', 1),
(1801, 'social-complaints', '', 2),
(1802, 'social-complaints', '', 6),
(1803, 'social-complaints', '', 7),
(1804, 'page-4', 'Pagina', 1),
(1805, 'page-4', '', 2),
(1806, 'page-4', '', 6),
(1807, 'page-4', '', 7),
(1808, 'username-2', 'Nume', 1),
(1809, 'username-2', '', 2),
(1810, 'username-2', '', 6),
(1811, 'username-2', '', 7),
(1812, 'email-8', 'Email', 1),
(1813, 'email-8', '', 2),
(1814, 'email-8', '', 6),
(1815, 'email-8', '', 7),
(1816, 'address-1', 'Adresă', 1),
(1817, 'address-1', '', 2),
(1818, 'address-1', '', 6),
(1819, 'address-1', '', 7),
(1820, 'title-8', 'Titlu', 1),
(1821, 'title-8', '', 2),
(1822, 'title-8', '', 6),
(1823, 'title-8', '', 7),
(1824, 'text-3', 'Text', 1),
(1825, 'text-3', '', 2),
(1826, 'text-3', '', 6),
(1827, 'text-3', '', 7),
(1828, 'response', 'Răspuns', 1),
(1829, 'response', '', 2),
(1830, 'response', '', 6),
(1831, 'response', '', 7),
(1832, 'date-10', 'Dată', 1),
(1833, 'date-10', '', 2),
(1834, 'date-10', '', 6),
(1835, 'date-10', '', 7),
(1836, 'private', 'Este privat', 1),
(1837, 'private', '', 2),
(1838, 'private', '', 6),
(1839, 'private', '', 7),
(1840, 'enabled-8', 'Activ', 1),
(1841, 'enabled-8', '', 2),
(1842, 'enabled-8', '', 6),
(1843, 'enabled-8', '', 7),
(1844, 'vars', 'Variabile', 1),
(1845, 'vars', '', 2),
(1846, 'vars', '', 6),
(1847, 'vars', '', 7),
(1848, 'key', 'Nume', 1),
(1849, 'key', '', 2),
(1850, 'key', '', 6),
(1851, 'key', '', 7),
(1852, 'name-9', 'Nume', 1),
(1853, 'name-9', '', 2),
(1854, 'name-9', '', 6),
(1855, 'name-9', '', 7),
(1856, 'action-2', 'Acțiune', 1),
(1857, 'action-2', '', 2),
(1858, 'action-2', '', 6),
(1859, 'action-2', '', 7),
(1860, 'no-vars', 'Nu sunt variabile', 1),
(1861, 'no-vars', '', 2),
(1862, 'no-vars', '', 6),
(1863, 'no-vars', '', 7),
(1864, 'delete-user', 'Ștergeți acest utilizator?', 1),
(1865, 'delete-user', '', 2),
(1866, 'delete-user', '', 6),
(1867, 'delete-user', '', 7),
(1868, 'allow-pcomment', 'Activează comentarea textului', 1),
(1869, 'allow-pcomment', '', 2),
(1870, 'allow-pcomment', '', 6),
(1871, 'allow-pcomment', '', 7),
(1872, 'hovecomments', 'Activează comentariile', 1),
(1873, 'hovecomments', '', 2),
(1874, 'hovecomments', '', 6),
(1875, 'hovecomments', '', 7),
(1876, 'havesocials', 'Activează rețelele sociale', 1),
(1877, 'havesocials', '', 2),
(1878, 'havesocials', '', 6),
(1879, 'havesocials', '', 7),
(1880, 'editfiledetails', 'Editează detaliile despre fișier', 1),
(1881, 'editfiledetails', '', 2),
(1882, 'editfiledetails', '', 6),
(1883, 'editfiledetails', '', 7),
(1884, 'save-1', 'Salvează', 1),
(1885, 'save-1', '', 2),
(1886, 'save-1', '', 6),
(1887, 'save-1', '', 7),
(1888, 'is-alert', 'Este alertă', 1),
(1889, 'is-alert', '', 2),
(1890, 'is-alert', '', 6),
(1891, 'is-alert', '', 7),
(1892, 'data-expirarii-alertei', 'Data expirării alertei', 1),
(1893, 'data-expirarii-alertei', '', 2),
(1894, 'data-expirarii-alertei', '', 6),
(1895, 'data-expirarii-alertei', '', 7),
(1896, 'website-activ', 'Website activ:', 1),
(1897, 'website-activ', '', 2),
(1898, 'website-activ', '', 6),
(1899, 'website-activ', '', 7),
(1900, 'pentru-a-accesa-website-ul-folositi-linkul', 'Pentru a accesa website-ul folositi linkul:', 1),
(1901, 'pentru-a-accesa-website-ul-folositi-linkul', '', 2),
(1902, 'pentru-a-accesa-website-ul-folositi-linkul', '', 6),
(1903, 'pentru-a-accesa-website-ul-folositi-linkul', '', 7),
(1904, 'click-aici', 'click aici', 1),
(1905, 'click-aici', '', 2),
(1906, 'click-aici', '', 6),
(1907, 'click-aici', '', 7),
(1908, 'template-set', 'Setari template', 1),
(1909, 'template-set', '', 2),
(1910, 'template-set', '', 6),
(1911, 'template-set', '', 7),
(1912, 'template-2', 'Frontend template:', 1),
(1913, 'template-2', '', 2),
(1914, 'template-2', '', 6),
(1915, 'template-2', '', 7),
(1916, 'template-b', 'Backend template:', 1),
(1917, 'template-b', '', 2),
(1918, 'template-b', '', 6),
(1919, 'template-b', '', 7),
(1920, 'stiri', 'Știri', 1),
(1921, 'stiri', '', 2),
(1922, 'stiri', '', 6),
(1923, 'stiri', '', 7),
(1924, 'template-4', 'Teme', 1),
(1925, 'template-4', '', 2),
(1926, 'template-4', '', 6),
(1927, 'template-4', '', 7),
(1928, 'confirm-tpl', 'Sigur doriti sa stergeti acest template?', 1),
(1929, 'confirm-tpl', '', 2),
(1930, 'confirm-tpl', '', 6),
(1931, 'confirm-tpl', '', 7),
(1932, 'upload-new-template', 'Incarca un template nou', 1),
(1933, 'upload-new-template', '', 2),
(1934, 'upload-new-template', '', 6),
(1935, 'upload-new-template', '', 7),
(1936, 'invalid-file', 'Fisier invalid', 1),
(1937, 'invalid-file', '', 2),
(1938, 'invalid-file', '', 6),
(1939, 'invalid-file', '', 7),
(1940, 'invalid-zip', 'Zip invalid', 1),
(1941, 'invalid-zip', '', 2),
(1942, 'invalid-zip', '', 6),
(1943, 'invalid-zip', '', 7),
(1944, 'installphp-is-required', 'Fisierul install.php este obligatoriu', 1),
(1945, 'installphp-is-required', '', 2),
(1946, 'installphp-is-required', '', 6),
(1947, 'installphp-is-required', '', 7),
(1948, 'undefined-app-name', 'Numele aplicatiei este nedefinit', 1),
(1949, 'undefined-app-name', '', 2),
(1950, 'undefined-app-name', '', 6),
(1951, 'undefined-app-name', '', 7),
(1952, 'undefined-template-name-or-already-exists', 'Template nedefinit sau deja exista', 1),
(1953, 'undefined-template-name-or-already-exists', '', 2),
(1954, 'undefined-template-name-or-already-exists', '', 6),
(1955, 'undefined-template-name-or-already-exists', '', 7),
(1956, 'template-not-found-in-zip', 'Tema nu a fost gasita in zip', 1),
(1957, 'template-not-found-in-zip', '', 2),
(1958, 'template-not-found-in-zip', '', 6),
(1959, 'template-not-found-in-zip', '', 7),
(1960, 'tpl-succeful', 'Tema a fost instalata', 1),
(1961, 'tpl-succeful', '', 2),
(1962, 'tpl-succeful', '', 6),
(1963, 'tpl-succeful', '', 7),
(1964, 'template-deleted', 'Template sters cu succes', 1),
(1965, 'template-deleted', '', 2),
(1966, 'template-deleted', '', 6),
(1967, 'template-deleted', '', 7),
(1968, 'template-not-found-1', 'Tema nu a fost gasita', 1),
(1969, 'template-not-found-1', '', 2),
(1970, 'template-not-found-1', '', 6),
(1971, 'template-not-found-1', '', 7),
(1972, 'alerte', 'alerte!', 1),
(1973, 'alerte', '', 2),
(1974, 'alerte', '', 6),
(1975, 'alerte', '', 7),
(1976, 'confirm-alert', 'Am facut cunoștință', 1),
(1977, 'confirm-alert', '', 2),
(1978, 'confirm-alert', '', 6),
(1979, 'confirm-alert', '', 7),
(1980, 'general-7', 'General', 1),
(1981, 'general-7', '', 2),
(1982, 'general-7', '', 6),
(1983, 'general-7', '', 7),
(1984, 'aparenta', 'Aparenta', 1),
(1985, 'aparenta', '', 2),
(1986, 'aparenta', '', 6),
(1987, 'aparenta', '', 7),
(1988, 'location-1', 'Locatia', 1),
(1989, 'location-1', '', 2),
(1990, 'location-1', '', 6),
(1991, 'location-1', '', 7),
(1992, 'comments', 'Comentarii', 1),
(1993, 'comments', '', 2),
(1994, 'comments', '', 6),
(1995, 'comments', '', 7),
(1996, 'inca', 'Mentenanta', 1),
(1997, 'inca', '', 2),
(1998, 'inca', '', 6),
(1999, 'inca', '', 7),
(2000, 'sitename', 'Nume site', 1),
(2001, 'sitename', '', 2),
(2002, 'sitename', '', 6),
(2003, 'sitename', '', 7),
(2004, 'cachelife', 'Cache life (min)', 1),
(2005, 'cachelife', '', 2),
(2006, 'cachelife', '', 6),
(2007, 'cachelife', '', 7),
(2008, 'disqus-shortname', 'Disqus shortname', 1),
(2009, 'disqus-shortname', '', 2),
(2010, 'disqus-shortname', '', 6),
(2011, 'disqus-shortname', '', 7),
(2012, 'ment-text', 'Text mentenanta:', 1),
(2013, 'ment-text', '', 2),
(2014, 'ment-text', '', 6),
(2015, 'ment-text', '', 7),
(2016, 'home-logo-in-', 'Logo pentru', 1),
(2017, 'home-logo-in-', '', 2),
(2018, 'home-logo-in-', '', 6),
(2019, 'home-logo-in-', '', 7),
(2020, 'home-logo-small', 'Logo mic', 1),
(2021, 'home-logo-small', '', 2),
(2022, 'home-logo-small', '', 6),
(2023, 'home-logo-small', '', 7),
(2024, 'logo', 'Logo', 1),
(2025, 'logo', '', 2),
(2026, 'logo', '', 6),
(2027, 'logo', '', 7),
(2028, 'favicon', 'Favicon', 1),
(2029, 'favicon', '', 2),
(2030, 'favicon', '', 6),
(2031, 'favicon', '', 7),
(2032, 'map', 'Harta', 1),
(2033, 'map', '', 2),
(2034, 'map', '', 6),
(2035, 'map', '', 7);

/*!40101 SET CHARACTER_SET_CLIENT=@OLD_CHARACTER_SET_CLIENT */;
/*!40101 SET CHARACTER_SET_RESULTS=@OLD_CHARACTER_SET_RESULTS */;
/*!40101 SET COLLATION_CONNECTION=@OLD_COLLATION_CONNECTION */;
