-- phpMyAdmin SQL Dump
-- version 3.4.11.1deb2+deb7u1
-- http://www.phpmyadmin.net
--
-- Host: localhost
-- Generation Time: Oct 22, 2014 at 12:59 AM
-- Server version: 5.5.37
-- PHP Version: 5.4.4-14+deb7u12

SET SQL_MODE="NO_AUTO_VALUE_ON_ZERO";
SET time_zone = "+00:00";


/*!40101 SET @OLD_CHARACTER_SET_CLIENT=@@CHARACTER_SET_CLIENT */;
/*!40101 SET @OLD_CHARACTER_SET_RESULTS=@@CHARACTER_SET_RESULTS */;
/*!40101 SET @OLD_COLLATION_CONNECTION=@@COLLATION_CONNECTION */;
/*!40101 SET NAMES utf8 */;

--
-- Database: `c1lpa`
--

-- --------------------------------------------------------

--
-- Table structure for table `apl_acte`
--

DROP TABLE IF EXISTS `apl_acte`;
CREATE TABLE IF NOT EXISTS `apl_acte` (
  `id` int(11) NOT NULL AUTO_INCREMENT,
  `doc_nr` varchar(50) NOT NULL,
  `title` varchar(500) NOT NULL,
  `type` enum('Dispoziție','Decizie') NOT NULL DEFAULT 'Decizie',
  `date_upload` timestamp NOT NULL DEFAULT CURRENT_TIMESTAMP,
  `emitent` enum('Primaria','Consiliu Local') NOT NULL,
  PRIMARY KEY (`id`)
) ENGINE=InnoDB DEFAULT CHARSET=utf8 AUTO_INCREMENT=1 ;

-- --------------------------------------------------------

--
-- Table structure for table `apl_calendar_group`
--

DROP TABLE IF EXISTS `apl_calendar_group`;
CREATE TABLE IF NOT EXISTS `apl_calendar_group` (
  `id` int(11) NOT NULL AUTO_INCREMENT,
  `name` varchar(250) NOT NULL,
  `date_created` timestamp NOT NULL DEFAULT CURRENT_TIMESTAMP,
  PRIMARY KEY (`id`)
) ENGINE=InnoDB DEFAULT CHARSET=utf8 AUTO_INCREMENT=1 ;

-- --------------------------------------------------------

--
-- Table structure for table `apl_calendar_item`
--

DROP TABLE IF EXISTS `apl_calendar_item`;
CREATE TABLE IF NOT EXISTS `apl_calendar_item` (
  `id` int(11) NOT NULL AUTO_INCREMENT,
  `calendar_group_id` int(11) NOT NULL DEFAULT '0',
  `event_date` datetime NOT NULL,
  `created_at` timestamp NOT NULL DEFAULT CURRENT_TIMESTAMP,
  `user_id` int(11) NOT NULL,
  `period` varchar(250) NOT NULL,
  `enabled` int(1) NOT NULL DEFAULT '1',
  PRIMARY KEY (`id`)
) ENGINE=InnoDB DEFAULT CHARSET=utf8 AUTO_INCREMENT=1 ;

-- --------------------------------------------------------

--
-- Table structure for table `apl_calendar_item_lang`
--

DROP TABLE IF EXISTS `apl_calendar_item_lang`;
CREATE TABLE IF NOT EXISTS `apl_calendar_item_lang` (
  `id` int(11) NOT NULL AUTO_INCREMENT,
  `calendar_item_id` int(11) NOT NULL,
  `lang_id` int(11) NOT NULL,
  `title` varchar(250) NOT NULL,
  PRIMARY KEY (`id`)
) ENGINE=InnoDB DEFAULT CHARSET=utf8 AUTO_INCREMENT=1 ;

-- --------------------------------------------------------

--
-- Table structure for table `apl_calendar_post`
--

DROP TABLE IF EXISTS `apl_calendar_post`;
CREATE TABLE IF NOT EXISTS `apl_calendar_post` (
  `id` int(11) NOT NULL AUTO_INCREMENT,
  `post_id` int(11) NOT NULL,
  `calendar_group_id` int(11) NOT NULL,
  PRIMARY KEY (`id`)
) ENGINE=InnoDB DEFAULT CHARSET=utf8 AUTO_INCREMENT=1 ;

-- --------------------------------------------------------

--
-- Table structure for table `apl_category_lang`
--

DROP TABLE IF EXISTS `apl_category_lang`;
CREATE TABLE IF NOT EXISTS `apl_category_lang` (
  `id` int(11) NOT NULL AUTO_INCREMENT,
  `category_id` int(11) NOT NULL,
  `title` varchar(250) NOT NULL,
  `uri` varchar(250) NOT NULL,
  `enabled` int(1) NOT NULL DEFAULT '1',
  PRIMARY KEY (`id`)
) ENGINE=InnoDB DEFAULT CHARSET=utf8 AUTO_INCREMENT=1 ;

-- --------------------------------------------------------

--
-- Table structure for table `apl_complaint`
--

DROP TABLE IF EXISTS `apl_complaint`;
CREATE TABLE IF NOT EXISTS `apl_complaint` (
  `id` int(11) NOT NULL AUTO_INCREMENT,
  `post_id` int(11) NOT NULL,
  `username` varchar(255) NOT NULL,
  `email` varchar(150) NOT NULL,
  `address` varchar(255) NOT NULL,
  `title` varchar(255) NOT NULL,
  `text` text NOT NULL,
  `response` text NOT NULL,
  `date_created` timestamp NOT NULL DEFAULT CURRENT_TIMESTAMP,
  `is_private` int(1) NOT NULL DEFAULT '1',
  `enabled` int(1) NOT NULL DEFAULT '0',
  PRIMARY KEY (`id`)
) ENGINE=InnoDB DEFAULT CHARSET=utf8 AUTO_INCREMENT=1 ;

-- --------------------------------------------------------

--
-- Table structure for table `apl_feed`
--

DROP TABLE IF EXISTS `apl_feed`;
CREATE TABLE IF NOT EXISTS `apl_feed` (
  `id` int(11) NOT NULL AUTO_INCREMENT,
  `name` varchar(250) NOT NULL,
  `enabled` int(1) NOT NULL DEFAULT '1',
  `limit_value` int(11) NOT NULL DEFAULT '10' COMMENT '0 - unlimited; n - limited',
  `limit_type` enum('none','pagination','strictlimit') NOT NULL DEFAULT 'none' COMMENT '0 - pagination; 1 - strict limit',
  `order_by` enum('title','created_at','views','none') NOT NULL DEFAULT 'none' COMMENT 'feed_field_id',
  `order_type` enum('asc','desc','none') NOT NULL DEFAULT 'none' COMMENT 'none - disable order',
  PRIMARY KEY (`id`)
) ENGINE=InnoDB  DEFAULT CHARSET=utf8 AUTO_INCREMENT=19 ;

--
-- Dumping data for table `apl_feed`
--

INSERT INTO `apl_feed` (`id`, `name`, `enabled`, `limit_value`, `limit_type`, `order_by`, `order_type`) VALUES
(1, 'Întreprinderi subordonate', 1, 0, 'strictlimit', 'title', 'asc'),
(2, 'faq', 1, 0, 'none', 'none', 'none'),
(3, 'Orase', 1, 100, 'none', 'title', 'asc'),
(4, 'autorizatie de constructie', 1, 0, 'none', 'none', 'none'),
(5, 'Numere', 1, 0, 'none', 'none', 'none'),
(6, 'Discursuri si prelegeri publice', 1, 1, 'pagination', 'title', 'desc'),
(7, 'Cadrul legal al APL', 1, 0, 'none', 'created_at', 'desc'),
(8, 'Lista de fisiere', 1, 0, 'none', 'none', 'none'),
(9, 'Posturi vacante', 1, 3, 'pagination', 'created_at', 'desc'),
(10, 'Achizitii', 1, 1, 'strictlimit', 'created_at', 'desc'),
(11, 'Proiecte', 1, 0, 'none', 'created_at', 'desc'),
(12, 'Dosare secretar', 1, 0, 'none', 'title', 'desc'),
(13, 'Video', 1, 15, 'pagination', 'created_at', 'desc'),
(14, 'Anunturi', 1, 2, 'pagination', 'created_at', 'desc'),
(15, 'Noutati', 1, 1, 'pagination', 'created_at', 'desc'),
(16, 'Sendinte', 1, 0, 'none', 'created_at', 'desc'),
(17, 'Planuri de actiune', 1, 10, 'strictlimit', 'created_at', 'asc'),
(18, 'Regulamentul cu privire la modul de stabilire şi plată a ajutorului social.', 1, 0, 'none', 'none', 'none');

-- --------------------------------------------------------

--
-- Table structure for table `apl_feed_field`
--

DROP TABLE IF EXISTS `apl_feed_field`;
CREATE TABLE IF NOT EXISTS `apl_feed_field` (
  `id` int(11) NOT NULL AUTO_INCREMENT,
  `title` varchar(300) NOT NULL,
  `fkey` varchar(50) NOT NULL,
  `gkeys` text NOT NULL,
  `field_html` text NOT NULL,
  `lang_dependent` int(1) NOT NULL DEFAULT '0',
  `in_form` int(1) NOT NULL DEFAULT '1',
  `value_filter` varchar(200) NOT NULL,
  `check_filter` varchar(200) NOT NULL,
  `get_filter` varchar(200) NOT NULL,
  PRIMARY KEY (`id`)
) ENGINE=InnoDB  DEFAULT CHARSET=utf8 AUTO_INCREMENT=24 ;

--
-- Dumping data for table `apl_feed_field`
--

INSERT INTO `apl_feed_field` (`id`, `title`, `fkey`, `gkeys`, `field_html`, `lang_dependent`, `in_form`, `value_filter`, `check_filter`, `get_filter`) VALUES
(4, 'Adresa 1', 'address_one', 'locations,towns', '<input type="text" value="{value}" class="{class}" name="{name}" /> ', 1, 1, '', '', ''),
(5, 'Adresa 2', 'address_two', 'locations', '<input type="text" value="{value}" class="{class}" name="{name}" /> ', 1, 1, '', '', ''),
(6, 'Telefon 1', 'phone_one', 'locations,phones', '<input type="text" value="{value}" class="{class}" name="{name}" /> ', 0, 1, '', '', ''),
(7, 'Telefon 2', 'phone_two', 'locations', '<input type="text" value="{value}" class="{class}" name="{name}" /> ', 0, 1, '', '', ''),
(8, 'Fax', 'fax', 'locations', '<input type="text" value="{value}" class="{class}" name="{name}" /> ', 0, 1, '', '', ''),
(9, 'Website', 'website', 'locations,towns', '<input type="text" value="{value}" class="{class}" name="{name}" /> ', 0, 1, '', '', ''),
(10, 'Documente', 'docs', 'docs,acts,project', '{value}', 1, 0, 'fileListValue', '', 'fileListPrepare'),
(11, 'Data', 'date_point', 'jobs,acts', '    <div class="input-group date datetimepicker">        <input type="text" class="form-control" value="{value}" name="{name}" data-date-format="YYYY-MM-DD hh:mm:ss" />		<span class="input-group-addon"><span class="glyphicon-calendar glyphicon"></span></span>    </div>', 0, 1, '', '', ''),
(12, 'Interval proiect', 'pr_date_interval', 'project', '<input type="text" value="{value}" class="{class}" name="{name}" /> ', 0, 1, '', '', ''),
(13, 'Domeniul proiectului', 'pr_domain', 'project', '<textarea name="{name}" class="ckeditor-run {class}">{value}</textarea>', 1, 1, '', '', ''),
(14, 'Starea proiectului', 'pr_state', 'project', '<input type="text" value="{value}" class="{class}" name="{name}" />', 1, 1, '', '', ''),
(15, 'Valoarea proiectului', 'pr_value', 'project', '<input type="text" value="{value}" class="{class}" name="{name}" /> ', 1, 1, '', '', ''),
(16, 'Partenerii proiectului', 'pr_partners', 'project', '<textarea name="{name}" class="ckeditor-run {class}">{value}</textarea>', 1, 1, '', '', ''),
(17, 'Activitatea in proiect', 'pr_activites', 'project', '<textarea name="{name}" class="ckeditor-run {class}">{value}</textarea>', 1, 1, '', '', ''),
(18, 'Produsele proiectului', 'pr_products', 'project', '<textarea name="{name}" class="ckeditor-run {class}">{value}</textarea>', 1, 1, '', '', ''),
(19, 'Rezultatele proiectului', 'pr_results', 'project', '<textarea name="{name}" class="ckeditor-run {class}">{value}</textarea>', 1, 1, '', '', ''),
(20, 'Obiectivele proiectului', 'pr_objectives', 'project', '<textarea name="{name}" class="ckeditor-run {class}">{value}</textarea>', 1, 1, '', '', ''),
(21, 'Pretul proiectului', 'pr_price', 'project', '<textarea name="{name}" class="ckeditor-run {class}">{value}</textarea>', 1, 1, '', '', ''),
(22, 'Interval Ora', 'hours', 'sessions', '<input type="text" value="{value}" class="{class}" name="{name}" /> ', 1, 1, '', '', ''),
(23, 'Locatia', 'location', 'sessions', '<input type="text" value="{value}" class="{class}" name="{name}" /> ', 1, 1, '', '', '');

-- --------------------------------------------------------

--
-- Table structure for table `apl_feed_field_group`
--

DROP TABLE IF EXISTS `apl_feed_field_group`;
CREATE TABLE IF NOT EXISTS `apl_feed_field_group` (
  `key` varchar(100) NOT NULL,
  `name` varchar(255) NOT NULL,
  PRIMARY KEY (`key`)
) ENGINE=InnoDB DEFAULT CHARSET=utf8;

--
-- Dumping data for table `apl_feed_field_group`
--

INSERT INTO `apl_feed_field_group` (`key`, `name`) VALUES
('acts', 'Achizitii'),
('docs', 'Documente / Dosare'),
('jobs', 'Posturi vacante'),
('locations', 'Locatii/Intreprinderi/Institutii'),
('phones', 'Numere de telefon'),
('project', 'Proiect'),
('sessions', 'Sedinte'),
('towns', 'Orase');

-- --------------------------------------------------------

--
-- Table structure for table `apl_feed_field_value`
--

DROP TABLE IF EXISTS `apl_feed_field_value`;
CREATE TABLE IF NOT EXISTS `apl_feed_field_value` (
  `id` int(11) NOT NULL AUTO_INCREMENT,
  `lang_id` int(11) NOT NULL DEFAULT '0',
  `feed_field_id` int(11) NOT NULL,
  `post_id` int(11) NOT NULL,
  `value` text NOT NULL,
  PRIMARY KEY (`id`)
) ENGINE=InnoDB DEFAULT CHARSET=utf8 AUTO_INCREMENT=1 ;

-- --------------------------------------------------------

--
-- Table structure for table `apl_feed_post`
--

DROP TABLE IF EXISTS `apl_feed_post`;
CREATE TABLE IF NOT EXISTS `apl_feed_post` (
  `id` int(11) NOT NULL AUTO_INCREMENT,
  `feed_id` int(11) NOT NULL,
  `post_id` int(11) NOT NULL,
  PRIMARY KEY (`id`)
) ENGINE=InnoDB DEFAULT CHARSET=utf8 AUTO_INCREMENT=1 ;

-- --------------------------------------------------------

--
-- Table structure for table `apl_feed_rel`
--

DROP TABLE IF EXISTS `apl_feed_rel`;
CREATE TABLE IF NOT EXISTS `apl_feed_rel` (
  `id` int(11) NOT NULL AUTO_INCREMENT,
  `feed_id` int(11) NOT NULL,
  `feed_field_id` int(11) NOT NULL,
  PRIMARY KEY (`id`)
) ENGINE=InnoDB  DEFAULT CHARSET=utf8 AUTO_INCREMENT=30 ;

--
-- Dumping data for table `apl_feed_rel`
--

INSERT INTO `apl_feed_rel` (`id`, `feed_id`, `feed_field_id`) VALUES
(1, 1, 4),
(2, 1, 5),
(3, 1, 6),
(4, 1, 7),
(5, 1, 8),
(6, 1, 9),
(7, 3, 4),
(8, 3, 9),
(9, 5, 6),
(10, 7, 9),
(11, 8, 10),
(12, 10, 10),
(13, 10, 11),
(14, 11, 10),
(15, 11, 12),
(16, 11, 13),
(17, 11, 14),
(18, 11, 15),
(19, 11, 16),
(20, 11, 17),
(21, 11, 18),
(22, 11, 19),
(23, 11, 20),
(24, 11, 21),
(25, 9, 11),
(26, 12, 10),
(28, 16, 22),
(29, 16, 23);

-- --------------------------------------------------------

--
-- Table structure for table `apl_file`
--

DROP TABLE IF EXISTS `apl_file`;
CREATE TABLE IF NOT EXISTS `apl_file` (
  `id` int(11) NOT NULL AUTO_INCREMENT,
  `name` varchar(250) NOT NULL,
  `path` text NOT NULL,
  `type` varchar(20) NOT NULL,
  `extension` varchar(10) NOT NULL,
  `size` decimal(10,2) NOT NULL,
  `date_uploaded` timestamp NOT NULL DEFAULT CURRENT_TIMESTAMP,
  `module_name` varchar(20) NOT NULL,
  `module_id` int(11) NOT NULL,
  PRIMARY KEY (`id`)
) ENGINE=InnoDB  DEFAULT CHARSET=utf8 AUTO_INCREMENT=294 ;

--
-- Dumping data for table `apl_file`
--

INSERT INTO `apl_file` (`id`, `name`, `path`, `type`, `extension`, `size`, `date_uploaded`, `module_name`, `module_id`) VALUES
(207, 'back1.png', 'upload/541aff8ad9394_f423343082b5710ff3438d914c9874b1.png', 'image', 'png', 5752480.00, '2014-09-18 15:51:38', 'page_bg', 103),
(221, 'menu1.png', 'upload/541bf5db4259e_db140c73a9ab7821ad07baa490cb8bfe.png', 'image', 'png', 1761.00, '2014-09-19 09:22:35', 'page_icon_big', 103),
(224, 'menu2.png', 'upload/541bf602047ea_0ef6901075ef279dea587dc2a1aed80f.png', 'image', 'png', 1924.00, '2014-09-19 09:23:14', 'page_icon_big', 104),
(227, 'menu3.png', 'upload/541bf6211c8d4_8711ce617ea57dc6a9d7eb988a8ec09d.png', 'image', 'png', 2082.00, '2014-09-19 09:23:45', 'page_icon_big', 105),
(231, 'back2.png', 'upload/541bf92996be7_d1c2cb58a829914fa26f67f567612d3f.png', 'image', 'png', 1203648.00, '2014-09-19 09:36:41', 'page_bg', 105),
(233, 'back1.png', 'upload/541bf9482921e_f423343082b5710ff3438d914c9874b1.png', 'image', 'png', 5752480.00, '2014-09-19 09:37:12', 'page_bg', 104),
(234, 'menu4.png', 'upload/541bf959017a4_805ba18032ce8599484ad3ce6fee80f4.png', 'image', 'png', 1386.00, '2014-09-19 09:37:29', 'page_icon_big', 106),
(237, 'back2.png', 'upload/541bf98129c30_d1c2cb58a829914fa26f67f567612d3f.png', 'image', 'png', 1203648.00, '2014-09-19 09:38:09', 'page_bg', 106),
(262, 'Cetateni-si-Business-.jpg', 'upload/cetateni-si-business-jpg_c656c5a2192c1e6f5e2929082966123dc5ccdd95.jpg', 'image', 'jpg', 1952.00, '2014-09-23 14:06:39', 'page_icon', 103),
(263, 'Cetateni-si-Business-hover.jpg', 'upload/cetateni-si-business-hoverjpg_0c8a789d8d6f0bc7e16ccc3c9395f0b6dc874998.jpg', 'image', 'jpg', 2097.00, '2014-09-23 14:06:45', 'page_icon_active', 103),
(265, 'Primaria.jpg', 'upload/primariajpg_1b1d8aae3918a494620577d1ea0b301b58b22304.jpg', 'image', 'jpg', 2058.00, '2014-09-23 14:07:31', 'page_icon', 104),
(266, 'Primaria_hover.jpg', 'upload/primaria-hoverjpg_1d61363ba0473eca95264eea3258f32951df4f3f.jpg', 'image', 'jpg', 2239.00, '2014-09-23 14:07:40', 'page_icon_active', 104),
(267, 'Consiliul-local.jpg', 'upload/consiliul-localjpg_706df97c829943cecc90c1ed718fefc09bfc1374.jpg', 'image', 'jpg', 2117.00, '2014-09-23 14:07:58', 'page_icon', 105),
(268, 'Consiliul-local_hover.jpg', 'upload/consiliul-local-hoverjpg_e15a7694a8e7fff8e9c7b657d3d2db6392d6ee6c.jpg', 'image', 'jpg', 2287.00, '2014-09-23 14:08:03', 'page_icon_active', 105),
(269, 'Transparenta.jpg', 'upload/transparentajpg_d5928d33b66f98fb32cc0cbd943551fd5ee37856.jpg', 'image', 'jpg', 1978.00, '2014-09-23 14:08:18', 'page_icon', 106),
(270, 'Transparenta_hovert.jpg', 'upload/transparenta-hovertjpg_f06184fe6e6ef727aab912981312c6b66480211d.jpg', 'image', 'jpg', 2150.00, '2014-09-23 14:08:24', 'page_icon_active', 106),
(273, 'Logoul primăriei sîngerei', 'upload/logo-homejpg_55a0f7adf41a8ff201d00c01b6cddaa689acbab4.jpg', 'image', 'jpg', 53685.00, '2014-10-01 13:47:07', 'website_logo', 1),
(274, 'Logoul primăriei sîngerei', 'upload/logo-interiorjpg_eef6411e3444c7efe0e93df519d98248a2e7074a.jpg', 'image', 'jpg', 15956.00, '2014-10-01 13:47:13', 'website_logo_sm', 1),
(289, 'apl-logo-1452562117-4_avatar.png', 'upload/apl-logo-1452562117-4-avatarpng_dd1adc737dac56bc247a39e3aba836bff5979cfa.png', 'image', 'png', 6628.00, '2014-10-13 16:40:36', 'website_favicon', 1),
(290, 'article1.png', 'upload/article1png_bcf0a7cf4c5184457f1e9a4ab94216b3930d079f.png', 'image', 'png', 218191.00, '2014-10-15 16:33:39', 'page_icon_big', 107),
(291, 'Logoul primăriei sîngerei', 'upload/logo-homejpg_55a0f7adf41a8ff201d00c01b6cddaa689acbab4.jpg', 'image', 'jpg', 53685.00, '2014-10-19 19:27:54', 'website_logo_ro', 1),
(292, 'Logoul primăriei sîngerei', 'upload/logo-interiorjpg_eef6411e3444c7efe0e93df519d98248a2e7074a.jpg', 'image', 'jpg', 15956.00, '2014-10-19 19:28:04', 'website_logo_sm_ro', 1);

-- --------------------------------------------------------

--
-- Table structure for table `apl_firechat`
--

DROP TABLE IF EXISTS `apl_firechat`;
CREATE TABLE IF NOT EXISTS `apl_firechat` (
  `id` int(11) NOT NULL AUTO_INCREMENT,
  `active` int(1) NOT NULL DEFAULT '1',
  `date_created` timestamp NOT NULL DEFAULT CURRENT_TIMESTAMP,
  `person_id` int(11) NOT NULL,
  `user_name` varchar(100) NOT NULL,
  `user_email` varchar(100) NOT NULL,
  `roomId` varchar(50) NOT NULL,
  `userId` varchar(50) NOT NULL,
  PRIMARY KEY (`id`)
) ENGINE=InnoDB DEFAULT CHARSET=utf8 AUTO_INCREMENT=1 ;

-- --------------------------------------------------------

--
-- Table structure for table `apl_gallery`
--

DROP TABLE IF EXISTS `apl_gallery`;
CREATE TABLE IF NOT EXISTS `apl_gallery` (
  `id` int(11) NOT NULL AUTO_INCREMENT,
  `name` varchar(250) NOT NULL,
  PRIMARY KEY (`id`)
) ENGINE=InnoDB DEFAULT CHARSET=utf8 AUTO_INCREMENT=1 ;

-- --------------------------------------------------------

--
-- Table structure for table `apl_gallery_post`
--

DROP TABLE IF EXISTS `apl_gallery_post`;
CREATE TABLE IF NOT EXISTS `apl_gallery_post` (
  `id` int(11) NOT NULL AUTO_INCREMENT,
  `post_id` int(11) NOT NULL,
  `gallery_id` int(11) NOT NULL,
  PRIMARY KEY (`id`)
) ENGINE=InnoDB DEFAULT CHARSET=utf8 AUTO_INCREMENT=1 ;

-- --------------------------------------------------------

--
-- Table structure for table `apl_job_requests`
--

DROP TABLE IF EXISTS `apl_job_requests`;
CREATE TABLE IF NOT EXISTS `apl_job_requests` (
  `id` int(11) NOT NULL AUTO_INCREMENT,
  `post_id` int(11) NOT NULL,
  `name` varchar(200) NOT NULL,
  `cv_path` varchar(500) NOT NULL,
  `date_created` timestamp NOT NULL DEFAULT CURRENT_TIMESTAMP,
  PRIMARY KEY (`id`)
) ENGINE=InnoDB DEFAULT CHARSET=utf8 AUTO_INCREMENT=1 ;

-- --------------------------------------------------------

--
-- Table structure for table `apl_lang`
--

DROP TABLE IF EXISTS `apl_lang`;
CREATE TABLE IF NOT EXISTS `apl_lang` (
  `id` int(11) NOT NULL AUTO_INCREMENT,
  `name` varchar(50) NOT NULL,
  `ext` varchar(2) NOT NULL,
  `enabled` int(1) NOT NULL DEFAULT '1',
  PRIMARY KEY (`id`)
) ENGINE=InnoDB  DEFAULT CHARSET=utf8 AUTO_INCREMENT=8 ;

--
-- Dumping data for table `apl_lang`
--

INSERT INTO `apl_lang` (`id`, `name`, `ext`, `enabled`) VALUES
(1, 'Română', 'ro', 1),
(2, 'Руский', 'ru', 1),
(6, 'English', 'en', 1),
(7, 'Болгарский', 'bg', 1);

-- --------------------------------------------------------

--
-- Table structure for table `apl_logs`
--

DROP TABLE IF EXISTS `apl_logs`;
CREATE TABLE IF NOT EXISTS `apl_logs` (
  `id` int(11) NOT NULL AUTO_INCREMENT,
  `event_date` timestamp NOT NULL DEFAULT CURRENT_TIMESTAMP,
  `level` varchar(10) NOT NULL,
  `message` text NOT NULL,
  `url` varchar(500) NOT NULL,
  `ip` varchar(50) NOT NULL,
  `user_id` int(11) NOT NULL,
  PRIMARY KEY (`id`)
) ENGINE=InnoDB  DEFAULT CHARSET=utf8 AUTO_INCREMENT=72 ;

--
-- Dumping data for table `apl_logs`
--

INSERT INTO `apl_logs` (`id`, `event_date`, `level`, `message`, `url`, `ip`, `user_id`) VALUES
(1, '2014-10-21 19:34:12', 'error', 'exception ''ErrorException'' with message ''Undefined variable: content'' in /var/www/clients/client1/web21/lpa/apps/backend/views/templates/Default/layout/main.php:172\nStack trace:\n#0 /var/www/clients/client1/web21/lpa/apps/backend/views/templates/Default/layout/main.php(172): Illuminate\\Exception\\Handler->handleError(8, ''Undefined varia...'', ''/var/www/client...'', 172, Array)\n#1 /var/www/clients/client1/web21/lpa/vendor/laravel/framework/src/Illuminate/View/Engines/PhpEngine.php(35): include(''/var/www/client...'')\n#2 /var/www/clients/client1/web21/lpa/vendor/laravel/framework/src/Illuminate/View/Engines/PhpEngine.php(14): Illuminate\\View\\Engines\\PhpEngine->evaluatePath(''/var/www/client...'', Array)\n#3 /var/www/clients/client1/web21/lpa/vendor/laravel/framework/src/Illuminate/View/View.php(134): Illuminate\\View\\Engines\\PhpEngine->get(''/var/www/client...'', Array)\n#4 /var/www/clients/client1/web21/lpa/vendor/laravel/framework/src/Illuminate/View/View.php(102): Illuminate\\View\\View->getContents()\n#5 /var/www/clients/client1/web21/lpa/vendor/laravel/framework/src/Illuminate/View/View.php(76): Illuminate\\View\\View->renderContents()\n#6 /var/www/clients/client1/web21/lpa/vendor/laravel/framework/src/Illuminate/Http/Response.php(43): Illuminate\\View\\View->render()\n#7 /var/www/clients/client1/web21/lpa/vendor/symfony/http-foundation/Symfony/Component/HttpFoundation/Response.php(202): Illuminate\\Http\\Response->setContent(Object(Illuminate\\View\\View))\n#8 /var/www/clients/client1/web21/lpa/vendor/laravel/framework/src/Illuminate/Routing/Router.php(1498): Symfony\\Component\\HttpFoundation\\Response->__construct(Object(Illuminate\\View\\View))\n#9 /var/www/clients/client1/web21/lpa/vendor/laravel/framework/src/Illuminate/Routing/Router.php(1031): Illuminate\\Routing\\Router->prepareResponse(Object(Illuminate\\Http\\Request), Object(Illuminate\\View\\View))\n#10 /var/www/clients/client1/web21/lpa/vendor/laravel/framework/src/Illuminate/Routing/Router.php(996): Illuminate\\Routing\\Router->dispatchToRoute(Object(Illuminate\\Http\\Request))\n#11 /var/www/clients/client1/web21/lpa/vendor/laravel/framework/src/Illuminate/Foundation/Application.php(776): Illuminate\\Routing\\Router->dispatch(Object(Illuminate\\Http\\Request))\n#12 /var/www/clients/client1/web21/lpa/vendor/laravel/framework/src/Illuminate/Foundation/Application.php(746): Illuminate\\Foundation\\Application->dispatch(Object(Illuminate\\Http\\Request))\n#13 /var/www/clients/client1/web21/lpa/vendor/barryvdh/laravel-debugbar/src/Barryvdh/Debugbar/Middleware.php(34): Illuminate\\Foundation\\Application->handle(Object(Illuminate\\Http\\Request), 1, true)\n#14 /var/www/clients/client1/web21/lpa/vendor/laravel/framework/src/Illuminate/Session/Middleware.php(72): Barryvdh\\Debugbar\\Middleware->handle(Object(Illuminate\\Http\\Request), 1, true)\n#15 /var/www/clients/client1/web21/lpa/vendor/laravel/framework/src/Illuminate/Cookie/Queue.php(47): Illuminate\\Session\\Middleware->handle(Object(Illuminate\\Http\\Request), 1, true)\n#16 /var/www/clients/client1/web21/lpa/vendor/laravel/framework/src/Illuminate/Cookie/Guard.php(51): Illuminate\\Cookie\\Queue->handle(Object(Illuminate\\Http\\Request), 1, true)\n#17 /var/www/clients/client1/web21/lpa/vendor/stack/builder/src/Stack/StackedHttpKernel.php(23): Illuminate\\Cookie\\Guard->handle(Object(Illuminate\\Http\\Request), 1, true)\n#18 /var/www/clients/client1/web21/lpa/vendor/laravel/framework/src/Illuminate/Foundation/Application.php(642): Stack\\StackedHttpKernel->handle(Object(Illuminate\\Http\\Request))\n#19 /var/www/clients/client1/web21/lpa/admin/index.php(51): Illuminate\\Foundation\\Application->run()\n#20 {main}', 'http://lpa.devebs.net/admin/death', '92.115.237.211', 1),
(2, '2014-10-21 20:38:56', 'error', 'exception ''Symfony\\Component\\HttpKernel\\Exception\\NotFoundHttpException'' in /var/www/clients/client1/web21/lpa/vendor/laravel/framework/src/Illuminate/Routing/RouteCollection.php:148\nStack trace:\n#0 /var/www/clients/client1/web21/lpa/vendor/laravel/framework/src/Illuminate/Routing/Router.php(1049): Illuminate\\Routing\\RouteCollection->match(Object(Illuminate\\Http\\Request))\n#1 /var/www/clients/client1/web21/lpa/vendor/laravel/framework/src/Illuminate/Routing/Router.php(1017): Illuminate\\Routing\\Router->findRoute(Object(Illuminate\\Http\\Request))\n#2 /var/www/clients/client1/web21/lpa/vendor/laravel/framework/src/Illuminate/Routing/Router.php(996): Illuminate\\Routing\\Router->dispatchToRoute(Object(Illuminate\\Http\\Request))\n#3 /var/www/clients/client1/web21/lpa/vendor/laravel/framework/src/Illuminate/Foundation/Application.php(776): Illuminate\\Routing\\Router->dispatch(Object(Illuminate\\Http\\Request))\n#4 /var/www/clients/client1/web21/lpa/vendor/laravel/framework/src/Illuminate/Foundation/Application.php(746): Illuminate\\Foundation\\Application->dispatch(Object(Illuminate\\Http\\Request))\n#5 /var/www/clients/client1/web21/lpa/vendor/barryvdh/laravel-debugbar/src/Barryvdh/Debugbar/Middleware.php(34): Illuminate\\Foundation\\Application->handle(Object(Illuminate\\Http\\Request), 1, true)\n#6 /var/www/clients/client1/web21/lpa/vendor/laravel/framework/src/Illuminate/Session/Middleware.php(72): Barryvdh\\Debugbar\\Middleware->handle(Object(Illuminate\\Http\\Request), 1, true)\n#7 /var/www/clients/client1/web21/lpa/vendor/laravel/framework/src/Illuminate/Cookie/Queue.php(47): Illuminate\\Session\\Middleware->handle(Object(Illuminate\\Http\\Request), 1, true)\n#8 /var/www/clients/client1/web21/lpa/vendor/laravel/framework/src/Illuminate/Cookie/Guard.php(51): Illuminate\\Cookie\\Queue->handle(Object(Illuminate\\Http\\Request), 1, true)\n#9 /var/www/clients/client1/web21/lpa/vendor/stack/builder/src/Stack/StackedHttpKernel.php(23): Illuminate\\Cookie\\Guard->handle(Object(Illuminate\\Http\\Request), 1, true)\n#10 /var/www/clients/client1/web21/lpa/vendor/laravel/framework/src/Illuminate/Foundation/Application.php(642): Stack\\StackedHttpKernel->handle(Object(Illuminate\\Http\\Request))\n#11 /var/www/clients/client1/web21/lpa/index.php(52): Illuminate\\Foundation\\Application->run()\n#12 {main}', 'http://lpa.devebs.net/apps/backend/views/templates/Default/assets/img/logo.png', '92.115.237.211', 0),
(3, '2014-10-21 20:38:57', 'error', 'exception ''Symfony\\Component\\HttpKernel\\Exception\\NotFoundHttpException'' in /var/www/clients/client1/web21/lpa/vendor/laravel/framework/src/Illuminate/Routing/RouteCollection.php:148\nStack trace:\n#0 /var/www/clients/client1/web21/lpa/vendor/laravel/framework/src/Illuminate/Routing/Router.php(1049): Illuminate\\Routing\\RouteCollection->match(Object(Illuminate\\Http\\Request))\n#1 /var/www/clients/client1/web21/lpa/vendor/laravel/framework/src/Illuminate/Routing/Router.php(1017): Illuminate\\Routing\\Router->findRoute(Object(Illuminate\\Http\\Request))\n#2 /var/www/clients/client1/web21/lpa/vendor/laravel/framework/src/Illuminate/Routing/Router.php(996): Illuminate\\Routing\\Router->dispatchToRoute(Object(Illuminate\\Http\\Request))\n#3 /var/www/clients/client1/web21/lpa/vendor/laravel/framework/src/Illuminate/Foundation/Application.php(776): Illuminate\\Routing\\Router->dispatch(Object(Illuminate\\Http\\Request))\n#4 /var/www/clients/client1/web21/lpa/vendor/laravel/framework/src/Illuminate/Foundation/Application.php(746): Illuminate\\Foundation\\Application->dispatch(Object(Illuminate\\Http\\Request))\n#5 /var/www/clients/client1/web21/lpa/vendor/barryvdh/laravel-debugbar/src/Barryvdh/Debugbar/Middleware.php(34): Illuminate\\Foundation\\Application->handle(Object(Illuminate\\Http\\Request), 1, true)\n#6 /var/www/clients/client1/web21/lpa/vendor/laravel/framework/src/Illuminate/Session/Middleware.php(72): Barryvdh\\Debugbar\\Middleware->handle(Object(Illuminate\\Http\\Request), 1, true)\n#7 /var/www/clients/client1/web21/lpa/vendor/laravel/framework/src/Illuminate/Cookie/Queue.php(47): Illuminate\\Session\\Middleware->handle(Object(Illuminate\\Http\\Request), 1, true)\n#8 /var/www/clients/client1/web21/lpa/vendor/laravel/framework/src/Illuminate/Cookie/Guard.php(51): Illuminate\\Cookie\\Queue->handle(Object(Illuminate\\Http\\Request), 1, true)\n#9 /var/www/clients/client1/web21/lpa/vendor/stack/builder/src/Stack/StackedHttpKernel.php(23): Illuminate\\Cookie\\Guard->handle(Object(Illuminate\\Http\\Request), 1, true)\n#10 /var/www/clients/client1/web21/lpa/vendor/laravel/framework/src/Illuminate/Foundation/Application.php(642): Stack\\StackedHttpKernel->handle(Object(Illuminate\\Http\\Request))\n#11 /var/www/clients/client1/web21/lpa/index.php(52): Illuminate\\Foundation\\Application->run()\n#12 {main}', 'http://lpa.devebs.net/apps/backend/views/templates/Default/assets/img/logo.png', '92.115.237.211', 0),
(4, '2014-10-21 20:39:05', 'error', 'exception ''Symfony\\Component\\HttpKernel\\Exception\\NotFoundHttpException'' in /var/www/clients/client1/web21/lpa/vendor/laravel/framework/src/Illuminate/Routing/RouteCollection.php:148\nStack trace:\n#0 /var/www/clients/client1/web21/lpa/vendor/laravel/framework/src/Illuminate/Routing/Router.php(1049): Illuminate\\Routing\\RouteCollection->match(Object(Illuminate\\Http\\Request))\n#1 /var/www/clients/client1/web21/lpa/vendor/laravel/framework/src/Illuminate/Routing/Router.php(1017): Illuminate\\Routing\\Router->findRoute(Object(Illuminate\\Http\\Request))\n#2 /var/www/clients/client1/web21/lpa/vendor/laravel/framework/src/Illuminate/Routing/Router.php(996): Illuminate\\Routing\\Router->dispatchToRoute(Object(Illuminate\\Http\\Request))\n#3 /var/www/clients/client1/web21/lpa/vendor/laravel/framework/src/Illuminate/Foundation/Application.php(776): Illuminate\\Routing\\Router->dispatch(Object(Illuminate\\Http\\Request))\n#4 /var/www/clients/client1/web21/lpa/vendor/laravel/framework/src/Illuminate/Foundation/Application.php(746): Illuminate\\Foundation\\Application->dispatch(Object(Illuminate\\Http\\Request))\n#5 /var/www/clients/client1/web21/lpa/vendor/barryvdh/laravel-debugbar/src/Barryvdh/Debugbar/Middleware.php(34): Illuminate\\Foundation\\Application->handle(Object(Illuminate\\Http\\Request), 1, true)\n#6 /var/www/clients/client1/web21/lpa/vendor/laravel/framework/src/Illuminate/Session/Middleware.php(72): Barryvdh\\Debugbar\\Middleware->handle(Object(Illuminate\\Http\\Request), 1, true)\n#7 /var/www/clients/client1/web21/lpa/vendor/laravel/framework/src/Illuminate/Cookie/Queue.php(47): Illuminate\\Session\\Middleware->handle(Object(Illuminate\\Http\\Request), 1, true)\n#8 /var/www/clients/client1/web21/lpa/vendor/laravel/framework/src/Illuminate/Cookie/Guard.php(51): Illuminate\\Cookie\\Queue->handle(Object(Illuminate\\Http\\Request), 1, true)\n#9 /var/www/clients/client1/web21/lpa/vendor/stack/builder/src/Stack/StackedHttpKernel.php(23): Illuminate\\Cookie\\Guard->handle(Object(Illuminate\\Http\\Request), 1, true)\n#10 /var/www/clients/client1/web21/lpa/vendor/laravel/framework/src/Illuminate/Foundation/Application.php(642): Stack\\StackedHttpKernel->handle(Object(Illuminate\\Http\\Request))\n#11 /var/www/clients/client1/web21/lpa/index.php(52): Illuminate\\Foundation\\Application->run()\n#12 {main}', 'http://lpa.devebs.net/apps/backend/views/templates/Default/assets/img/logo.png', '92.115.237.211', 0),
(5, '2014-10-21 20:55:50', 'error', 'exception ''Symfony\\Component\\HttpKernel\\Exception\\NotFoundHttpException'' in /var/www/clients/client1/web21/lpa/vendor/laravel/framework/src/Illuminate/Routing/RouteCollection.php:148\nStack trace:\n#0 /var/www/clients/client1/web21/lpa/vendor/laravel/framework/src/Illuminate/Routing/Router.php(1049): Illuminate\\Routing\\RouteCollection->match(Object(Illuminate\\Http\\Request))\n#1 /var/www/clients/client1/web21/lpa/vendor/laravel/framework/src/Illuminate/Routing/Router.php(1017): Illuminate\\Routing\\Router->findRoute(Object(Illuminate\\Http\\Request))\n#2 /var/www/clients/client1/web21/lpa/vendor/laravel/framework/src/Illuminate/Routing/Router.php(996): Illuminate\\Routing\\Router->dispatchToRoute(Object(Illuminate\\Http\\Request))\n#3 /var/www/clients/client1/web21/lpa/vendor/laravel/framework/src/Illuminate/Foundation/Application.php(776): Illuminate\\Routing\\Router->dispatch(Object(Illuminate\\Http\\Request))\n#4 /var/www/clients/client1/web21/lpa/vendor/laravel/framework/src/Illuminate/Foundation/Application.php(746): Illuminate\\Foundation\\Application->dispatch(Object(Illuminate\\Http\\Request))\n#5 /var/www/clients/client1/web21/lpa/vendor/barryvdh/laravel-debugbar/src/Barryvdh/Debugbar/Middleware.php(34): Illuminate\\Foundation\\Application->handle(Object(Illuminate\\Http\\Request), 1, true)\n#6 /var/www/clients/client1/web21/lpa/vendor/laravel/framework/src/Illuminate/Session/Middleware.php(72): Barryvdh\\Debugbar\\Middleware->handle(Object(Illuminate\\Http\\Request), 1, true)\n#7 /var/www/clients/client1/web21/lpa/vendor/laravel/framework/src/Illuminate/Cookie/Queue.php(47): Illuminate\\Session\\Middleware->handle(Object(Illuminate\\Http\\Request), 1, true)\n#8 /var/www/clients/client1/web21/lpa/vendor/laravel/framework/src/Illuminate/Cookie/Guard.php(51): Illuminate\\Cookie\\Queue->handle(Object(Illuminate\\Http\\Request), 1, true)\n#9 /var/www/clients/client1/web21/lpa/vendor/stack/builder/src/Stack/StackedHttpKernel.php(23): Illuminate\\Cookie\\Guard->handle(Object(Illuminate\\Http\\Request), 1, true)\n#10 /var/www/clients/client1/web21/lpa/vendor/laravel/framework/src/Illuminate/Foundation/Application.php(642): Stack\\StackedHttpKernel->handle(Object(Illuminate\\Http\\Request))\n#11 /var/www/clients/client1/web21/lpa/index.php(52): Illuminate\\Foundation\\Application->run()\n#12 {main}', 'http://lpa.devebs.net/apps/backend/views/templates/Default/assets/img/pattern/black_paper.png', '92.115.237.211', 0),
(6, '2014-10-21 20:55:56', 'info', 'User login', 'http://lpa.devebs.net/admin/auth/take', '92.115.237.211', 1),
(7, '2014-10-21 21:30:33', 'info', 'Change roles user#1', 'http://lpa.devebs.net/admin/user/saveroles', '92.115.237.211', 1),
(8, '2014-10-21 21:30:46', 'info', 'Change roles user#1', 'http://lpa.devebs.net/admin/user/saveroles', '92.115.237.211', 1),
(9, '2014-10-21 21:31:03', 'info', 'Edit page #192', 'http://lpa.devebs.net/admin/page/save', '92.115.237.211', 1),
(10, '2014-10-21 21:31:10', 'info', 'Change roles user#1', 'http://lpa.devebs.net/admin/user/saveroles', '92.115.237.211', 1),
(11, '2014-10-21 21:31:14', 'info', 'Change roles user#1', 'http://lpa.devebs.net/admin/user/saveroles', '92.115.237.211', 1),
(12, '2014-10-21 21:31:17', 'info', 'Change roles user#1', 'http://lpa.devebs.net/admin/user/saveroles', '92.115.237.211', 1),
(13, '2014-10-21 21:33:46', 'info', 'Create user: manager', 'http://lpa.devebs.net/admin/user/create', '92.115.237.211', 1),
(14, '2014-10-21 21:33:53', 'info', 'Change roles user#10', 'http://lpa.devebs.net/admin/user/saveroles', '92.115.237.211', 1),
(15, '2014-10-21 21:33:55', 'info', 'Change roles user#10', 'http://lpa.devebs.net/admin/user/saveroles', '92.115.237.211', 1),
(16, '2014-10-21 21:34:06', 'info', 'Change roles user#10', 'http://lpa.devebs.net/admin/user/saveroles', '92.115.237.211', 1),
(17, '2014-10-21 21:34:09', 'info', 'Change roles user#10', 'http://lpa.devebs.net/admin/user/saveroles', '92.115.237.211', 1),
(18, '2014-10-21 21:34:12', 'info', 'Change roles user#10', 'http://lpa.devebs.net/admin/user/saveroles', '92.115.237.211', 1),
(19, '2014-10-21 21:34:14', 'info', 'Change roles user#10', 'http://lpa.devebs.net/admin/user/saveroles', '92.115.237.211', 1),
(20, '2014-10-21 21:34:17', 'info', 'Change roles user#10', 'http://lpa.devebs.net/admin/user/saveroles', '92.115.237.211', 1),
(21, '2014-10-21 21:34:20', 'info', 'Change roles user#10', 'http://lpa.devebs.net/admin/user/saveroles', '92.115.237.211', 1),
(22, '2014-10-21 21:34:23', 'info', 'Change roles user#10', 'http://lpa.devebs.net/admin/user/saveroles', '92.115.237.211', 1),
(23, '2014-10-21 21:34:29', 'info', 'Change roles user#10', 'http://lpa.devebs.net/admin/user/saveroles', '92.115.237.211', 1),
(24, '2014-10-21 21:34:39', 'info', 'Change roles user#10', 'http://lpa.devebs.net/admin/user/saveroles', '92.115.237.211', 1),
(25, '2014-10-21 21:34:46', 'info', 'Change roles user#10', 'http://lpa.devebs.net/admin/user/saveroles', '92.115.237.211', 1),
(26, '2014-10-21 21:34:47', 'info', 'Change roles user#10', 'http://lpa.devebs.net/admin/user/saveroles', '92.115.237.211', 1),
(27, '2014-10-21 21:34:50', 'info', 'Change roles user#10', 'http://lpa.devebs.net/admin/user/saveroles', '92.115.237.211', 1),
(28, '2014-10-21 21:34:54', 'info', 'Change roles user#10', 'http://lpa.devebs.net/admin/user/saveroles', '92.115.237.211', 1),
(29, '2014-10-21 21:35:00', 'info', 'Change roles user#10', 'http://lpa.devebs.net/admin/user/saveroles', '92.115.237.211', 1),
(30, '2014-10-21 21:35:06', 'info', 'Change roles user#10', 'http://lpa.devebs.net/admin/user/saveroles', '92.115.237.211', 1),
(31, '2014-10-21 21:35:09', 'info', 'Change roles user#10', 'http://lpa.devebs.net/admin/user/saveroles', '92.115.237.211', 1),
(32, '2014-10-21 21:35:21', 'info', 'Change roles user#10', 'http://lpa.devebs.net/admin/user/saveroles', '92.115.237.211', 1),
(33, '2014-10-21 21:35:29', 'info', 'Change roles user#10', 'http://lpa.devebs.net/admin/user/saveroles', '92.115.237.211', 1),
(34, '2014-10-21 21:35:30', 'info', 'Change roles user#10', 'http://lpa.devebs.net/admin/user/saveroles', '92.115.237.211', 1),
(35, '2014-10-21 21:35:47', 'info', 'Change roles user#10', 'http://lpa.devebs.net/admin/user/saveroles', '92.115.237.211', 1),
(36, '2014-10-21 21:36:45', 'info', 'Change roles user#10', 'http://lpa.devebs.net/admin/user/saveroles', '92.115.237.211', 1),
(37, '2014-10-21 21:36:52', 'info', 'Change roles user#10', 'http://lpa.devebs.net/admin/user/saveroles', '92.115.237.211', 1),
(38, '2014-10-21 21:36:54', 'info', 'Change roles user#10', 'http://lpa.devebs.net/admin/user/saveroles', '92.115.237.211', 1),
(39, '2014-10-21 21:37:03', 'info', 'Change roles user#10', 'http://lpa.devebs.net/admin/user/saveroles', '92.115.237.211', 1),
(40, '2014-10-21 21:37:12', 'error', 'exception ''Symfony\\Component\\HttpKernel\\Exception\\NotFoundHttpException'' in /var/www/clients/client1/web21/lpa/vendor/laravel/framework/src/Illuminate/Routing/RouteCollection.php:148\nStack trace:\n#0 /var/www/clients/client1/web21/lpa/vendor/laravel/framework/src/Illuminate/Routing/Router.php(1049): Illuminate\\Routing\\RouteCollection->match(Object(Illuminate\\Http\\Request))\n#1 /var/www/clients/client1/web21/lpa/vendor/laravel/framework/src/Illuminate/Routing/Router.php(1017): Illuminate\\Routing\\Router->findRoute(Object(Illuminate\\Http\\Request))\n#2 /var/www/clients/client1/web21/lpa/vendor/laravel/framework/src/Illuminate/Routing/Router.php(996): Illuminate\\Routing\\Router->dispatchToRoute(Object(Illuminate\\Http\\Request))\n#3 /var/www/clients/client1/web21/lpa/vendor/laravel/framework/src/Illuminate/Foundation/Application.php(776): Illuminate\\Routing\\Router->dispatch(Object(Illuminate\\Http\\Request))\n#4 /var/www/clients/client1/web21/lpa/vendor/laravel/framework/src/Illuminate/Foundation/Application.php(746): Illuminate\\Foundation\\Application->dispatch(Object(Illuminate\\Http\\Request))\n#5 /var/www/clients/client1/web21/lpa/vendor/barryvdh/laravel-debugbar/src/Barryvdh/Debugbar/Middleware.php(34): Illuminate\\Foundation\\Application->handle(Object(Illuminate\\Http\\Request), 1, true)\n#6 /var/www/clients/client1/web21/lpa/vendor/laravel/framework/src/Illuminate/Session/Middleware.php(72): Barryvdh\\Debugbar\\Middleware->handle(Object(Illuminate\\Http\\Request), 1, true)\n#7 /var/www/clients/client1/web21/lpa/vendor/laravel/framework/src/Illuminate/Cookie/Queue.php(47): Illuminate\\Session\\Middleware->handle(Object(Illuminate\\Http\\Request), 1, true)\n#8 /var/www/clients/client1/web21/lpa/vendor/laravel/framework/src/Illuminate/Cookie/Guard.php(51): Illuminate\\Cookie\\Queue->handle(Object(Illuminate\\Http\\Request), 1, true)\n#9 /var/www/clients/client1/web21/lpa/vendor/stack/builder/src/Stack/StackedHttpKernel.php(23): Illuminate\\Cookie\\Guard->handle(Object(Illuminate\\Http\\Request), 1, true)\n#10 /var/www/clients/client1/web21/lpa/vendor/laravel/framework/src/Illuminate/Foundation/Application.php(642): Stack\\StackedHttpKernel->handle(Object(Illuminate\\Http\\Request))\n#11 /var/www/clients/client1/web21/lpa/index.php(52): Illuminate\\Foundation\\Application->run()\n#12 {main}', 'http://lpa.devebs.net/apps/backend/views/templates/Default/assets/img/pattern/black_paper.png', '92.115.237.211', 0),
(41, '2014-10-21 21:37:30', 'error', 'exception ''Symfony\\Component\\HttpKernel\\Exception\\NotFoundHttpException'' in /var/www/clients/client1/web21/lpa/vendor/laravel/framework/src/Illuminate/Routing/RouteCollection.php:148\nStack trace:\n#0 /var/www/clients/client1/web21/lpa/vendor/laravel/framework/src/Illuminate/Routing/Router.php(1049): Illuminate\\Routing\\RouteCollection->match(Object(Illuminate\\Http\\Request))\n#1 /var/www/clients/client1/web21/lpa/vendor/laravel/framework/src/Illuminate/Routing/Router.php(1017): Illuminate\\Routing\\Router->findRoute(Object(Illuminate\\Http\\Request))\n#2 /var/www/clients/client1/web21/lpa/vendor/laravel/framework/src/Illuminate/Routing/Router.php(996): Illuminate\\Routing\\Router->dispatchToRoute(Object(Illuminate\\Http\\Request))\n#3 /var/www/clients/client1/web21/lpa/vendor/laravel/framework/src/Illuminate/Foundation/Application.php(776): Illuminate\\Routing\\Router->dispatch(Object(Illuminate\\Http\\Request))\n#4 /var/www/clients/client1/web21/lpa/vendor/laravel/framework/src/Illuminate/Foundation/Application.php(746): Illuminate\\Foundation\\Application->dispatch(Object(Illuminate\\Http\\Request))\n#5 /var/www/clients/client1/web21/lpa/vendor/barryvdh/laravel-debugbar/src/Barryvdh/Debugbar/Middleware.php(34): Illuminate\\Foundation\\Application->handle(Object(Illuminate\\Http\\Request), 1, true)\n#6 /var/www/clients/client1/web21/lpa/vendor/laravel/framework/src/Illuminate/Session/Middleware.php(72): Barryvdh\\Debugbar\\Middleware->handle(Object(Illuminate\\Http\\Request), 1, true)\n#7 /var/www/clients/client1/web21/lpa/vendor/laravel/framework/src/Illuminate/Cookie/Queue.php(47): Illuminate\\Session\\Middleware->handle(Object(Illuminate\\Http\\Request), 1, true)\n#8 /var/www/clients/client1/web21/lpa/vendor/laravel/framework/src/Illuminate/Cookie/Guard.php(51): Illuminate\\Cookie\\Queue->handle(Object(Illuminate\\Http\\Request), 1, true)\n#9 /var/www/clients/client1/web21/lpa/vendor/stack/builder/src/Stack/StackedHttpKernel.php(23): Illuminate\\Cookie\\Guard->handle(Object(Illuminate\\Http\\Request), 1, true)\n#10 /var/www/clients/client1/web21/lpa/vendor/laravel/framework/src/Illuminate/Foundation/Application.php(642): Stack\\StackedHttpKernel->handle(Object(Illuminate\\Http\\Request))\n#11 /var/www/clients/client1/web21/lpa/index.php(52): Illuminate\\Foundation\\Application->run()\n#12 {main}', 'http://lpa.devebs.net/apps/backend/views/templates/Default/assets/img/pattern/black_paper.png', '92.115.237.211', 0),
(42, '2014-10-21 21:37:44', 'info', 'User login', 'http://lpa.devebs.net/admin/auth/take', '92.115.237.211', 10),
(43, '2014-10-21 21:37:56', 'info', 'Change roles user#10', 'http://lpa.devebs.net/admin/user/saveroles', '92.115.237.211', 1),
(44, '2014-10-21 21:37:59', 'error', 'exception ''Exception'' with message ''Access denied!'' in /var/www/clients/client1/web21/lpa/apps/backend/models/User.php:62\nStack trace:\n#0 /var/www/clients/client1/web21/lpa/apps/backend/controllers/HomeController.php(74): User::onlyHas(''lang-view'')\n#1 [internal function]: HomeController->getLanguages()\n#2 /var/www/clients/client1/web21/lpa/vendor/laravel/framework/src/Illuminate/Routing/Controller.php(231): call_user_func_array(Array, Array)\n#3 /var/www/clients/client1/web21/lpa/vendor/laravel/framework/src/Illuminate/Routing/ControllerDispatcher.php(93): Illuminate\\Routing\\Controller->callAction(''getLanguages'', Array)\n#4 /var/www/clients/client1/web21/lpa/vendor/laravel/framework/src/Illuminate/Routing/ControllerDispatcher.php(62): Illuminate\\Routing\\ControllerDispatcher->call(Object(HomeController), Object(Illuminate\\Routing\\Route), ''getLanguages'')\n#5 /var/www/clients/client1/web21/lpa/vendor/laravel/framework/src/Illuminate/Routing/Router.php(962): Illuminate\\Routing\\ControllerDispatcher->dispatch(Object(Illuminate\\Routing\\Route), Object(Illuminate\\Http\\Request), ''HomeController'', ''getLanguages'')\n#6 [internal function]: Illuminate\\Routing\\Router->Illuminate\\Routing\\{closure}()\n#7 /var/www/clients/client1/web21/lpa/vendor/laravel/framework/src/Illuminate/Routing/Route.php(109): call_user_func_array(Object(Closure), Array)\n#8 /var/www/clients/client1/web21/lpa/vendor/laravel/framework/src/Illuminate/Routing/Router.php(1028): Illuminate\\Routing\\Route->run(Object(Illuminate\\Http\\Request))\n#9 /var/www/clients/client1/web21/lpa/vendor/laravel/framework/src/Illuminate/Routing/Router.php(996): Illuminate\\Routing\\Router->dispatchToRoute(Object(Illuminate\\Http\\Request))\n#10 /var/www/clients/client1/web21/lpa/vendor/laravel/framework/src/Illuminate/Foundation/Application.php(776): Illuminate\\Routing\\Router->dispatch(Object(Illuminate\\Http\\Request))\n#11 /var/www/clients/client1/web21/lpa/vendor/laravel/framework/src/Illuminate/Foundation/Application.php(746): Illuminate\\Foundation\\Application->dispatch(Object(Illuminate\\Http\\Request))\n#12 /var/www/clients/client1/web21/lpa/vendor/barryvdh/laravel-debugbar/src/Barryvdh/Debugbar/Middleware.php(34): Illuminate\\Foundation\\Application->handle(Object(Illuminate\\Http\\Request), 1, true)\n#13 /var/www/clients/client1/web21/lpa/vendor/laravel/framework/src/Illuminate/Session/Middleware.php(72): Barryvdh\\Debugbar\\Middleware->handle(Object(Illuminate\\Http\\Request), 1, true)\n#14 /var/www/clients/client1/web21/lpa/vendor/laravel/framework/src/Illuminate/Cookie/Queue.php(47): Illuminate\\Session\\Middleware->handle(Object(Illuminate\\Http\\Request), 1, true)\n#15 /var/www/clients/client1/web21/lpa/vendor/laravel/framework/src/Illuminate/Cookie/Guard.php(51): Illuminate\\Cookie\\Queue->handle(Object(Illuminate\\Http\\Request), 1, true)\n#16 /var/www/clients/client1/web21/lpa/vendor/stack/builder/src/Stack/StackedHttpKernel.php(23): Illuminate\\Cookie\\Guard->handle(Object(Illuminate\\Http\\Request), 1, true)\n#17 /var/www/clients/client1/web21/lpa/vendor/laravel/framework/src/Illuminate/Foundation/Application.php(642): Stack\\StackedHttpKernel->handle(Object(Illuminate\\Http\\Request))\n#18 /var/www/clients/client1/web21/lpa/admin/index.php(51): Illuminate\\Foundation\\Application->run()\n#19 {main}', 'http://lpa.devebs.net/admin/home/languages', '92.115.237.211', 10),
(45, '2014-10-21 21:40:02', 'info', 'Create user: primar', 'http://lpa.devebs.net/admin/user/create', '92.115.237.211', 1),
(46, '2014-10-21 21:40:06', 'info', 'Change roles user#11', 'http://lpa.devebs.net/admin/user/saveroles', '92.115.237.211', 1),
(47, '2014-10-21 21:40:14', 'info', 'User logout', 'http://lpa.devebs.net/admin/auth/logout', '92.115.237.211', 10),
(48, '2014-10-21 21:40:15', 'error', 'exception ''Symfony\\Component\\HttpKernel\\Exception\\NotFoundHttpException'' in /var/www/clients/client1/web21/lpa/vendor/laravel/framework/src/Illuminate/Routing/RouteCollection.php:148\nStack trace:\n#0 /var/www/clients/client1/web21/lpa/vendor/laravel/framework/src/Illuminate/Routing/Router.php(1049): Illuminate\\Routing\\RouteCollection->match(Object(Illuminate\\Http\\Request))\n#1 /var/www/clients/client1/web21/lpa/vendor/laravel/framework/src/Illuminate/Routing/Router.php(1017): Illuminate\\Routing\\Router->findRoute(Object(Illuminate\\Http\\Request))\n#2 /var/www/clients/client1/web21/lpa/vendor/laravel/framework/src/Illuminate/Routing/Router.php(996): Illuminate\\Routing\\Router->dispatchToRoute(Object(Illuminate\\Http\\Request))\n#3 /var/www/clients/client1/web21/lpa/vendor/laravel/framework/src/Illuminate/Foundation/Application.php(776): Illuminate\\Routing\\Router->dispatch(Object(Illuminate\\Http\\Request))\n#4 /var/www/clients/client1/web21/lpa/vendor/laravel/framework/src/Illuminate/Foundation/Application.php(746): Illuminate\\Foundation\\Application->dispatch(Object(Illuminate\\Http\\Request))\n#5 /var/www/clients/client1/web21/lpa/vendor/barryvdh/laravel-debugbar/src/Barryvdh/Debugbar/Middleware.php(34): Illuminate\\Foundation\\Application->handle(Object(Illuminate\\Http\\Request), 1, true)\n#6 /var/www/clients/client1/web21/lpa/vendor/laravel/framework/src/Illuminate/Session/Middleware.php(72): Barryvdh\\Debugbar\\Middleware->handle(Object(Illuminate\\Http\\Request), 1, true)\n#7 /var/www/clients/client1/web21/lpa/vendor/laravel/framework/src/Illuminate/Cookie/Queue.php(47): Illuminate\\Session\\Middleware->handle(Object(Illuminate\\Http\\Request), 1, true)\n#8 /var/www/clients/client1/web21/lpa/vendor/laravel/framework/src/Illuminate/Cookie/Guard.php(51): Illuminate\\Cookie\\Queue->handle(Object(Illuminate\\Http\\Request), 1, true)\n#9 /var/www/clients/client1/web21/lpa/vendor/stack/builder/src/Stack/StackedHttpKernel.php(23): Illuminate\\Cookie\\Guard->handle(Object(Illuminate\\Http\\Request), 1, true)\n#10 /var/www/clients/client1/web21/lpa/vendor/laravel/framework/src/Illuminate/Foundation/Application.php(642): Stack\\StackedHttpKernel->handle(Object(Illuminate\\Http\\Request))\n#11 /var/www/clients/client1/web21/lpa/index.php(52): Illuminate\\Foundation\\Application->run()\n#12 {main}', 'http://lpa.devebs.net/apps/backend/views/templates/Default/assets/img/pattern/black_paper.png', '92.115.237.211', 0),
(49, '2014-10-21 21:40:26', 'info', 'User login', 'http://lpa.devebs.net/admin/auth/take', '92.115.237.211', 11),
(50, '2014-10-21 21:40:34', 'error', 'exception ''Symfony\\Component\\Debug\\Exception\\FatalErrorException'' with message ''Class ''Core\\APL\\Modules\\Exception'' not found'' in /var/www/clients/client1/web21/lpa/apps/backend/modules/firechat/firechat.php:74\nStack trace:\n#0 [internal function]: Illuminate\\Exception\\Handler->handleShutdown()\n#1 {main}', 'http://lpa.devebs.net/admin/firechat/display', '92.115.237.211', 11),
(51, '2014-10-21 21:41:03', 'info', 'Change roles user#11', 'http://lpa.devebs.net/admin/user/saveroles', '92.115.237.211', 1),
(52, '2014-10-21 21:45:52', 'error', 'exception ''Exception'' with message ''Access denied!'' in /var/www/clients/client1/web21/lpa/apps/backend/models/User.php:62\nStack trace:\n#0 /var/www/clients/client1/web21/lpa/apps/backend/controllers/VarController.php(25): User::onlyHas(''var-edit'')\n#1 [internal function]: VarController->getIndex()\n#2 /var/www/clients/client1/web21/lpa/vendor/laravel/framework/src/Illuminate/Routing/Controller.php(231): call_user_func_array(Array, Array)\n#3 /var/www/clients/client1/web21/lpa/vendor/laravel/framework/src/Illuminate/Routing/ControllerDispatcher.php(93): Illuminate\\Routing\\Controller->callAction(''getIndex'', Array)\n#4 /var/www/clients/client1/web21/lpa/vendor/laravel/framework/src/Illuminate/Routing/ControllerDispatcher.php(62): Illuminate\\Routing\\ControllerDispatcher->call(Object(VarController), Object(Illuminate\\Routing\\Route), ''getIndex'')\n#5 /var/www/clients/client1/web21/lpa/vendor/laravel/framework/src/Illuminate/Routing/Router.php(962): Illuminate\\Routing\\ControllerDispatcher->dispatch(Object(Illuminate\\Routing\\Route), Object(Illuminate\\Http\\Request), ''VarController'', ''getIndex'')\n#6 [internal function]: Illuminate\\Routing\\Router->Illuminate\\Routing\\{closure}()\n#7 /var/www/clients/client1/web21/lpa/vendor/laravel/framework/src/Illuminate/Routing/Route.php(109): call_user_func_array(Object(Closure), Array)\n#8 /var/www/clients/client1/web21/lpa/vendor/laravel/framework/src/Illuminate/Routing/Router.php(1028): Illuminate\\Routing\\Route->run(Object(Illuminate\\Http\\Request))\n#9 /var/www/clients/client1/web21/lpa/vendor/laravel/framework/src/Illuminate/Routing/Router.php(996): Illuminate\\Routing\\Router->dispatchToRoute(Object(Illuminate\\Http\\Request))\n#10 /var/www/clients/client1/web21/lpa/vendor/laravel/framework/src/Illuminate/Foundation/Application.php(776): Illuminate\\Routing\\Router->dispatch(Object(Illuminate\\Http\\Request))\n#11 /var/www/clients/client1/web21/lpa/vendor/laravel/framework/src/Illuminate/Foundation/Application.php(746): Illuminate\\Foundation\\Application->dispatch(Object(Illuminate\\Http\\Request))\n#12 /var/www/clients/client1/web21/lpa/vendor/barryvdh/laravel-debugbar/src/Barryvdh/Debugbar/Middleware.php(34): Illuminate\\Foundation\\Application->handle(Object(Illuminate\\Http\\Request), 1, true)\n#13 /var/www/clients/client1/web21/lpa/vendor/laravel/framework/src/Illuminate/Session/Middleware.php(72): Barryvdh\\Debugbar\\Middleware->handle(Object(Illuminate\\Http\\Request), 1, true)\n#14 /var/www/clients/client1/web21/lpa/vendor/laravel/framework/src/Illuminate/Cookie/Queue.php(47): Illuminate\\Session\\Middleware->handle(Object(Illuminate\\Http\\Request), 1, true)\n#15 /var/www/clients/client1/web21/lpa/vendor/laravel/framework/src/Illuminate/Cookie/Guard.php(51): Illuminate\\Cookie\\Queue->handle(Object(Illuminate\\Http\\Request), 1, true)\n#16 /var/www/clients/client1/web21/lpa/vendor/stack/builder/src/Stack/StackedHttpKernel.php(23): Illuminate\\Cookie\\Guard->handle(Object(Illuminate\\Http\\Request), 1, true)\n#17 /var/www/clients/client1/web21/lpa/vendor/laravel/framework/src/Illuminate/Foundation/Application.php(642): Stack\\StackedHttpKernel->handle(Object(Illuminate\\Http\\Request))\n#18 /var/www/clients/client1/web21/lpa/admin/index.php(51): Illuminate\\Foundation\\Application->run()\n#19 {main}', 'http://lpa.devebs.net/admin/var', '92.115.237.211', 11),
(53, '2014-10-21 21:46:03', 'info', 'Change roles user#11', 'http://lpa.devebs.net/admin/user/saveroles', '92.115.237.211', 1),
(54, '2014-10-21 21:46:08', 'error', 'exception ''Symfony\\Component\\Debug\\Exception\\FatalErrorException'' with message ''Class ''Core\\APL\\Modules\\Exception'' not found'' in /var/www/clients/client1/web21/lpa/apps/backend/modules/firechat/firechat.php:74\nStack trace:\n#0 [internal function]: Illuminate\\Exception\\Handler->handleShutdown()\n#1 {main}', 'http://lpa.devebs.net/admin/firechat/display', '92.115.237.211', 11),
(55, '2014-10-21 21:46:11', 'error', 'exception ''Symfony\\Component\\Debug\\Exception\\FatalErrorException'' with message ''Class ''Core\\APL\\Modules\\Exception'' not found'' in /var/www/clients/client1/web21/lpa/apps/backend/modules/firechat/firechat.php:74\nStack trace:\n#0 [internal function]: Illuminate\\Exception\\Handler->handleShutdown()\n#1 {main}', 'http://lpa.devebs.net/admin/firechat/display', '92.115.237.211', 11),
(56, '2014-10-21 21:46:25', 'info', 'Change roles user#11', 'http://lpa.devebs.net/admin/user/saveroles', '92.115.237.211', 1),
(57, '2014-10-21 21:46:26', 'info', 'Change roles user#11', 'http://lpa.devebs.net/admin/user/saveroles', '92.115.237.211', 1),
(58, '2014-10-21 21:46:28', 'error', 'exception ''Symfony\\Component\\Debug\\Exception\\FatalErrorException'' with message ''Class ''Core\\APL\\Modules\\Exception'' not found'' in /var/www/clients/client1/web21/lpa/apps/backend/modules/firechat/firechat.php:74\nStack trace:\n#0 [internal function]: Illuminate\\Exception\\Handler->handleShutdown()\n#1 {main}', 'http://lpa.devebs.net/admin/firechat/display', '92.115.237.211', 11),
(59, '2014-10-21 21:46:44', 'info', 'Change roles user#11', 'http://lpa.devebs.net/admin/user/saveroles', '92.115.237.211', 1),
(60, '2014-10-21 21:46:45', 'info', 'Change roles user#11', 'http://lpa.devebs.net/admin/user/saveroles', '92.115.237.211', 1),
(61, '2014-10-21 21:46:52', 'info', 'Change roles user#11', 'http://lpa.devebs.net/admin/user/saveroles', '92.115.237.211', 1),
(62, '2014-10-21 21:46:53', 'info', 'Change roles user#11', 'http://lpa.devebs.net/admin/user/saveroles', '92.115.237.211', 1),
(63, '2014-10-21 21:47:08', 'info', 'Change roles user#10', 'http://lpa.devebs.net/admin/user/saveroles', '92.115.237.211', 1),
(64, '2014-10-21 21:47:11', 'info', 'Change roles user#10', 'http://lpa.devebs.net/admin/user/saveroles', '92.115.237.211', 1),
(65, '2014-10-21 21:48:51', 'error', 'exception ''Exception'' with message ''Access denied!'' in /var/www/clients/client1/web21/lpa/apps/backend/models/User.php:62\nStack trace:\n#0 /var/www/clients/client1/web21/lpa/apps/backend/controllers/VarController.php(25): User::onlyHas(''var-edit'')\n#1 [internal function]: VarController->getIndex(''backend'')\n#2 /var/www/clients/client1/web21/lpa/vendor/laravel/framework/src/Illuminate/Routing/Controller.php(231): call_user_func_array(Array, Array)\n#3 /var/www/clients/client1/web21/lpa/vendor/laravel/framework/src/Illuminate/Routing/ControllerDispatcher.php(93): Illuminate\\Routing\\Controller->callAction(''getIndex'', Array)\n#4 /var/www/clients/client1/web21/lpa/vendor/laravel/framework/src/Illuminate/Routing/ControllerDispatcher.php(62): Illuminate\\Routing\\ControllerDispatcher->call(Object(VarController), Object(Illuminate\\Routing\\Route), ''getIndex'')\n#5 /var/www/clients/client1/web21/lpa/vendor/laravel/framework/src/Illuminate/Routing/Router.php(962): Illuminate\\Routing\\ControllerDispatcher->dispatch(Object(Illuminate\\Routing\\Route), Object(Illuminate\\Http\\Request), ''VarController'', ''getIndex'')\n#6 [internal function]: Illuminate\\Routing\\Router->Illuminate\\Routing\\{closure}(''backend'')\n#7 /var/www/clients/client1/web21/lpa/vendor/laravel/framework/src/Illuminate/Routing/Route.php(109): call_user_func_array(Object(Closure), Array)\n#8 /var/www/clients/client1/web21/lpa/vendor/laravel/framework/src/Illuminate/Routing/Router.php(1028): Illuminate\\Routing\\Route->run(Object(Illuminate\\Http\\Request))\n#9 /var/www/clients/client1/web21/lpa/vendor/laravel/framework/src/Illuminate/Routing/Router.php(996): Illuminate\\Routing\\Router->dispatchToRoute(Object(Illuminate\\Http\\Request))\n#10 /var/www/clients/client1/web21/lpa/vendor/laravel/framework/src/Illuminate/Foundation/Application.php(776): Illuminate\\Routing\\Router->dispatch(Object(Illuminate\\Http\\Request))\n#11 /var/www/clients/client1/web21/lpa/vendor/laravel/framework/src/Illuminate/Foundation/Application.php(746): Illuminate\\Foundation\\Application->dispatch(Object(Illuminate\\Http\\Request))\n#12 /var/www/clients/client1/web21/lpa/vendor/barryvdh/laravel-debugbar/src/Barryvdh/Debugbar/Middleware.php(34): Illuminate\\Foundation\\Application->handle(Object(Illuminate\\Http\\Request), 1, true)\n#13 /var/www/clients/client1/web21/lpa/vendor/laravel/framework/src/Illuminate/Session/Middleware.php(72): Barryvdh\\Debugbar\\Middleware->handle(Object(Illuminate\\Http\\Request), 1, true)\n#14 /var/www/clients/client1/web21/lpa/vendor/laravel/framework/src/Illuminate/Cookie/Queue.php(47): Illuminate\\Session\\Middleware->handle(Object(Illuminate\\Http\\Request), 1, true)\n#15 /var/www/clients/client1/web21/lpa/vendor/laravel/framework/src/Illuminate/Cookie/Guard.php(51): Illuminate\\Cookie\\Queue->handle(Object(Illuminate\\Http\\Request), 1, true)\n#16 /var/www/clients/client1/web21/lpa/vendor/stack/builder/src/Stack/StackedHttpKernel.php(23): Illuminate\\Cookie\\Guard->handle(Object(Illuminate\\Http\\Request), 1, true)\n#17 /var/www/clients/client1/web21/lpa/vendor/laravel/framework/src/Illuminate/Foundation/Application.php(642): Stack\\StackedHttpKernel->handle(Object(Illuminate\\Http\\Request))\n#18 /var/www/clients/client1/web21/lpa/admin/index.php(51): Illuminate\\Foundation\\Application->run()\n#19 {main}', 'http://lpa.devebs.net/admin/var/index/backend', '92.115.237.211', 11),
(66, '2014-10-21 21:51:43', 'info', 'Change roles user#1', 'http://lpa.devebs.net/admin/user/saveroles', '92.115.237.211', 1),
(67, '2014-10-21 21:51:45', 'info', 'Change roles user#1', 'http://lpa.devebs.net/admin/user/saveroles', '92.115.237.211', 1),
(68, '2014-10-21 21:51:48', 'info', 'Change roles user#1', 'http://lpa.devebs.net/admin/user/saveroles', '92.115.237.211', 1),
(69, '2014-10-21 21:51:51', 'info', 'Change roles user#1', 'http://lpa.devebs.net/admin/user/saveroles', '92.115.237.211', 1),
(70, '2014-10-21 21:59:15', 'info', 'Created new var ''event-list''', 'http://lpa.devebs.net/admin/var/create', '92.115.237.211', 1),
(71, '2014-10-21 21:59:29', 'info', 'Created new var ''event-group''', 'http://lpa.devebs.net/admin/var/create', '92.115.237.211', 1);

-- --------------------------------------------------------

--
-- Table structure for table `apl_menu`
--

DROP TABLE IF EXISTS `apl_menu`;
CREATE TABLE IF NOT EXISTS `apl_menu` (
  `id` int(11) NOT NULL AUTO_INCREMENT,
  `name` varchar(250) NOT NULL,
  `enabled` int(1) NOT NULL DEFAULT '0',
  PRIMARY KEY (`id`)
) ENGINE=InnoDB DEFAULT CHARSET=utf8 AUTO_INCREMENT=1 ;

-- --------------------------------------------------------

--
-- Table structure for table `apl_menu_item`
--

DROP TABLE IF EXISTS `apl_menu_item`;
CREATE TABLE IF NOT EXISTS `apl_menu_item` (
  `id` int(11) NOT NULL AUTO_INCREMENT,
  `menu_id` int(11) NOT NULL,
  `enabled` int(1) NOT NULL DEFAULT '1',
  `parent` int(11) NOT NULL DEFAULT '0',
  `ord` int(11) NOT NULL DEFAULT '0',
  PRIMARY KEY (`id`)
) ENGINE=InnoDB DEFAULT CHARSET=utf8 AUTO_INCREMENT=1 ;

-- --------------------------------------------------------

--
-- Table structure for table `apl_menu_item_lang`
--

DROP TABLE IF EXISTS `apl_menu_item_lang`;
CREATE TABLE IF NOT EXISTS `apl_menu_item_lang` (
  `id` int(11) NOT NULL AUTO_INCREMENT,
  `menu_item_id` int(11) NOT NULL,
  `lang_id` int(11) NOT NULL,
  `title` text NOT NULL,
  `href` text NOT NULL,
  PRIMARY KEY (`id`)
) ENGINE=InnoDB DEFAULT CHARSET=utf8 AUTO_INCREMENT=1 ;

-- --------------------------------------------------------

--
-- Table structure for table `apl_module`
--

DROP TABLE IF EXISTS `apl_module`;
CREATE TABLE IF NOT EXISTS `apl_module` (
  `id` int(11) NOT NULL AUTO_INCREMENT,
  `name` text NOT NULL,
  `extension` varchar(100) NOT NULL,
  `settings_page` varchar(255) NOT NULL,
  `enabled` int(1) NOT NULL DEFAULT '0',
  PRIMARY KEY (`id`)
) ENGINE=InnoDB  DEFAULT CHARSET=utf8 AUTO_INCREMENT=11 ;

--
-- Dumping data for table `apl_module`
--

INSERT INTO `apl_module` (`id`, `name`, `extension`, `settings_page`, `enabled`) VALUES
(2, 'Gallery', 'gallery', '', 1),
(3, 'Newsletter', 'newsletter', '', 1),
(4, 'Modul persoane', 'person', '', 1),
(5, 'Calendar', 'calendar', '', 1),
(6, 'Social complaints', 'socialcomplaints', '', 1),
(7, 'Job REquests', 'jobrequest', '', 1),
(8, 'Poll', 'poll', '', 1),
(9, 'Chat', 'firechat', 'firechat/settings', 1),
(10, 'Acte locale', 'actelocale', '', 1);

-- --------------------------------------------------------

--
-- Table structure for table `apl_newsletter`
--

DROP TABLE IF EXISTS `apl_newsletter`;
CREATE TABLE IF NOT EXISTS `apl_newsletter` (
  `id` int(11) NOT NULL AUTO_INCREMENT,
  `email` varchar(100) NOT NULL,
  `enabled` int(1) NOT NULL DEFAULT '1',
  `hash` varchar(50) NOT NULL,
  `subscribe_date` timestamp NOT NULL DEFAULT CURRENT_TIMESTAMP,
  PRIMARY KEY (`id`)
) ENGINE=InnoDB DEFAULT CHARSET=utf8 AUTO_INCREMENT=1 ;

-- --------------------------------------------------------

--
-- Table structure for table `apl_person`
--

DROP TABLE IF EXISTS `apl_person`;
CREATE TABLE IF NOT EXISTS `apl_person` (
  `id` int(11) NOT NULL AUTO_INCREMENT,
  `feed_id` int(11) NOT NULL DEFAULT '0',
  `user_id` int(11) NOT NULL,
  `phone` varchar(100) NOT NULL,
  `email` varchar(100) NOT NULL,
  `date_birth` date NOT NULL,
  `for_audience` int(1) NOT NULL DEFAULT '0',
  `dynamic_fields` text NOT NULL,
  PRIMARY KEY (`id`)
) ENGINE=InnoDB DEFAULT CHARSET=utf8 AUTO_INCREMENT=1 ;

-- --------------------------------------------------------

--
-- Table structure for table `apl_person_audience`
--

DROP TABLE IF EXISTS `apl_person_audience`;
CREATE TABLE IF NOT EXISTS `apl_person_audience` (
  `id` int(11) NOT NULL AUTO_INCREMENT,
  `person_id` int(11) NOT NULL,
  `name` varchar(100) NOT NULL,
  `phone` varchar(50) NOT NULL,
  `email` varchar(50) NOT NULL,
  `date_created` timestamp NOT NULL DEFAULT CURRENT_TIMESTAMP,
  PRIMARY KEY (`id`)
) ENGINE=InnoDB DEFAULT CHARSET=utf8 AUTO_INCREMENT=1 ;

-- --------------------------------------------------------

--
-- Table structure for table `apl_person_group`
--

DROP TABLE IF EXISTS `apl_person_group`;
CREATE TABLE IF NOT EXISTS `apl_person_group` (
  `id` int(11) NOT NULL AUTO_INCREMENT,
  `date_created` timestamp NOT NULL DEFAULT CURRENT_TIMESTAMP,
  PRIMARY KEY (`id`)
) ENGINE=InnoDB  DEFAULT CHARSET=utf8 AUTO_INCREMENT=23 ;

--
-- Dumping data for table `apl_person_group`
--

INSERT INTO `apl_person_group` (`id`, `date_created`) VALUES
(16, '2014-08-28 09:29:29'),
(17, '2014-08-28 09:49:19'),
(18, '2014-08-30 10:07:17'),
(19, '2014-08-30 10:07:58'),
(20, '2014-09-06 05:57:33'),
(21, '2014-09-06 06:37:30'),
(22, '2014-09-11 11:27:57');

-- --------------------------------------------------------

--
-- Table structure for table `apl_person_group_lang`
--

DROP TABLE IF EXISTS `apl_person_group_lang`;
CREATE TABLE IF NOT EXISTS `apl_person_group_lang` (
  `id` int(11) NOT NULL AUTO_INCREMENT,
  `group_id` int(11) NOT NULL,
  `lang_id` int(11) NOT NULL,
  `name` varchar(200) NOT NULL,
  `description` text NOT NULL,
  PRIMARY KEY (`id`)
) ENGINE=InnoDB  DEFAULT CHARSET=utf8 AUTO_INCREMENT=71 ;

--
-- Dumping data for table `apl_person_group_lang`
--

INSERT INTO `apl_person_group_lang` (`id`, `group_id`, `lang_id`, `name`, `description`) VALUES
(27, 16, 1, 'Consilieri si domenii de actiune', 'fd gdfgcvbxcvbxvb vbxcvbx cvbc sdfcvxv'),
(30, 16, 2, 'Consilieri si domenii de actiune', 'fdg fdgvbxvcbcvb fdg bcvxbcv dg bcv'),
(31, 17, 1, 'Comisia de specialitate', ''),
(34, 17, 2, 'Comisia de specialitate', ''),
(35, 19, 1, 'Personalitati', ''),
(36, 19, 2, 'Personalitati', ''),
(37, 20, 1, 'Viceprimari', ''),
(38, 20, 2, 'Viceprimari', ''),
(39, 21, 1, 'Primar', ''),
(40, 21, 2, 'Primar', ''),
(41, 22, 1, 'Secretar', ''),
(42, 22, 2, 'Secretar', ''),
(57, 16, 6, '', ''),
(58, 17, 6, '', ''),
(59, 18, 6, '', ''),
(60, 19, 6, '', ''),
(61, 20, 6, '', ''),
(62, 21, 6, '', ''),
(63, 22, 6, '', ''),
(64, 16, 7, '', ''),
(65, 17, 7, '', ''),
(66, 18, 7, '', ''),
(67, 19, 7, '', ''),
(68, 20, 7, '', ''),
(69, 21, 7, '', ''),
(70, 22, 7, '', '');

-- --------------------------------------------------------

--
-- Table structure for table `apl_person_group_post`
--

DROP TABLE IF EXISTS `apl_person_group_post`;
CREATE TABLE IF NOT EXISTS `apl_person_group_post` (
  `id` int(11) NOT NULL AUTO_INCREMENT,
  `post_id` int(11) NOT NULL,
  `group_id` int(11) NOT NULL,
  PRIMARY KEY (`id`)
) ENGINE=InnoDB  DEFAULT CHARSET=utf8 AUTO_INCREMENT=34 ;

--
-- Dumping data for table `apl_person_group_post`
--

INSERT INTO `apl_person_group_post` (`id`, `post_id`, `group_id`) VALUES
(4, 29, 16),
(5, 29, 17),
(6, 42, 19),
(8, 58, 20),
(9, 59, 21),
(10, 80, 22),
(14, 96, 20),
(15, 96, 21),
(16, 96, 22),
(21, 183, 19),
(22, 204, 21),
(23, 208, 20),
(24, 215, 22),
(25, 216, 16),
(29, 223, 19),
(30, 224, 19),
(31, 225, 19),
(32, 226, 19),
(33, 198, 20);

-- --------------------------------------------------------

--
-- Table structure for table `apl_person_lang`
--

DROP TABLE IF EXISTS `apl_person_lang`;
CREATE TABLE IF NOT EXISTS `apl_person_lang` (
  `id` int(11) NOT NULL AUTO_INCREMENT,
  `lang_id` int(11) NOT NULL,
  `person_id` int(11) NOT NULL,
  `first_name` varchar(250) NOT NULL,
  `last_name` varchar(250) NOT NULL,
  `text` text NOT NULL,
  `function` varchar(500) NOT NULL,
  `civil_state` varchar(500) NOT NULL,
  `studies` text NOT NULL,
  `activity` text NOT NULL,
  `motto` text NOT NULL,
  `sector` varchar(500) NOT NULL,
  PRIMARY KEY (`id`)
) ENGINE=InnoDB DEFAULT CHARSET=utf8 AUTO_INCREMENT=1 ;

-- --------------------------------------------------------

--
-- Table structure for table `apl_person_rel`
--

DROP TABLE IF EXISTS `apl_person_rel`;
CREATE TABLE IF NOT EXISTS `apl_person_rel` (
  `id` int(11) NOT NULL AUTO_INCREMENT,
  `person_id` int(11) NOT NULL,
  `group_id` int(11) NOT NULL,
  PRIMARY KEY (`id`)
) ENGINE=InnoDB DEFAULT CHARSET=utf8 AUTO_INCREMENT=1 ;

-- --------------------------------------------------------

--
-- Table structure for table `apl_poll`
--

DROP TABLE IF EXISTS `apl_poll`;
CREATE TABLE IF NOT EXISTS `apl_poll` (
  `id` int(11) NOT NULL AUTO_INCREMENT,
  `date_created` timestamp NOT NULL DEFAULT CURRENT_TIMESTAMP,
  `author_id` int(11) NOT NULL DEFAULT '1',
  `enabled` int(1) NOT NULL DEFAULT '1',
  `active` int(1) NOT NULL DEFAULT '1',
  PRIMARY KEY (`id`)
) ENGINE=InnoDB DEFAULT CHARSET=utf8 AUTO_INCREMENT=1 ;

-- --------------------------------------------------------

--
-- Table structure for table `apl_poll_answer`
--

DROP TABLE IF EXISTS `apl_poll_answer`;
CREATE TABLE IF NOT EXISTS `apl_poll_answer` (
  `id` int(11) NOT NULL AUTO_INCREMENT,
  `title` varchar(50) NOT NULL,
  `poll_question_id` int(11) NOT NULL,
  PRIMARY KEY (`id`)
) ENGINE=InnoDB DEFAULT CHARSET=utf8 AUTO_INCREMENT=1 ;

-- --------------------------------------------------------

--
-- Table structure for table `apl_poll_question`
--

DROP TABLE IF EXISTS `apl_poll_question`;
CREATE TABLE IF NOT EXISTS `apl_poll_question` (
  `id` int(11) NOT NULL AUTO_INCREMENT,
  `title` varchar(50) NOT NULL,
  `poll_id` int(11) NOT NULL,
  `lang_id` int(11) NOT NULL,
  PRIMARY KEY (`id`)
) ENGINE=InnoDB DEFAULT CHARSET=utf8 AUTO_INCREMENT=1 ;

-- --------------------------------------------------------

--
-- Table structure for table `apl_poll_votes`
--

DROP TABLE IF EXISTS `apl_poll_votes`;
CREATE TABLE IF NOT EXISTS `apl_poll_votes` (
  `id` int(11) NOT NULL AUTO_INCREMENT,
  `ip` varchar(100) NOT NULL,
  `poll_id` int(11) NOT NULL,
  `answer_id` int(11) NOT NULL,
  `date_created` timestamp NOT NULL DEFAULT CURRENT_TIMESTAMP,
  PRIMARY KEY (`id`)
) ENGINE=InnoDB DEFAULT CHARSET=utf8 AUTO_INCREMENT=1 ;

-- --------------------------------------------------------

--
-- Table structure for table `apl_post`
--

DROP TABLE IF EXISTS `apl_post`;
CREATE TABLE IF NOT EXISTS `apl_post` (
  `id` int(11) NOT NULL AUTO_INCREMENT,
  `created_at` timestamp NOT NULL DEFAULT CURRENT_TIMESTAMP,
  `updated_at` timestamp NOT NULL DEFAULT '0000-00-00 00:00:00',
  `author_id` int(11) DEFAULT NULL,
  `taxonomy_id` int(11) DEFAULT NULL,
  `feed_id` int(11) NOT NULL DEFAULT '0',
  `clone_id` int(11) NOT NULL DEFAULT '0',
  `ord_num` int(11) NOT NULL,
  `views` int(11) NOT NULL DEFAULT '0',
  `view_mod` varchar(100) NOT NULL,
  `have_socials` int(1) NOT NULL DEFAULT '1',
  `have_comments` int(1) NOT NULL DEFAULT '0',
  `show_files` int(1) NOT NULL DEFAULT '1',
  `show_file_search` int(1) NOT NULL DEFAULT '0',
  `show_pcomment` int(1) NOT NULL DEFAULT '0',
  `parent` int(11) DEFAULT '0',
  `general_node` int(1) NOT NULL DEFAULT '0',
  `is_home_page` int(1) NOT NULL DEFAULT '0',
  `is_trash` int(1) NOT NULL DEFAULT '0',
  `is_alert` int(1) NOT NULL DEFAULT '0',
  `alert_expire` timestamp NULL DEFAULT NULL,
  `redirect_to` int(11) NOT NULL DEFAULT '0',
  `to_home` int(1) NOT NULL DEFAULT '0',
  PRIMARY KEY (`id`)
) ENGINE=InnoDB  DEFAULT CHARSET=utf8 AUTO_INCREMENT=281 ;

--
-- Dumping data for table `apl_post`
--

INSERT INTO `apl_post` (`id`, `created_at`, `updated_at`, `author_id`, `taxonomy_id`, `feed_id`, `clone_id`, `ord_num`, `views`, `view_mod`, `have_socials`, `have_comments`, `show_files`, `show_file_search`, `show_pcomment`, `parent`, `general_node`, `is_home_page`, `is_trash`, `is_alert`, `alert_expire`, `redirect_to`, `to_home`) VALUES
(95, '2014-09-15 13:37:13', '2014-10-21 16:51:29', 1, 1, 0, 0, 106, 345, 'contactsView', 1, 0, 1, 0, 0, 0, 0, 0, 0, 0, NULL, 0, 0),
(102, '2014-09-17 08:41:53', '2014-09-25 14:29:45', 1, 1, 0, 0, 102, 1, '', 1, 0, 1, 0, 0, 130, 0, 0, 0, 0, NULL, 0, 0),
(103, '2014-09-17 08:42:18', '2014-10-21 17:55:33', 1, 1, 0, 0, 98, 2913, '', 1, 0, 0, 0, 0, 0, 1, 1, 0, 0, NULL, 0, 0),
(104, '2014-09-17 08:48:41', '2014-10-21 16:51:04', 1, 1, 0, 0, 103, 740, '', 1, 0, 1, 0, 0, 0, 1, 0, 0, 0, NULL, 0, 0),
(105, '2014-09-17 08:49:21', '2014-10-21 16:51:06', 1, 1, 0, 0, 104, 480, '', 1, 0, 1, 0, 0, 0, 1, 0, 0, 0, NULL, 0, 0),
(106, '2014-09-17 08:49:37', '2014-10-21 17:55:42', 1, 1, 0, 0, 105, 544, '', 1, 0, 1, 0, 0, 0, 1, 0, 0, 0, NULL, 0, 0),
(107, '2014-09-17 08:50:08', '2014-09-25 08:43:20', 1, 1, 0, 0, 107, 3, '', 1, 0, 1, 0, 0, 103, 0, 0, 0, 0, NULL, 132, 0),
(108, '2014-09-17 08:51:20', '2014-09-18 06:24:12', 1, 1, 0, 0, 108, 2, '', 1, 0, 1, 0, 0, 103, 0, 0, 0, 0, NULL, 145, 0),
(109, '2014-09-17 08:51:42', '2014-09-18 06:24:29', 1, 1, 0, 0, 109, 0, '', 1, 0, 1, 0, 0, 103, 0, 0, 0, 0, NULL, 158, 0),
(110, '2014-09-17 08:52:21', '2014-09-18 06:25:14', 1, 1, 0, 0, 110, 3, '', 1, 0, 1, 0, 0, 103, 0, 0, 0, 0, NULL, 163, 0),
(111, '2014-09-17 08:52:50', '2014-09-18 06:31:31', 1, 1, 0, 0, 111, 0, '', 1, 0, 1, 0, 0, 103, 0, 0, 0, 0, NULL, 171, 0),
(112, '2014-09-17 08:53:24', '2014-09-18 06:38:49', 1, 1, 0, 0, 112, 0, '', 1, 0, 1, 0, 0, 103, 0, 0, 0, 0, NULL, 185, 0),
(113, '2014-09-17 08:53:42', '2014-09-18 06:44:02', 1, 1, 0, 0, 113, 1, '', 1, 0, 1, 0, 0, 103, 0, 0, 0, 0, NULL, 188, 0),
(114, '2014-09-17 08:54:05', '2014-09-18 06:52:45', 1, 1, 0, 0, 114, 2, '', 1, 0, 1, 0, 0, 103, 0, 0, 0, 0, NULL, 193, 0),
(115, '2014-09-17 08:54:27', '2014-10-03 11:25:42', 1, 1, 0, 0, 115, 0, '', 1, 0, 1, 0, 0, 104, 0, 0, 0, 0, NULL, 197, 0),
(116, '2014-09-17 08:54:53', '2014-09-21 16:09:07', 1, 1, 0, 0, 116, 5, '', 1, 0, 1, 0, 0, 104, 0, 0, 0, 0, NULL, 210, 0),
(117, '2014-09-17 08:55:14', '2014-09-18 11:26:29', 1, 1, 0, 0, 117, 2, '0', 1, 0, 1, 0, 0, 104, 0, 0, 0, 0, NULL, 211, 0),
(118, '2014-09-17 08:55:44', '2014-09-18 11:27:31', 1, 1, 0, 0, 118, 0, '0', 1, 0, 1, 0, 0, 105, 0, 0, 0, 0, NULL, 213, 0),
(119, '2014-09-17 08:55:56', '2014-09-18 11:41:13', 1, 1, 0, 0, 119, 1, '', 1, 0, 1, 0, 0, 105, 0, 0, 0, 0, NULL, 223, 0),
(120, '2014-09-17 08:56:13', '2014-09-18 11:41:27', 1, 1, 0, 0, 120, 2, '', 1, 0, 1, 0, 0, 105, 0, 0, 0, 0, NULL, 227, 0),
(121, '2014-09-17 08:56:43', '2014-09-18 11:51:16', 1, 1, 0, 0, 121, 1, '', 1, 0, 1, 0, 0, 106, 0, 0, 0, 0, NULL, 235, 0),
(122, '2014-09-17 08:57:08', '2014-09-18 11:51:30', 1, 1, 0, 0, 122, 1, '', 1, 0, 1, 0, 0, 106, 0, 0, 0, 0, NULL, 237, 0),
(123, '2014-09-17 08:57:26', '2014-09-18 11:51:43', 1, 1, 0, 0, 123, 0, '', 1, 0, 1, 0, 0, 106, 0, 0, 0, 0, NULL, 239, 0),
(124, '2014-09-17 08:57:47', '2014-09-18 11:51:53', 1, 1, 0, 0, 124, 0, '', 1, 0, 1, 0, 0, 106, 0, 0, 0, 0, NULL, 243, 0),
(125, '2014-09-17 08:58:27', '2014-09-18 11:52:05', 1, 1, 0, 0, 125, 2, '', 1, 0, 1, 0, 0, 106, 0, 0, 0, 0, NULL, 247, 0),
(126, '2014-09-17 08:58:48', '2014-09-18 11:52:19', 1, 1, 0, 0, 126, 1, '', 1, 0, 1, 0, 0, 106, 0, 0, 0, 0, NULL, 251, 0),
(127, '2014-09-17 08:59:09', '2014-10-20 16:06:26', 1, 1, 5, 0, 127, 60, 'urgentNumbers', 1, 0, 1, 0, 0, 0, 0, 0, 0, 0, NULL, 0, 0),
(128, '2014-09-17 08:59:51', '2014-10-20 16:02:28', 1, 1, 0, 0, 128, 78, 'mapPage', 1, 0, 1, 0, 0, 0, 0, 0, 0, 0, NULL, 0, 0),
(129, '2014-09-17 09:00:08', '2014-10-21 14:32:01', 1, 1, 12, 0, 239, 48, 'fileFolders', 1, 0, 1, 0, 0, 123, 0, 0, 0, 0, NULL, 0, 0),
(130, '2014-09-17 09:00:23', '2014-09-26 03:28:58', 1, 1, 0, 0, 130, 1, '', 1, 0, 1, 0, 0, 0, 0, 0, 0, 0, NULL, 103, 0),
(131, '2014-09-17 09:00:36', '2014-10-21 18:40:15', 1, 1, 0, 0, 131, 1050, 'error404', 1, 0, 1, 0, 0, 130, 0, 0, 0, 0, NULL, 0, 0),
(132, '2014-09-17 09:01:18', '2014-10-21 14:10:44', 1, 1, 18, 0, 132, 194, 'accordion_list', 1, 0, 1, 0, 0, 107, 0, 0, 0, 0, NULL, 0, 0),
(133, '2014-09-17 09:02:01', '2014-10-21 14:10:53', 1, 1, 0, 0, 133, 79, '', 1, 0, 1, 0, 0, 107, 0, 0, 0, 0, NULL, 0, 0),
(134, '2014-09-17 09:02:25', '2014-10-21 14:10:59', 1, 1, 0, 0, 134, 38, '', 1, 0, 1, 0, 0, 107, 0, 0, 0, 0, NULL, 0, 0),
(135, '2014-09-17 09:02:53', '2014-10-21 08:05:27', 1, 1, 0, 0, 135, 29, '', 1, 0, 1, 0, 0, 107, 0, 0, 0, 0, NULL, 0, 0),
(136, '2014-09-17 09:03:16', '2014-10-17 10:16:16', 1, 1, 0, 0, 136, 20, '', 1, 0, 1, 0, 0, 107, 0, 0, 0, 0, NULL, 0, 0),
(137, '2014-09-17 09:03:42', '2014-10-12 09:00:15', 1, 1, 0, 0, 137, 11, '', 1, 0, 1, 0, 0, 107, 0, 0, 0, 0, NULL, 0, 0),
(138, '2014-09-17 09:04:18', '2014-10-16 10:42:50', 1, 1, 0, 0, 138, 15, '', 1, 0, 1, 0, 0, 107, 0, 0, 0, 0, NULL, 0, 0),
(139, '2014-09-17 09:04:56', '2014-10-19 18:24:41', 1, 1, 0, 0, 139, 14, '', 1, 0, 1, 0, 0, 107, 0, 0, 0, 0, NULL, 0, 0),
(140, '2014-09-17 09:05:31', '2014-10-19 16:43:46', 1, 1, 0, 0, 140, 14, '', 1, 0, 1, 0, 0, 107, 0, 0, 0, 0, NULL, 0, 0),
(141, '2014-09-17 09:06:13', '2014-10-21 14:11:02', 1, 1, 0, 0, 141, 55, 'promisiuni_primar_page', 1, 0, 1, 0, 0, 107, 0, 0, 0, 0, NULL, 0, 0),
(142, '2014-09-17 09:06:52', '2014-10-19 16:44:36', 1, 1, 2, 0, 142, 43, 'accordion_list', 1, 0, 1, 0, 0, 141, 0, 0, 0, 0, NULL, 0, 0),
(143, '2014-09-17 09:07:24', '2014-10-21 04:36:54', 1, 1, 0, 0, 143, 39, '', 1, 0, 1, 1, 0, 141, 0, 0, 0, 0, NULL, 0, 0),
(144, '2014-09-17 09:07:41', '2014-10-21 04:36:34', 1, 1, 0, 0, 144, 23, '', 1, 0, 1, 0, 0, 141, 0, 0, 0, 0, NULL, 0, 0),
(145, '2014-09-17 09:08:01', '2014-10-21 14:03:00', 1, 1, 0, 0, 145, 149, '', 1, 0, 1, 0, 0, 108, 0, 0, 0, 0, NULL, 0, 0),
(146, '2014-09-17 09:20:28', '2014-10-21 13:58:14', 1, 1, 0, 0, 146, 87, '', 1, 0, 1, 0, 0, 108, 0, 0, 0, 0, NULL, 0, 0),
(147, '2014-09-17 09:20:52', '2014-10-21 14:33:13', 1, 1, 0, 0, 147, 67, '', 1, 0, 1, 0, 0, 108, 0, 0, 0, 0, NULL, 0, 0),
(148, '2014-09-17 09:25:09', '2014-10-21 03:53:10', 1, 1, 0, 0, 148, 23, '', 1, 0, 1, 0, 0, 108, 0, 0, 0, 0, NULL, 0, 0),
(149, '2014-09-17 09:26:01', '2014-10-21 03:53:13', 1, 1, 0, 0, 149, 17, '', 1, 0, 1, 0, 0, 108, 0, 0, 0, 0, NULL, 0, 0),
(150, '2014-09-17 09:26:22', '2014-10-15 11:12:52', 1, 1, 0, 0, 150, 12, '', 1, 0, 1, 0, 0, 108, 0, 0, 0, 0, NULL, 0, 0),
(151, '2014-09-17 09:26:36', '2014-10-18 11:47:57', 1, 1, 0, 0, 151, 15, '', 1, 0, 1, 0, 0, 108, 0, 0, 0, 0, NULL, 0, 0),
(152, '2014-09-17 09:26:51', '2014-10-15 11:12:54', 1, 1, 0, 0, 152, 17, '', 1, 0, 1, 0, 0, 108, 0, 0, 0, 0, NULL, 0, 0),
(153, '2014-09-17 09:27:12', '2014-10-19 16:46:42', 1, 1, 0, 0, 153, 17, '', 1, 0, 1, 0, 0, 108, 0, 0, 0, 0, NULL, 0, 0),
(154, '2014-09-17 09:27:37', '2014-10-21 15:03:50', 1, 1, 0, 0, 154, 31, 'promisiuni_primar_page', 1, 0, 1, 0, 0, 108, 0, 0, 0, 0, NULL, 0, 0),
(155, '2014-09-17 09:28:25', '2014-10-21 15:03:53', 1, 1, 2, 0, 155, 11, 'accordion_list', 1, 0, 1, 0, 0, 154, 0, 0, 0, 0, NULL, 0, 0),
(156, '2014-09-17 09:28:41', '2014-10-21 06:08:20', 1, 1, 0, 0, 156, 11, '', 1, 0, 1, 1, 0, 154, 0, 0, 0, 0, NULL, 0, 0),
(157, '2014-09-17 09:29:04', '2014-10-21 06:08:16', 1, 1, 0, 0, 157, 12, '', 1, 0, 1, 0, 0, 154, 0, 0, 0, 0, NULL, 0, 0),
(158, '2014-09-17 09:29:42', '2014-10-21 14:33:06', 1, 1, 0, 0, 158, 49, '', 1, 0, 1, 0, 0, 109, 0, 0, 0, 0, NULL, 0, 0),
(159, '2014-09-17 09:30:34', '2014-10-21 10:49:12', 1, 1, 0, 0, 159, 32, '', 1, 0, 1, 0, 0, 109, 0, 0, 0, 0, NULL, 0, 0),
(160, '2014-09-17 09:31:15', '2014-10-19 16:47:14', 1, 1, 0, 0, 161, 24, '', 1, 0, 1, 0, 0, 109, 0, 0, 0, 0, NULL, 0, 0),
(161, '2014-09-17 09:31:34', '2014-10-21 14:33:08', 1, 1, 0, 0, 160, 24, '', 1, 0, 1, 0, 0, 109, 0, 0, 0, 0, NULL, 0, 0),
(162, '2014-09-17 09:32:04', '2014-10-19 16:47:29', 1, 1, 1, 0, 162, 36, 'locations_list', 1, 0, 1, 0, 0, 109, 0, 0, 0, 0, NULL, 0, 0),
(163, '2014-09-17 09:32:36', '2014-10-21 10:49:20', 1, 1, 4, 0, 163, 89, 'tablePosts', 1, 0, 1, 0, 0, 110, 0, 0, 0, 0, NULL, 0, 0),
(164, '2014-09-17 09:33:12', '2014-10-20 13:07:11', 1, 1, 0, 0, 164, 27, '', 1, 0, 1, 0, 0, 110, 0, 0, 0, 0, NULL, 0, 0),
(165, '2014-09-17 09:33:30', '2014-10-16 11:52:34', 1, 1, 0, 0, 165, 14, '', 1, 0, 1, 0, 0, 110, 0, 0, 0, 0, NULL, 0, 0),
(166, '2014-09-17 09:34:50', '2014-10-21 08:34:34', 1, 1, 0, 0, 166, 18, '', 1, 0, 1, 0, 0, 110, 0, 0, 0, 0, NULL, 0, 0),
(167, '2014-09-17 09:35:21', '2014-10-19 16:49:23', 1, 1, 0, 0, 167, 14, '', 1, 0, 1, 0, 0, 110, 0, 0, 0, 0, NULL, 0, 0),
(168, '2014-09-17 09:36:00', '2014-10-21 10:49:25', 1, 1, 0, 0, 168, 24, '', 1, 0, 1, 0, 0, 110, 0, 0, 0, 0, NULL, 0, 0),
(169, '2014-09-17 09:36:35', '2014-10-19 16:49:27', 1, 1, 0, 0, 169, 13, '', 1, 0, 1, 0, 0, 110, 0, 0, 0, 0, NULL, 0, 0),
(171, '2014-09-17 09:38:01', '2014-10-21 15:08:34', 1, 1, 1, 0, 171, 71, 'locations_list', 1, 0, 1, 0, 0, 111, 0, 0, 0, 0, NULL, 0, 0),
(172, '2014-09-17 09:38:20', '2014-10-20 16:16:39', 1, 1, 0, 0, 172, 33, 'promisiuni_primar_page', 1, 0, 1, 0, 0, 110, 0, 0, 0, 0, NULL, 0, 0),
(173, '2014-09-17 09:38:52', '2014-10-20 16:16:32', 1, 1, 2, 0, 173, 8, 'accordion_list', 1, 0, 1, 0, 0, 172, 0, 0, 0, 0, NULL, 0, 0),
(174, '2014-09-17 09:39:05', '2014-10-19 16:49:33', 1, 1, 0, 0, 174, 28, '', 1, 0, 1, 1, 0, 172, 0, 0, 0, 0, NULL, 0, 0),
(175, '2014-09-17 09:39:34', '2014-10-17 04:35:24', 1, 1, 0, 0, 175, 8, '', 1, 0, 1, 0, 0, 172, 0, 0, 0, 0, NULL, 0, 0),
(176, '2014-09-17 09:40:33', '2014-10-21 15:04:03', 1, 1, 1, 0, 176, 38, 'locations_list', 1, 0, 1, 0, 0, 111, 0, 0, 0, 0, NULL, 0, 0),
(177, '2014-09-17 09:41:14', '2014-10-21 15:04:07', 1, 1, 1, 0, 177, 17, 'locations_list', 1, 0, 1, 0, 0, 111, 0, 0, 0, 0, NULL, 0, 0),
(178, '2014-09-17 09:42:05', '2014-10-12 09:25:29', 1, 1, 1, 0, 178, 8, 'locations_list', 1, 0, 1, 0, 0, 111, 0, 0, 0, 0, NULL, 0, 0),
(179, '2014-09-17 09:44:34', '2014-10-12 09:22:44', 1, 1, 1, 0, 179, 6, 'locations_list', 1, 0, 1, 0, 0, 111, 0, 0, 0, 0, NULL, 0, 0),
(180, '2014-09-17 09:44:59', '2014-10-21 15:08:36', 1, 1, 0, 0, 180, 39, 'promisiuni_primar_page', 1, 0, 1, 0, 0, 111, 0, 0, 0, 0, NULL, 0, 0),
(181, '2014-09-17 09:45:29', '2014-10-21 15:08:44', 1, 1, 0, 0, 181, 28, '', 1, 0, 1, 0, 0, 180, 0, 0, 0, 0, NULL, 0, 0),
(182, '2014-09-17 09:46:05', '2014-10-20 16:59:43', 1, 1, 0, 0, 182, 25, '', 1, 0, 1, 0, 0, 180, 0, 0, 0, 0, NULL, 0, 0),
(183, '2014-09-17 09:46:34', '2014-10-21 05:23:36', 1, 1, 0, 0, 183, 25, 'persons_with_photo', 1, 0, 1, 0, 0, 180, 0, 0, 0, 0, NULL, 0, 0),
(184, '2014-09-17 09:46:57', '2014-10-21 05:23:30', 1, 1, 3, 0, 184, 35, 'town_list', 1, 0, 1, 0, 0, 180, 0, 0, 0, 0, NULL, 0, 0),
(185, '2014-09-17 09:47:21', '2014-10-21 16:52:05', 1, 1, 0, 0, 185, 34, '', 1, 0, 1, 0, 0, 112, 0, 0, 0, 0, NULL, 0, 0),
(186, '2014-09-17 09:47:42', '2014-10-12 08:14:04', 1, 1, 0, 0, 186, 17, '', 1, 0, 1, 0, 0, 112, 0, 0, 0, 0, NULL, 0, 0),
(187, '2014-09-17 09:48:05', '2014-10-20 13:23:07', 1, 1, 0, 0, 187, 27, '', 1, 0, 1, 0, 0, 112, 0, 0, 0, 0, NULL, 0, 0),
(188, '2014-09-17 09:51:29', '2014-10-21 11:02:50', 1, 1, 0, 0, 188, 89, '', 1, 0, 1, 0, 0, 113, 0, 0, 0, 0, NULL, 0, 0),
(189, '2014-09-17 09:51:59', '2014-10-21 10:52:05', 1, 1, 0, 0, 189, 41, 'page_calendar', 1, 0, 1, 0, 0, 113, 0, 0, 0, 0, NULL, 0, 0),
(190, '2014-09-17 09:52:21', '2014-10-20 16:17:06', 1, 1, 0, 0, 190, 36, '', 1, 0, 1, 0, 0, 113, 0, 0, 0, 0, NULL, 0, 0),
(191, '2014-09-17 09:52:58', '2014-10-21 10:58:58', 1, 1, 0, 0, 191, 90, 'secial_complaints_list', 1, 0, 1, 0, 0, 113, 0, 0, 0, 0, NULL, 0, 0),
(192, '2014-09-17 09:53:25', '2014-10-21 10:59:32', 1, 1, 2, 0, 192, 18, 'accordion_list', 1, 0, 1, 0, 0, 113, 0, 0, 0, 0, NULL, 0, 0),
(193, '2014-09-17 09:56:22', '2014-10-21 14:08:05', 1, 1, 0, 0, 193, 49, '', 1, 0, 1, 1, 0, 114, 0, 0, 0, 0, NULL, 0, 0),
(194, '2014-09-17 09:57:22', '2014-10-21 14:08:44', 1, 1, 0, 0, 194, 28, '', 1, 0, 1, 1, 0, 114, 0, 0, 0, 0, NULL, 0, 0),
(195, '2014-09-17 09:57:50', '2014-10-21 16:33:35', 1, 1, 0, 0, 195, 24, '', 1, 0, 1, 1, 0, 114, 0, 0, 0, 0, NULL, 0, 0),
(196, '2014-09-17 09:58:15', '2014-10-19 17:14:15', 1, 1, 0, 0, 196, 23, '', 1, 0, 1, 1, 0, 114, 0, 0, 0, 0, NULL, 0, 0),
(197, '2014-09-17 09:58:48', '2014-10-21 14:15:21', 1, 1, 0, 0, 197, 149, 'promisiuni_primar_page', 1, 0, 1, 0, 0, 115, 0, 0, 0, 0, NULL, 0, 0),
(198, '2014-09-17 09:59:04', '2014-10-21 14:16:12', 1, 1, 0, 0, 198, 142, 'persons_big', 1, 0, 1, 0, 0, 115, 0, 0, 0, 0, NULL, 0, 0),
(199, '2014-09-17 09:59:33', '2014-10-21 14:16:14', 1, 1, 0, 0, 199, 60, '', 1, 0, 1, 0, 0, 115, 0, 0, 0, 0, NULL, 0, 0),
(200, '2014-09-17 10:00:01', '2014-10-21 11:01:34', 1, 1, 0, 0, 200, 26, '', 1, 0, 1, 0, 0, 115, 0, 0, 0, 0, NULL, 0, 0),
(201, '2014-09-17 10:00:26', '2014-10-21 11:01:36', 1, 1, 7, 0, 201, 35, 'externLinks', 1, 0, 1, 0, 0, 115, 0, 0, 0, 0, NULL, 0, 0),
(202, '2014-09-17 10:00:47', '2014-10-21 11:01:39', 1, 1, 12, 0, 202, 23, 'fileFolders', 1, 0, 1, 0, 0, 115, 0, 0, 0, 0, NULL, 0, 0),
(203, '2014-09-17 10:01:09', '2014-10-21 14:16:49', 1, 1, 14, 0, 203, 440, 'newsList', 0, 0, 1, 0, 0, 115, 0, 0, 0, 0, NULL, 0, 0),
(204, '2014-09-17 10:01:24', '2014-10-21 14:15:40', 1, 1, 0, 0, 204, 94, 'persons_mayor', 1, 0, 1, 0, 0, 197, 0, 0, 0, 0, NULL, 0, 0),
(205, '2014-09-17 10:02:22', '2014-10-21 14:15:03', 1, 1, 0, 0, 205, 28, '', 1, 0, 1, 0, 0, 197, 0, 0, 0, 0, NULL, 0, 0),
(206, '2014-09-17 10:03:09', '2014-10-21 14:15:11', 1, 1, 0, 0, 206, 25, '', 1, 0, 1, 0, 0, 197, 0, 0, 0, 0, NULL, 0, 0),
(207, '2014-09-17 10:30:23', '2014-10-21 14:15:14', 1, 1, 0, 0, 207, 29, '', 1, 0, 1, 0, 0, 197, 0, 0, 0, 0, NULL, 0, 0),
(210, '2014-09-17 10:31:33', '2014-10-21 08:33:53', 1, 1, 17, 0, 210, 164, 'acticles', 1, 0, 1, 0, 0, 116, 0, 0, 0, 0, NULL, 0, 0),
(211, '2014-09-17 10:32:03', '2014-10-21 08:34:08', 1, 1, 1, 0, 211, 48, 'locations_list', 1, 0, 1, 0, 0, 117, 0, 0, 0, 0, NULL, 0, 0),
(212, '2014-09-17 10:32:26', '2014-10-20 12:57:58', 1, 1, 1, 0, 212, 20, 'locations_list', 1, 0, 1, 0, 0, 117, 0, 0, 0, 0, NULL, 0, 0),
(213, '2014-09-17 10:32:47', '2014-10-21 13:57:29', 1, 1, 0, 0, 213, 78, '', 1, 1, 1, 0, 0, 118, 0, 0, 0, 0, NULL, 0, 0),
(214, '2014-09-17 10:33:07', '2014-10-21 14:20:29', 1, 1, 0, 0, 214, 70, 'promisiuni_primar_page', 1, 0, 1, 0, 0, 118, 0, 0, 0, 0, NULL, 0, 0),
(215, '2014-09-17 10:33:31', '2014-10-21 14:14:01', 1, 1, 0, 0, 215, 75, 'persons_secretar', 1, 0, 1, 0, 0, 118, 0, 0, 0, 0, NULL, 0, 0),
(216, '2014-09-17 10:33:57', '2014-10-21 14:20:36', 1, 1, 0, 0, 216, 87, 'city_councilors', 1, 0, 1, 0, 0, 118, 0, 0, 0, 0, NULL, 0, 0),
(217, '2014-09-17 10:34:31', '2014-10-21 14:20:42', 1, 1, 0, 0, 217, 57, 'page_calendar', 1, 0, 1, 0, 0, 118, 0, 0, 0, 0, NULL, 0, 0),
(218, '2014-09-17 10:35:06', '2014-10-21 14:20:58', 1, 1, 12, 0, 218, 155, 'acteList', 1, 0, 1, 0, 0, 118, 0, 0, 0, 0, NULL, 0, 0),
(219, '2014-09-17 10:35:30', '2014-10-21 11:46:18', 1, 1, 16, 0, 219, 49, 'meetingFuture', 1, 0, 1, 0, 0, 214, 0, 0, 0, 0, NULL, 0, 0),
(220, '2014-09-17 10:36:25', '2014-10-21 08:29:09', 1, 1, 15, 0, 220, 88, 'acticles', 1, 0, 1, 0, 0, 214, 0, 0, 0, 0, NULL, 0, 0),
(221, '2014-09-17 10:37:05', '2014-10-21 11:46:21', 1, 1, 0, 0, 221, 30, 'page_calendar', 1, 0, 1, 0, 0, 214, 0, 0, 0, 0, NULL, 0, 0),
(222, '2014-09-17 10:37:42', '2014-10-21 11:46:24', 1, 1, 0, 0, 222, 18, '', 1, 0, 1, 0, 0, 214, 0, 0, 0, 0, NULL, 0, 0),
(223, '2014-09-17 10:38:46', '2014-10-21 16:51:12', 1, 1, 0, 0, 223, 80, 'group_with_persons', 1, 0, 1, 0, 0, 119, 0, 0, 0, 0, NULL, 0, 0),
(224, '2014-09-17 10:39:11', '2014-10-21 16:51:09', 1, 1, 0, 0, 224, 43, 'group_with_persons', 1, 0, 1, 0, 0, 119, 0, 0, 0, 0, NULL, 0, 0),
(225, '2014-09-17 10:39:38', '2014-10-21 14:33:01', 1, 1, 0, 0, 225, 16, 'group_with_persons', 1, 0, 1, 0, 0, 119, 0, 0, 0, 0, NULL, 0, 0),
(226, '2014-09-17 10:39:56', '2014-10-21 14:33:02', 1, 1, 0, 0, 226, 13, 'group_with_persons', 1, 0, 1, 0, 0, 119, 0, 0, 0, 0, NULL, 0, 0),
(227, '2014-09-17 10:43:22', '2014-10-21 11:46:36', 1, 1, 15, 0, 227, 65, 'acticles', 1, 0, 1, 0, 0, 120, 0, 0, 0, 0, NULL, 0, 0),
(228, '2014-09-17 10:45:37', '2014-10-21 11:46:45', 1, 1, 15, 0, 228, 24, 'acticles', 1, 0, 1, 0, 0, 120, 0, 0, 0, 0, NULL, 0, 0),
(229, '2014-09-17 10:45:57', '2014-10-21 08:31:57', 1, 1, 15, 0, 229, 21, 'acticles', 1, 0, 1, 0, 0, 120, 0, 0, 0, 0, NULL, 0, 0),
(230, '2014-09-17 10:46:26', '2014-10-13 01:27:30', 1, 1, 15, 0, 230, 19, 'acticles', 1, 0, 1, 0, 0, 120, 0, 0, 0, 0, NULL, 0, 0),
(231, '2014-09-17 10:47:11', '2014-10-14 01:29:50', 1, 1, 15, 0, 231, 19, 'acticles', 1, 0, 1, 0, 0, 120, 0, 0, 0, 0, NULL, 0, 0),
(232, '2014-09-17 10:47:37', '2014-10-15 04:04:26', 1, 1, 15, 0, 232, 22, 'acticles', 1, 0, 1, 0, 0, 120, 0, 0, 0, 0, NULL, 0, 0),
(233, '2014-09-17 10:48:16', '2014-10-12 22:18:15', 1, 1, 15, 0, 233, 14, 'acticles', 1, 0, 1, 0, 0, 120, 0, 0, 0, 0, NULL, 0, 0),
(234, '2014-09-17 10:48:48', '2014-10-14 08:05:29', 1, 1, 15, 0, 234, 25, 'acticles', 1, 0, 1, 0, 0, 120, 0, 0, 0, 0, NULL, 0, 0),
(235, '2014-09-17 10:49:23', '2014-10-21 14:16:49', 1, 1, 2, 0, 235, 39, 'accordion_list', 1, 0, 1, 0, 0, 121, 0, 0, 0, 0, NULL, 0, 0),
(236, '2014-09-17 10:49:51', '2014-10-21 14:16:44', 1, 1, 7, 0, 236, 31, 'externLinks', 1, 0, 1, 0, 0, 121, 0, 0, 0, 0, NULL, 0, 0),
(237, '2014-09-17 10:50:36', '2014-10-21 14:10:08', 1, 1, 13, 0, 237, 150, 'videoList', 1, 0, 1, 0, 0, 122, 0, 0, 0, 0, NULL, 0, 0),
(238, '2014-09-17 10:51:06', '2014-10-21 14:29:56', 1, 1, 0, 0, 238, 28, 'secial_complaints_list', 1, 0, 1, 0, 0, 122, 0, 0, 0, 0, NULL, 0, 0),
(239, '2014-09-17 10:51:30', '2014-10-21 14:56:20', 1, 1, 14, 0, 251, 171, 'adsList', 1, 0, 1, 0, 0, 123, 0, 0, 0, 0, NULL, 0, 0),
(240, '2014-09-17 10:51:53', '2014-10-21 14:32:40', 1, 1, 10, 0, 240, 120, 'acquisitionsList', 1, 0, 1, 0, 0, 123, 0, 0, 0, 0, NULL, 0, 0),
(241, '2014-09-17 10:53:08', '2014-10-21 14:32:14', 1, 1, 9, 0, 241, 117, 'posturi_vacante', 0, 0, 1, 0, 0, 123, 0, 0, 0, 0, NULL, 0, 0),
(242, '2014-09-17 10:53:31', '2014-10-21 14:56:14', 1, 1, 15, 0, 242, 62, 'acticles', 1, 0, 1, 0, 0, 123, 0, 0, 0, 0, NULL, 0, 0),
(243, '2014-09-17 10:54:11', '2014-10-20 06:16:08', 1, 1, 15, 0, 243, 83, 'acticles', 1, 0, 1, 0, 0, 124, 0, 0, 0, 0, NULL, 0, 0),
(244, '2014-09-17 10:54:39', '2014-10-20 06:16:07', 1, 1, 15, 0, 244, 36, 'acticles', 1, 0, 1, 0, 0, 124, 0, 0, 0, 0, NULL, 0, 0),
(245, '2014-09-17 10:55:25', '2014-10-20 06:16:04', 1, 1, 15, 0, 245, 30, 'acticles', 1, 0, 1, 0, 0, 124, 0, 0, 0, 0, NULL, 0, 0),
(246, '2014-09-17 10:56:26', '2014-10-20 06:05:10', 1, 1, 15, 0, 246, 26, 'acticles', 1, 0, 1, 0, 0, 124, 0, 0, 0, 0, NULL, 0, 0),
(247, '2014-09-17 10:56:52', '2014-10-21 13:54:24', 1, 1, 15, 0, 247, 55, 'acticles', 0, 0, 1, 0, 0, 125, 0, 0, 0, 0, NULL, 0, 0),
(248, '2014-09-17 10:57:39', '2014-10-20 06:21:57', 1, 1, 15, 0, 248, 23, 'acticles', 1, 0, 1, 0, 0, 125, 0, 0, 0, 0, NULL, 0, 0),
(249, '2014-09-17 10:58:33', '2014-10-21 05:50:43', 1, 1, 15, 0, 249, 34, 'acticles', 1, 0, 1, 0, 0, 125, 0, 0, 0, 0, NULL, 0, 0),
(250, '2014-09-17 10:58:52', '2014-10-21 05:50:39', 1, 1, 0, 0, 250, 92, 'pollList', 1, 0, 1, 0, 0, 125, 0, 0, 0, 0, NULL, 0, 0),
(251, '2014-09-17 10:59:11', '2014-10-21 13:54:30', 1, 1, 11, 0, 252, 50, 'projectsList', 1, 0, 1, 0, 0, 126, 0, 0, 0, 0, NULL, 0, 0),
(252, '2014-09-17 10:59:37', '2014-10-21 13:54:34', 1, 1, 11, 0, 129, 27, 'projectsList', 1, 0, 1, 0, 0, 126, 0, 0, 0, 0, NULL, 0, 0),
(262, '2014-09-18 07:03:06', '2014-10-21 11:06:33', 1, 1, 15, 0, 262, 66, 'acticles', 1, 0, 1, 0, 0, 116, 0, 0, 0, 0, NULL, 0, 0),
(270, '2014-09-25 14:40:13', '2014-09-25 15:30:07', 1, 1, 0, 0, 270, 1, '', 1, 0, 1, 0, 0, 0, 0, 0, 0, 0, NULL, 0, 0),
(274, '2014-10-03 11:22:49', '2014-10-07 15:31:49', 4, 1, 0, 0, 274, 0, '', 0, 0, 1, 0, 0, 0, 0, 0, 0, 0, NULL, 203, 0);

-- --------------------------------------------------------

--
-- Table structure for table `apl_post_category`
--

DROP TABLE IF EXISTS `apl_post_category`;
CREATE TABLE IF NOT EXISTS `apl_post_category` (
  `id` int(11) NOT NULL AUTO_INCREMENT,
  `post_id` int(11) NOT NULL,
  `category_id` int(11) NOT NULL,
  PRIMARY KEY (`id`)
) ENGINE=InnoDB DEFAULT CHARSET=utf8 AUTO_INCREMENT=1 ;

-- --------------------------------------------------------

--
-- Table structure for table `apl_post_lang`
--

DROP TABLE IF EXISTS `apl_post_lang`;
CREATE TABLE IF NOT EXISTS `apl_post_lang` (
  `id` int(11) NOT NULL AUTO_INCREMENT,
  `title` text NOT NULL,
  `text` text NOT NULL,
  `uri` varchar(200) NOT NULL,
  `post_id` int(11) NOT NULL,
  `lang_id` int(11) NOT NULL,
  `enabled` int(1) NOT NULL DEFAULT '0',
  PRIMARY KEY (`id`)
) ENGINE=InnoDB  DEFAULT CHARSET=utf8 AUTO_INCREMENT=1188 ;

--
-- Dumping data for table `apl_post_lang`
--

INSERT INTO `apl_post_lang` (`id`, `title`, `text`, `uri`, `post_id`, `lang_id`, `enabled`) VALUES
(34, 'sdfgsdfg', 'sdfgsdfgsdfg', 'sdfgsdfg', 0, 0, 1),
(168, 'Contacte', '<p>Adresa primărie Orașului Strășeni</p>\n\n<p>Sreda Ștefan cel Mare 24, MD 2034<span style="font-family:open_sansregular">Orașul Strășeni</span></p>\n', 'contacte', 95, 1, 0),
(169, 'Контактные данные', '', 'kontaktn-dann', 95, 2, 0),
(182, 'Eroare de sistem', '<p>s-a produs o eroare de sistem, noi deja am primit notificare si o reparam</p>\n', 'eroare-de-sistem', 102, 1, 1),
(183, 'Системная ошибка', '', 'sistmnaya-oshibka', 102, 2, 0),
(184, 'Cetățeni și business', '', 'cetateni-si-business', 103, 1, 1),
(185, 'Граждане и  бизнес', '', 'grazhdan-i-bizns', 103, 2, 0),
(186, 'Primăria', '', 'primaria', 104, 1, 1),
(187, 'Примэрия', '', 'primriya', 104, 2, 0),
(188, 'Consiliul local', '', 'consiliul-local', 105, 1, 1),
(189, 'Местный совет', '', 'mstny-sovt', 105, 2, 0),
(190, 'Transparența', '', 'transparenta', 106, 1, 1),
(191, 'Прозрачность', '', 'prozrachnosty', 106, 2, 0),
(192, 'Beneficii sociale și ajutoare', '', 'beneficii-sociale-si-ajutoare', 107, 1, 1),
(193, 'Социальные льготы и помощь', '', 'sotsialyn-lygot-i-pomoshty', 107, 2, 0),
(194, 'Impozite și taxe locale', '', 'impozite-si-taxe-locale-194', 108, 1, 1),
(195, 'Сборы и налоги', '', 'sbor-i-nalogi', 108, 2, 0),
(196, 'Business și antreprenoriat', '', 'business-si-antreprenoriat', 109, 1, 1),
(197, 'Бизнес и предпринимательская деятельность', '', 'bizns-i-prdprinimatlyskaya-dyatlynosty', 109, 2, 0),
(198, 'Autorizații și certificate', '', 'autorizatii-si-certificate', 110, 1, 1),
(199, 'Авторизации (разрешения) и сертификаты', '', 'avtorizatsii-razrshniya-i-srtifikat', 110, 2, 0),
(200, 'Educație, cultură, turism și sport', '', 'educatie-cultura-turism-si-sport', 111, 1, 1),
(201, 'Образование, культура, туризм и спорт', '', 'obrazovani-kulytura-turizm-i-sport', 111, 2, 0),
(202, 'Implicarea cetățenilor', '', 'implicarea-cetatenilor', 112, 1, 1),
(203, 'Вовлечение граждан', '', 'vovlchni-grazhdan', 112, 2, 0),
(204, 'Audierea cetățenilor', '', 'audierea-cetatenilor', 113, 1, 1),
(205, 'Приём граждан', '', 'prim-grazhdan', 113, 2, 0),
(206, 'Modele de acte / formulare', '', 'modele-de-acte-formulare', 114, 1, 1),
(207, 'Образцы документов / бланков', '', 'obrazts-dokumntov-blankov', 114, 2, 0),
(208, 'Primăria', '', 'primaria-208', 115, 1, 1),
(209, 'Примэрия', '', 'primriya-209', 115, 2, 0),
(210, 'Rapoarte și planuri de activitate', '', 'rapoarte-si-planuri-de-activitate', 116, 1, 1),
(211, 'Отчёты и планы действий', '', 'otcht-i-plan-dystviy', 116, 2, 0),
(212, 'Întreprinderi  subordonate', '', 'intreprinderi-subordonate', 117, 1, 0),
(213, 'Подчинённые предприятия', '', 'podchinnn-prdpriyatiya', 117, 2, 0),
(214, 'Consiliul local', '', 'consiliul-local-214', 118, 1, 1),
(215, 'Местный совет', '', 'mstny-sovt-215', 118, 2, 0),
(216, 'Comisiile de specialitate', '', 'comisiile-de-specialitate', 119, 1, 1),
(217, 'Специализированные комиссии', '', 'sptsializirovann-komissii', 119, 2, 0),
(218, 'Strategii, planuri și politici', '', 'strategii-planuri-si-politici', 120, 1, 1),
(219, 'Стратегии, планы и политики', '', 'stratgii-plan-i-politiki', 120, 2, 0),
(220, 'Ce este transparența?', '', 'ce-este-transparenta', 121, 1, 1),
(221, 'Что такое прозрачность?', '', 'chto-tako-prozrachnosty', 121, 2, 0),
(222, 'Dialogul cu cetățenii', '', 'dialogul-cu-cetatenii', 122, 1, 1),
(223, 'Диалог с гражданами', '', 'dialog-s-grazhdanami', 122, 2, 0),
(224, 'Informații de interes public', '', 'informatii-de-interes-public', 123, 1, 1),
(225, 'Публичная информация', '', 'publichnaya-informatsiya', 123, 2, 0),
(226, 'Finanțele publice locale', '', 'finantele-publice-locale', 124, 1, 1),
(227, 'Местные государственные финансы', '', 'mstn-gosudarstvnn-finans', 124, 2, 0),
(228, 'Consultări publice', '', 'consultari-publice', 125, 1, 1),
(229, 'Общественные консультации', '', 'obshtstvnn-konsulytatsii', 125, 2, 0),
(230, 'Proiecte locale', '', 'proiecte-locale', 126, 1, 1),
(231, 'Местные проекты', '', 'mstn-prokt', 126, 2, 0),
(232, 'Contacte și adrese utile', '', 'contacte-si-adrese-utile', 127, 1, 1),
(233, 'Контакты и полезные адреса', '', 'kontakt-i-polzn-adrsa', 127, 2, 0),
(234, 'Harta saitului', '', 'harta-saitului', 128, 1, 1),
(235, 'Карта сайта', '', 'karta-sayta', 128, 2, 0),
(236, 'Declarații anuale de venituri și interese', '', 'declaratii-anuale-de-venituri-si-interese', 129, 1, 1),
(237, 'Заявления о доходах и имуществе', '', 'zayavlniya-o-dohodah-i-imushtstv', 129, 2, 0),
(238, 'Erori', '', 'erori', 130, 1, 1),
(239, 'Ошибки', '', 'oshibki', 130, 2, 0),
(240, 'Pagina nu a fost gasita', '<p>Din pacate pagina data nu a fost gasita</p>\n', 'pagina-nu-a-fost-gasita', 131, 1, 1),
(241, 'Страница не найдена', '', 'stranitsa-n-naydna', 131, 2, 0),
(242, 'Ajutoare sociale familiale', '<p><span style="font-size:26px"><strong><span style="font-family:helvetica neue,helvetica,arial,sans-serif">Regulamentul cu privire la modul de stabilire şi plată a ajutorului social.</span></strong></span></p>\n', 'ajutoare-sociale-familiale', 132, 1, 1),
(243, 'Социальная поддержка семей', '', 'sotsialynaya-poddrzhka-smy', 132, 2, 0),
(244, 'Bursa muncii / ajutorul de șomaj', '<h1 style="text-align:justify">Ce sunt beneficiile sau ajutoarele sociale?</h1>\n\n<p style="text-align: justify;">Acestea sunt ajutoare oferite de stat in anumite circumstante persoanelor care indeplinesc anumite criterii de rezidenta si eligibilitate (spre exemplu, in cazul in care au copii, venituri mici sau au ramas fara venit).</p>\n\n<h1 style="text-align:justify">Care sunt tipurile cele mai intalnite de beneficii?</h1>\n\n<p style="text-align:justify">Cele mai intalnite beneficii la care se pot incadra si cetatenii romani sunt Child Benefit, Tax Credits, Disability Living Allowance, Employment and Support Allowance, Job Seeker&rsquo;s Allowance, Maternity Allowance/Statutory Maternity Pay si Housing Benefit.</p>\n\n<h1 style="text-align:justify">Ce inseamna fiecare din aceste beneficii?</h1>\n\n<p style="text-align:justify">Child Benefit este echivalentul Alocatiei pentru copii care se primeste si in Romania. Ratele pentru Child Benefit sunt de &pound;20.30 pentru primul copil si &pound;13.40 pentru fiecare din urmatorii copii. Sunt eligibili pentru acest tip de beneficiu doar persoanele care se afla in UK, care au obtinut deja National Insurance Number si care au copii de pana la 16 ani (sau intre 16-20 ani, daca inca studiaza full-time sau sunt inregistrati ca ucenici, in scopul pregatirii profesionale), indiferent daca acesti copii locuiesc in UK sau nu. Persoanele care nu sunt rezidente in UK nu se califica pentru acest tip de beneficiu.</p>\n\n<h1 style="text-align:justify">Tax Credits are doua elemente: Working Tax Credit si Child Tax Credits.</h1>\n\n<p style="text-align:justify">Working Tax Credits este un ajutor financiar care se da persoanelor care lucreaza employed sau self-employed, dar nu castiga suficient de mult pentru a se intretine. Child Tax Credit este ajutor financiar pentru persoanele care au copii. Daca doriti sa aflati daca va calificati, puteti suna direct la Tax Credits Office la 0345 300 3900.</p>\n\n<h1 style="text-align:justify">Disability Living Allowance este un ajutor financiar pentru persoanele care sufera de un handicap.</h1>\n\n<p style="text-align:justify">Suma primita va fi calculata in functie de incadrarea handicapului iar decizia se face in baza certificatelor medicale sau a unei evaluari medicale la care vi se va cere sa participati. Pentru mai multe informatii, va puteti adresa birourilor independente si gratuite ale Citizen Advice Bureau sau la oficiile Job Centre din zona dvs.</p>\n\n<p style="text-align:justify">ATENTIE!</p>\n\n<p style="text-align:justify">Pentru ajutoare sociale pot aplica doar persoanele eligibile, adica cele care satisfac criteriile stricte de eligibilitate, cum ar fi cele de rezidenta sau cele de natura financiara.Guvernul britanic NU ESTE OBLIGAT sa ofere aceste beneficii oricui si poate:</p>\n\n<ul class="crt">\n	<li style="text-align:justify">sa va refuze aplicatia daca nu va calificati</li>\n	<li style="text-align:justify">sa va opreasca plata temporar sau permanent in cazul in care circumstantele dvs. s-au schimbat</li>\n	<li style="text-align:justify">sa va ceara sa dati inapoi suma primita sau o parte din ea in cazul in care se stabileste ca ati primit bani in plus sau care nu vi se cuveneau</li>\n	<li style="text-align:justify">sa va amendeze in cazul in care ati dat informatii false/incomplete sau nu ati anuntat la timp schimbarile de circumstante</li>\n</ul>\n\n<p style="text-align:justify">Sfatul nostru este sa tratati aceste aplicatii cu toata seriozitatea si sinceritatea deoarece omiterea, alterarea sau falsificarea informatiilor constituie FRAUDA, pedepsita conform legii prin amenda si/sau urmarire penala.</p>\n', 'bursa-muncii-ajutorul-de-somaj', 133, 1, 1),
(245, 'Биржа труда / пособие по безработице', '', 'birzha-truda-posobi-po-bzrabotits', 133, 2, 0),
(246, 'Pensionarea și ajutorul social', '<h1>Ce sunt beneficiile sau ajutoarele sociale?</h1>\n\n<p>Acestea sunt ajutoare oferite de stat in anumite circumstante persoanelor care indeplinesc anumite criterii de rezidenta si eligibilitate (spre exemplu, in cazul in care au copii, venituri mici sau au ramas fara venit).</p>\n\n<h1>Care sunt tipurile cele mai intalnite de beneficii?</h1>\n\n<p>Cele mai intalnite beneficii la care se pot incadra si cetatenii romani sunt Child Benefit, Tax Credits, Disability Living Allowance, Employment and Support Allowance, Job Seeker&rsquo;s Allowance, Maternity Allowance/Statutory Maternity Pay si Housing Benefit.</p>\n\n<h1>Ce inseamna fiecare din aceste beneficii?</h1>\n\n<p>Child Benefit este echivalentul Alocatiei pentru copii care se primeste si in Romania. Ratele pentru Child Benefit sunt de &pound;20.30 pentru primul copil si &pound;13.40 pentru fiecare din urmatorii copii. Sunt eligibili pentru acest tip de beneficiu doar persoanele care se afla in UK, care au obtinut deja National Insurance Number si care au copii de pana la 16 ani (sau intre 16-20 ani, daca inca studiaza full-time sau sunt inregistrati ca ucenici, in scopul pregatirii profesionale), indiferent daca acesti copii locuiesc in UK sau nu. Persoanele care nu sunt rezidente in UK nu se califica pentru acest tip de beneficiu.</p>\n\n<h1>Tax Credits are doua elemente: Working Tax Credit si Child Tax Credits.</h1>\n\n<p>Working Tax Credits este un ajutor financiar care se da persoanelor care lucreaza employed sau self-employed, dar nu castiga suficient de mult pentru a se intretine. Child Tax Credit este ajutor financiar pentru persoanele care au copii. Daca doriti sa aflati daca va calificati, puteti suna direct la Tax Credits Office la 0345 300 3900.</p>\n\n<h1>Disability Living Allowance este un ajutor financiar pentru persoanele care sufera de un handicap.</h1>\n\n<p>Suma primita va fi calculata in functie de incadrarea handicapului iar decizia se face in baza certificatelor medicale sau a unei evaluari medicale la care vi se va cere sa participati. Pentru mai multe informatii, va puteti adresa birourilor independente si gratuite ale Citizen Advice Bureau sau la oficiile Job Centre din zona dvs.</p>\n\n<p>ATENTIE!</p>\n\n<p>Pentru ajutoare sociale pot aplica doar persoanele eligibile, adica cele care satisfac criteriile stricte de eligibilitate, cum ar fi cele de rezidenta sau cele de natura financiara.Guvernul britanic NU ESTE OBLIGAT sa ofere aceste beneficii oricui si poate:</p>\n\n<ul class="crt">\n	<li>sa va refuze aplicatia daca nu va calificati</li>\n	<li>sa va opreasca plata temporar sau permanent in cazul in care circumstantele dvs. s-au schimbat</li>\n	<li>sa va ceara sa dati inapoi suma primita sau o parte din ea in cazul in care se stabileste ca ati primit bani in plus sau care nu vi se cuveneau</li>\n	<li>sa va amendeze in cazul in care ati dat informatii false/incomplete sau nu ati anuntat la timp schimbarile de circumstante</li>\n</ul>\n\n<p>Sfatul nostru este sa tratati aceste aplicatii cu toata seriozitatea si sinceritatea deoarece omiterea, alterarea sau falsificarea informatiilor constituie FRAUDA, pedepsita conform legii prin amenda si/sau urmarire penala.</p>\n', 'pensionarea-si-ajutorul-social', 134, 1, 1),
(247, 'Уход на пенсию и социальная помощь', '', 'uhod-na-pnsiyu-i-sotsialynaya-pomoshty', 134, 2, 0),
(248, 'Consiliere socială', '<h1>Ce sunt beneficiile sau ajutoarele sociale?</h1>\n\n<p>Acestea sunt ajutoare oferite de stat in anumite circumstante persoanelor care indeplinesc anumite criterii de rezidenta si eligibilitate (spre exemplu, in cazul in care au copii, venituri mici sau au ramas fara venit).</p>\n\n<h1>Care sunt tipurile cele mai intalnite de beneficii?</h1>\n\n<p>Cele mai intalnite beneficii la care se pot incadra si cetatenii romani sunt Child Benefit, Tax Credits, Disability Living Allowance, Employment and Support Allowance, Job Seeker&rsquo;s Allowance, Maternity Allowance/Statutory Maternity Pay si Housing Benefit.</p>\n\n<h1>Ce inseamna fiecare din aceste beneficii?</h1>\n\n<p>Child Benefit este echivalentul Alocatiei pentru copii care se primeste si in Romania. Ratele pentru Child Benefit sunt de &pound;20.30 pentru primul copil si &pound;13.40 pentru fiecare din urmatorii copii. Sunt eligibili pentru acest tip de beneficiu doar persoanele care se afla in UK, care au obtinut deja National Insurance Number si care au copii de pana la 16 ani (sau intre 16-20 ani, daca inca studiaza full-time sau sunt inregistrati ca ucenici, in scopul pregatirii profesionale), indiferent daca acesti copii locuiesc in UK sau nu. Persoanele care nu sunt rezidente in UK nu se califica pentru acest tip de beneficiu.</p>\n\n<h1>Tax Credits are doua elemente: Working Tax Credit si Child Tax Credits.</h1>\n\n<p>Working Tax Credits este un ajutor financiar care se da persoanelor care lucreaza employed sau self-employed, dar nu castiga suficient de mult pentru a se intretine. Child Tax Credit este ajutor financiar pentru persoanele care au copii. Daca doriti sa aflati daca va calificati, puteti suna direct la Tax Credits Office la 0345 300 3900.</p>\n\n<h1>Disability Living Allowance este un ajutor financiar pentru persoanele care sufera de un handicap.</h1>\n\n<p>Suma primita va fi calculata in functie de incadrarea handicapului iar decizia se face in baza certificatelor medicale sau a unei evaluari medicale la care vi se va cere sa participati. Pentru mai multe informatii, va puteti adresa birourilor independente si gratuite ale Citizen Advice Bureau sau la oficiile Job Centre din zona dvs.</p>\n\n<p>ATENTIE!</p>\n\n<p>Pentru ajutoare sociale pot aplica doar persoanele eligibile, adica cele care satisfac criteriile stricte de eligibilitate, cum ar fi cele de rezidenta sau cele de natura financiara.Guvernul britanic NU ESTE OBLIGAT sa ofere aceste beneficii oricui si poate:</p>\n\n<ul class="crt">\n	<li>sa va refuze aplicatia daca nu va calificati</li>\n	<li>sa va opreasca plata temporar sau permanent in cazul in care circumstantele dvs. s-au schimbat</li>\n	<li>sa va ceara sa dati inapoi suma primita sau o parte din ea in cazul in care se stabileste ca ati primit bani in plus sau care nu vi se cuveneau</li>\n	<li>sa va amendeze in cazul in care ati dat informatii false/incomplete sau nu ati anuntat la timp schimbarile de circumstante</li>\n</ul>\n\n<p>Sfatul nostru este sa tratati aceste aplicatii cu toata seriozitatea si sinceritatea deoarece omiterea, alterarea sau falsificarea informatiilor constituie FRAUDA, pedepsita conform legii prin amenda si/sau urmarire penala.</p>\n', 'consiliere-sociala', 135, 1, 1),
(249, 'Социальное консультирование', '', 'sotsialyno-konsulytirovani', 135, 2, 0),
(250, 'Puncte medicale locale', '<h1>Ce sunt beneficiile sau ajutoarele sociale?</h1>\n\n<p>Acestea sunt ajutoare oferite de stat in anumite circumstante persoanelor care indeplinesc anumite criterii de rezidenta si eligibilitate (spre exemplu, in cazul in care au copii, venituri mici sau au ramas fara venit).</p>\n\n<h1>Care sunt tipurile cele mai intalnite de beneficii?</h1>\n\n<p>Cele mai intalnite beneficii la care se pot incadra si cetatenii romani sunt Child Benefit, Tax Credits, Disability Living Allowance, Employment and Support Allowance, Job Seeker&rsquo;s Allowance, Maternity Allowance/Statutory Maternity Pay si Housing Benefit.</p>\n\n<h1>Ce inseamna fiecare din aceste beneficii?</h1>\n\n<p>Child Benefit este echivalentul Alocatiei pentru copii care se primeste si in Romania. Ratele pentru Child Benefit sunt de &pound;20.30 pentru primul copil si &pound;13.40 pentru fiecare din urmatorii copii. Sunt eligibili pentru acest tip de beneficiu doar persoanele care se afla in UK, care au obtinut deja National Insurance Number si care au copii de pana la 16 ani (sau intre 16-20 ani, daca inca studiaza full-time sau sunt inregistrati ca ucenici, in scopul pregatirii profesionale), indiferent daca acesti copii locuiesc in UK sau nu. Persoanele care nu sunt rezidente in UK nu se califica pentru acest tip de beneficiu.</p>\n\n<h1>Tax Credits are doua elemente: Working Tax Credit si Child Tax Credits.</h1>\n\n<p>Working Tax Credits este un ajutor financiar care se da persoanelor care lucreaza employed sau self-employed, dar nu castiga suficient de mult pentru a se intretine. Child Tax Credit este ajutor financiar pentru persoanele care au copii. Daca doriti sa aflati daca va calificati, puteti suna direct la Tax Credits Office la 0345 300 3900.</p>\n\n<h1>Disability Living Allowance este un ajutor financiar pentru persoanele care sufera de un handicap.</h1>\n\n<p>Suma primita va fi calculata in functie de incadrarea handicapului iar decizia se face in baza certificatelor medicale sau a unei evaluari medicale la care vi se va cere sa participati. Pentru mai multe informatii, va puteti adresa birourilor independente si gratuite ale Citizen Advice Bureau sau la oficiile Job Centre din zona dvs.</p>\n\n<p>ATENTIE!</p>\n\n<p>Pentru ajutoare sociale pot aplica doar persoanele eligibile, adica cele care satisfac criteriile stricte de eligibilitate, cum ar fi cele de rezidenta sau cele de natura financiara.Guvernul britanic NU ESTE OBLIGAT sa ofere aceste beneficii oricui si poate:</p>\n\n<ul class="crt">\n	<li>sa va refuze aplicatia daca nu va calificati</li>\n	<li>sa va opreasca plata temporar sau permanent in cazul in care circumstantele dvs. s-au schimbat</li>\n	<li>sa va ceara sa dati inapoi suma primita sau o parte din ea in cazul in care se stabileste ca ati primit bani in plus sau care nu vi se cuveneau</li>\n	<li>sa va amendeze in cazul in care ati dat informatii false/incomplete sau nu ati anuntat la timp schimbarile de circumstante</li>\n</ul>\n\n<p>Sfatul nostru este sa tratati aceste aplicatii cu toata seriozitatea si sinceritatea deoarece omiterea, alterarea sau falsificarea informatiilor constituie FRAUDA, pedepsita conform legii prin amenda si/sau urmarire penala.</p>\n', 'puncte-medicale-locale', 136, 1, 1),
(251, 'Местные медицинские учреждения', '', 'mstn-mditsinski-uchrzhdniya', 136, 2, 0),
(252, 'Decesul și ajutorul de deces', '<h1>Ce sunt beneficiile sau ajutoarele sociale?</h1>\n\n<p>Acestea sunt ajutoare oferite de stat in anumite circumstante persoanelor care indeplinesc anumite criterii de rezidenta si eligibilitate (spre exemplu, in cazul in care au copii, venituri mici sau au ramas fara venit).</p>\n\n<h1>Care sunt tipurile cele mai intalnite de beneficii?</h1>\n\n<p>Cele mai intalnite beneficii la care se pot incadra si cetatenii romani sunt Child Benefit, Tax Credits, Disability Living Allowance, Employment and Support Allowance, Job Seeker&rsquo;s Allowance, Maternity Allowance/Statutory Maternity Pay si Housing Benefit.</p>\n\n<h1>Ce inseamna fiecare din aceste beneficii?</h1>\n\n<p>Child Benefit este echivalentul Alocatiei pentru copii care se primeste si in Romania. Ratele pentru Child Benefit sunt de &pound;20.30 pentru primul copil si &pound;13.40 pentru fiecare din urmatorii copii. Sunt eligibili pentru acest tip de beneficiu doar persoanele care se afla in UK, care au obtinut deja National Insurance Number si care au copii de pana la 16 ani (sau intre 16-20 ani, daca inca studiaza full-time sau sunt inregistrati ca ucenici, in scopul pregatirii profesionale), indiferent daca acesti copii locuiesc in UK sau nu. Persoanele care nu sunt rezidente in UK nu se califica pentru acest tip de beneficiu.</p>\n\n<h1>Tax Credits are doua elemente: Working Tax Credit si Child Tax Credits.</h1>\n\n<p>Working Tax Credits este un ajutor financiar care se da persoanelor care lucreaza employed sau self-employed, dar nu castiga suficient de mult pentru a se intretine. Child Tax Credit este ajutor financiar pentru persoanele care au copii. Daca doriti sa aflati daca va calificati, puteti suna direct la Tax Credits Office la 0345 300 3900.</p>\n\n<h1>Disability Living Allowance este un ajutor financiar pentru persoanele care sufera de un handicap.</h1>\n\n<p>Suma primita va fi calculata in functie de incadrarea handicapului iar decizia se face in baza certificatelor medicale sau a unei evaluari medicale la care vi se va cere sa participati. Pentru mai multe informatii, va puteti adresa birourilor independente si gratuite ale Citizen Advice Bureau sau la oficiile Job Centre din zona dvs.</p>\n\n<p>ATENTIE!</p>\n\n<p>Pentru ajutoare sociale pot aplica doar persoanele eligibile, adica cele care satisfac criteriile stricte de eligibilitate, cum ar fi cele de rezidenta sau cele de natura financiara.Guvernul britanic NU ESTE OBLIGAT sa ofere aceste beneficii oricui si poate:</p>\n\n<ul class="crt">\n	<li>sa va refuze aplicatia daca nu va calificati</li>\n	<li>sa va opreasca plata temporar sau permanent in cazul in care circumstantele dvs. s-au schimbat</li>\n	<li>sa va ceara sa dati inapoi suma primita sau o parte din ea in cazul in care se stabileste ca ati primit bani in plus sau care nu vi se cuveneau</li>\n	<li>sa va amendeze in cazul in care ati dat informatii false/incomplete sau nu ati anuntat la timp schimbarile de circumstante</li>\n</ul>\n\n<p>Sfatul nostru este sa tratati aceste aplicatii cu toata seriozitatea si sinceritatea deoarece omiterea, alterarea sau falsificarea informatiilor constituie FRAUDA, pedepsita conform legii prin amenda si/sau urmarire penala.</p>\n', 'decesul-si-ajutorul-de-deces', 137, 1, 1),
(253, 'Материальная помощь в связи со смертью', '', 'matrialynaya-pomoshty-v-svyazi-so-smrtyyu', 137, 2, 0),
(254, 'Adăposturi sociale și case de bătrâni', '<h1>Ce sunt beneficiile sau ajutoarele sociale?</h1>\n\n<p>Acestea sunt ajutoare oferite de stat in anumite circumstante persoanelor care indeplinesc anumite criterii de rezidenta si eligibilitate (spre exemplu, in cazul in care au copii, venituri mici sau au ramas fara venit).</p>\n\n<h1>Care sunt tipurile cele mai intalnite de beneficii?</h1>\n\n<p>Cele mai intalnite beneficii la care se pot incadra si cetatenii romani sunt Child Benefit, Tax Credits, Disability Living Allowance, Employment and Support Allowance, Job Seeker&rsquo;s Allowance, Maternity Allowance/Statutory Maternity Pay si Housing Benefit.</p>\n\n<h1>Ce inseamna fiecare din aceste beneficii?</h1>\n\n<p>Child Benefit este echivalentul Alocatiei pentru copii care se primeste si in Romania. Ratele pentru Child Benefit sunt de &pound;20.30 pentru primul copil si &pound;13.40 pentru fiecare din urmatorii copii. Sunt eligibili pentru acest tip de beneficiu doar persoanele care se afla in UK, care au obtinut deja National Insurance Number si care au copii de pana la 16 ani (sau intre 16-20 ani, daca inca studiaza full-time sau sunt inregistrati ca ucenici, in scopul pregatirii profesionale), indiferent daca acesti copii locuiesc in UK sau nu. Persoanele care nu sunt rezidente in UK nu se califica pentru acest tip de beneficiu.</p>\n\n<h1>Tax Credits are doua elemente: Working Tax Credit si Child Tax Credits.</h1>\n\n<p>Working Tax Credits este un ajutor financiar care se da persoanelor care lucreaza employed sau self-employed, dar nu castiga suficient de mult pentru a se intretine. Child Tax Credit este ajutor financiar pentru persoanele care au copii. Daca doriti sa aflati daca va calificati, puteti suna direct la Tax Credits Office la 0345 300 3900.</p>\n\n<h1>Disability Living Allowance este un ajutor financiar pentru persoanele care sufera de un handicap.</h1>\n\n<p>Suma primita va fi calculata in functie de incadrarea handicapului iar decizia se face in baza certificatelor medicale sau a unei evaluari medicale la care vi se va cere sa participati. Pentru mai multe informatii, va puteti adresa birourilor independente si gratuite ale Citizen Advice Bureau sau la oficiile Job Centre din zona dvs.</p>\n\n<p>ATENTIE!</p>\n\n<p>Pentru ajutoare sociale pot aplica doar persoanele eligibile, adica cele care satisfac criteriile stricte de eligibilitate, cum ar fi cele de rezidenta sau cele de natura financiara.Guvernul britanic NU ESTE OBLIGAT sa ofere aceste beneficii oricui si poate:</p>\n\n<ul class="crt">\n	<li>sa va refuze aplicatia daca nu va calificati</li>\n	<li>sa va opreasca plata temporar sau permanent in cazul in care circumstantele dvs. s-au schimbat</li>\n	<li>sa va ceara sa dati inapoi suma primita sau o parte din ea in cazul in care se stabileste ca ati primit bani in plus sau care nu vi se cuveneau</li>\n	<li>sa va amendeze in cazul in care ati dat informatii false/incomplete sau nu ati anuntat la timp schimbarile de circumstante</li>\n</ul>\n\n<p>Sfatul nostru este sa tratati aceste aplicatii cu toata seriozitatea si sinceritatea deoarece omiterea, alterarea sau falsificarea informatiilor constituie FRAUDA, pedepsita conform legii prin amenda si/sau urmarire penala.</p>\n', 'adaposturi-sociale-si-case-de-batrani', 138, 1, 1),
(255, 'Социальные приюты и дома для престарелых', '', 'sotsialyn-priyut-i-doma-dlya-prstarlh', 138, 2, 0),
(256, 'Violența domestică / cazuri de urgență', '<h1>Ce sunt beneficiile sau ajutoarele sociale?</h1>\n\n<p>Acestea sunt ajutoare oferite de stat in anumite circumstante persoanelor care indeplinesc anumite criterii de rezidenta si eligibilitate (spre exemplu, in cazul in care au copii, venituri mici sau au ramas fara venit).</p>\n\n<h1>Care sunt tipurile cele mai intalnite de beneficii?</h1>\n\n<p>Cele mai intalnite beneficii la care se pot incadra si cetatenii romani sunt Child Benefit, Tax Credits, Disability Living Allowance, Employment and Support Allowance, Job Seeker&rsquo;s Allowance, Maternity Allowance/Statutory Maternity Pay si Housing Benefit.</p>\n\n<h1>Ce inseamna fiecare din aceste beneficii?</h1>\n\n<p>Child Benefit este echivalentul Alocatiei pentru copii care se primeste si in Romania. Ratele pentru Child Benefit sunt de &pound;20.30 pentru primul copil si &pound;13.40 pentru fiecare din urmatorii copii. Sunt eligibili pentru acest tip de beneficiu doar persoanele care se afla in UK, care au obtinut deja National Insurance Number si care au copii de pana la 16 ani (sau intre 16-20 ani, daca inca studiaza full-time sau sunt inregistrati ca ucenici, in scopul pregatirii profesionale), indiferent daca acesti copii locuiesc in UK sau nu. Persoanele care nu sunt rezidente in UK nu se califica pentru acest tip de beneficiu.</p>\n\n<h1>Tax Credits are doua elemente: Working Tax Credit si Child Tax Credits.</h1>\n\n<p>Working Tax Credits este un ajutor financiar care se da persoanelor care lucreaza employed sau self-employed, dar nu castiga suficient de mult pentru a se intretine. Child Tax Credit este ajutor financiar pentru persoanele care au copii. Daca doriti sa aflati daca va calificati, puteti suna direct la Tax Credits Office la 0345 300 3900.</p>\n\n<h1>Disability Living Allowance este un ajutor financiar pentru persoanele care sufera de un handicap.</h1>\n\n<p>Suma primita va fi calculata in functie de incadrarea handicapului iar decizia se face in baza certificatelor medicale sau a unei evaluari medicale la care vi se va cere sa participati. Pentru mai multe informatii, va puteti adresa birourilor independente si gratuite ale Citizen Advice Bureau sau la oficiile Job Centre din zona dvs.</p>\n\n<p>ATENTIE!</p>\n\n<p>Pentru ajutoare sociale pot aplica doar persoanele eligibile, adica cele care satisfac criteriile stricte de eligibilitate, cum ar fi cele de rezidenta sau cele de natura financiara.Guvernul britanic NU ESTE OBLIGAT sa ofere aceste beneficii oricui si poate:</p>\n\n<ul class="crt">\n	<li>sa va refuze aplicatia daca nu va calificati</li>\n	<li>sa va opreasca plata temporar sau permanent in cazul in care circumstantele dvs. s-au schimbat</li>\n	<li>sa va ceara sa dati inapoi suma primita sau o parte din ea in cazul in care se stabileste ca ati primit bani in plus sau care nu vi se cuveneau</li>\n	<li>sa va amendeze in cazul in care ati dat informatii false/incomplete sau nu ati anuntat la timp schimbarile de circumstante</li>\n</ul>\n\n<p>Sfatul nostru este sa tratati aceste aplicatii cu toata seriozitatea si sinceritatea deoarece omiterea, alterarea sau falsificarea informatiilor constituie FRAUDA, pedepsita conform legii prin amenda si/sau urmarire penala.</p>\n', 'violenta-domestica-cazuri-de-urgenta', 139, 1, 1),
(257, 'Домашнее насилие / экстренные случаи', '', 'domashn-nasili-kstrnn-sluchai', 139, 2, 0),
(258, 'Raportează o fraudă socială', '<h1>Ce sunt beneficiile sau ajutoarele sociale?</h1>\n\n<p>Acestea sunt ajutoare oferite de stat in anumite circumstante persoanelor care indeplinesc anumite criterii de rezidenta si eligibilitate (spre exemplu, in cazul in care au copii, venituri mici sau au ramas fara venit).</p>\n\n<h1>Care sunt tipurile cele mai intalnite de beneficii?</h1>\n\n<p>Cele mai intalnite beneficii la care se pot incadra si cetatenii romani sunt Child Benefit, Tax Credits, Disability Living Allowance, Employment and Support Allowance, Job Seeker&rsquo;s Allowance, Maternity Allowance/Statutory Maternity Pay si Housing Benefit.</p>\n\n<h1>Ce inseamna fiecare din aceste beneficii?</h1>\n\n<p>Child Benefit este echivalentul Alocatiei pentru copii care se primeste si in Romania. Ratele pentru Child Benefit sunt de &pound;20.30 pentru primul copil si &pound;13.40 pentru fiecare din urmatorii copii. Sunt eligibili pentru acest tip de beneficiu doar persoanele care se afla in UK, care au obtinut deja National Insurance Number si care au copii de pana la 16 ani (sau intre 16-20 ani, daca inca studiaza full-time sau sunt inregistrati ca ucenici, in scopul pregatirii profesionale), indiferent daca acesti copii locuiesc in UK sau nu. Persoanele care nu sunt rezidente in UK nu se califica pentru acest tip de beneficiu.</p>\n\n<h1>Tax Credits are doua elemente: Working Tax Credit si Child Tax Credits.</h1>\n\n<p>Working Tax Credits este un ajutor financiar care se da persoanelor care lucreaza employed sau self-employed, dar nu castiga suficient de mult pentru a se intretine. Child Tax Credit este ajutor financiar pentru persoanele care au copii. Daca doriti sa aflati daca va calificati, puteti suna direct la Tax Credits Office la 0345 300 3900.</p>\n\n<h1>Disability Living Allowance este un ajutor financiar pentru persoanele care sufera de un handicap.</h1>\n\n<p>Suma primita va fi calculata in functie de incadrarea handicapului iar decizia se face in baza certificatelor medicale sau a unei evaluari medicale la care vi se va cere sa participati. Pentru mai multe informatii, va puteti adresa birourilor independente si gratuite ale Citizen Advice Bureau sau la oficiile Job Centre din zona dvs.</p>\n\n<p>ATENTIE!</p>\n\n<p>Pentru ajutoare sociale pot aplica doar persoanele eligibile, adica cele care satisfac criteriile stricte de eligibilitate, cum ar fi cele de rezidenta sau cele de natura financiara.Guvernul britanic NU ESTE OBLIGAT sa ofere aceste beneficii oricui si poate:</p>\n\n<ul class="crt">\n	<li>sa va refuze aplicatia daca nu va calificati</li>\n	<li>sa va opreasca plata temporar sau permanent in cazul in care circumstantele dvs. s-au schimbat</li>\n	<li>sa va ceara sa dati inapoi suma primita sau o parte din ea in cazul in care se stabileste ca ati primit bani in plus sau care nu vi se cuveneau</li>\n	<li>sa va amendeze in cazul in care ati dat informatii false/incomplete sau nu ati anuntat la timp schimbarile de circumstante</li>\n</ul>\n\n<p>Sfatul nostru este sa tratati aceste aplicatii cu toata seriozitatea si sinceritatea deoarece omiterea, alterarea sau falsificarea informatiilor constituie FRAUDA, pedepsita conform legii prin amenda si/sau urmarire penala.</p>\n', 'raporteaza-o-frauda-sociala', 140, 1, 1),
(259, 'Сообщите о социальном мошенничестве', '', 'soobshtit-o-sotsialynom-moshnnichstv', 140, 2, 0),
(260, 'Întrebări frecvente / modele de cereri /ghid de completare a cererii', '', 'intrebari-frecvente-modele-de-cereri-ghid-de-completare-a-cererii', 141, 1, 1),
(261, 'Часто задаваемые вопросы / образцы заявлений', '', 'chasto-zadavam-vopros-obrazts-zayavlniy', 141, 2, 0),
(262, 'Întrebări frecvente', '', 'intrebari-frecvente', 142, 1, 1),
(263, 'Часто задаваемые вопросы', '', 'chasto-zadavam-vopros', 142, 2, 0),
(264, 'Modele de cereri', '', 'modele-de-cereri', 143, 1, 1),
(265, 'Образцы заявлений', '', 'obrazts-zayavlniy', 143, 2, 0),
(266, 'Ghid de completare a cererii', '<h2>Acest Ghid cuprinde informații detaliate privind modalitatea de&nbsp;completare şi transmitere a unei cereri de finanțare &icirc;n cadrul tuturor&nbsp;cererilor de propuneri de proiecte finanțate din POSDRU.&nbsp;</h2>\n\n<p style="text-align:justify"><br />\nAMPOSDRU a simplificat procedura de completare şi transmitere a unei cereri&nbsp;de finanțare pentru POS DRU, de la patru la trei etape.&nbsp;Astfel, numai 3 etape simple pentru a contribui la dezvoltarea şi la calitatea&nbsp;a ceea reprezintă pentru noi cea mai importantă resursă: persoana.&nbsp;Formularul cererii de finanțare este acum &icirc;n &icirc;ntregime electronic şi&nbsp;este conceput pentru a simplifica şi a da transparență &icirc;ntregului proces.&nbsp;&Icirc;n versiunea simplificată a ActionWeb NU se mai descarcă şi &icirc;ncarcă ulterior &icirc;n&nbsp;sistem Anexa 1 &bdquo;Cererea de finanțare&rdquo; &ndash; &icirc;ntregul formular se completează&nbsp;electronic.&nbsp;Fiecare pagină a formularului vă conduce pas cu pas &icirc;n descrierea ideii&nbsp;dumneavoastră de proiect oferind sprijin şi explicații &icirc;n fiecare etapă,&nbsp;simplific&acirc;nd &icirc;n acest fel prezentarea aplicației.</p>\n\n<p style="text-align:justify">&nbsp;</p>\n\n<h2 style="text-align:justify">Cum se completează cererea de finanțare&nbsp;</h2>\n\n<p>&Icirc;n vederea completării şi transmiterii unei cereri de finanțare &icirc;n cadrul cererilor de propuneri&nbsp;de proiecte finanțate prin POS DRU, vă rugăm să accesați pagina de internet a AMPOSDRU,&nbsp;respectiv <a href="http://fseromania.ro">www.fseromania.ro</a>, secțiunea <u>&bdquo;Cerere de propuneri de proiecte&rdquo;</u>, link <strong>ActionWeb</strong>.&nbsp;Toate cererile de finanțare pentru POSDRU se completează şi se transmit electronic.&nbsp;</p>\n', 'ghid-de-completare-a-cererii', 144, 1, 1),
(267, 'Инструкция по заполнению заявления', '', 'instruktsiya-po-zapolnniyu-zayavlniya', 144, 2, 0),
(268, 'Impozite și taxe locale', '<table class="taxe" style="border-collapse:collapse; border-spacing:0px; box-sizing:border-box; color:rgb(34, 34, 34); font-family:open_sansregular; font-size:16px; line-height:22.3999996185303px; margin-bottom:50px">\n	<thead>\n		<tr>\n			<td style="height:50px">Impozite</td>\n			<td style="height:50px">2011</td>\n			<td style="height:50px">2012</td>\n			<td style="height:50px">2013</td>\n			<td style="height:50px">2014</td>\n		</tr>\n	</thead>\n	<tbody>\n		<tr>\n			<td>Impozitul si taxa pe teren</td>\n			<td>000 Lei</td>\n			<td>000 Lei</td>\n			<td>000 Lei</td>\n			<td>000 Lei</td>\n		</tr>\n		<tr>\n			<td>Impozitul pe mijloacele de transport</td>\n			<td>000 Lei</td>\n			<td>000 Lei</td>\n			<td>000 Lei</td>\n			<td>000 Lei</td>\n		</tr>\n		<tr>\n			<td>Taxa pentru afisaj &icirc;n scop de reclama si pkublicitate</td>\n			<td>000 Lei</td>\n			<td>000 Lei</td>\n			<td>000 Lei</td>\n			<td>000 Lei</td>\n		</tr>\n		<tr>\n			<td>Impozitul pe spectacole</td>\n			<td>000 Lei</td>\n			<td>000 Lei</td>\n			<td>000 Lei</td>\n			<td>000 Lei</td>\n		</tr>\n		<tr>\n			<td>Impozitul si taxa pe teren</td>\n			<td>000 Lei</td>\n			<td>000 Lei</td>\n			<td>000 Lei</td>\n			<td>000 Lei</td>\n		</tr>\n		<tr>\n			<td>Impozitul pe mijloacele de transport</td>\n			<td>000 Lei</td>\n			<td>000 Lei</td>\n			<td>000 Lei</td>\n			<td>000 Lei</td>\n		</tr>\n		<tr>\n			<td>Taxa pentru afisaj &icirc;n scop de reclama si publicitate</td>\n			<td>000 Lei</td>\n			<td>000 Lei</td>\n			<td>000 Lei</td>\n			<td>000 Lei</td>\n		</tr>\n		<tr>\n			<td>Impozitul pe spectacole</td>\n			<td>000 Lei</td>\n			<td>000 Lei</td>\n			<td>000 Lei</td>\n			<td>000 Lei</td>\n		</tr>\n		<tr>\n			<td>Impozitul si taxa pe teren</td>\n			<td>000 Lei</td>\n			<td>000 Lei</td>\n			<td>000 Lei</td>\n			<td>000 Lei</td>\n		</tr>\n		<tr>\n			<td>Impozitul pe mijloacele de transport</td>\n			<td>000 Lei</td>\n			<td>000 Lei</td>\n			<td>000 Lei</td>\n			<td>000 Lei</td>\n		</tr>\n		<tr>\n			<td>Taxa pentru afisaj &icirc;n scop de reclama si publicitate</td>\n			<td>000 Lei</td>\n			<td>000 Lei</td>\n			<td>000 Lei</td>\n			<td>000 Lei</td>\n		</tr>\n		<tr>\n			<td>Impozitul pe spectacole</td>\n			<td>000 Lei</td>\n			<td>000 Lei</td>\n			<td>000 Lei</td>\n			<td>000 Lei</td>\n		</tr>\n	</tbody>\n</table>\n', 'impozite-si-taxe-locale', 145, 1, 1),
(269, 'Сборы и налоги', '', 'sbor-i-nalogi-269', 145, 2, 0),
(270, 'Taxa de publicitate', '<h1>Ce sunt beneficiile sau ajutoarele sociale?</h1>\n\n<p>Acestea sunt ajutoare oferite de stat in anumite circumstante persoanelor care indeplinesc anumite criterii de rezidenta si eligibilitate (spre exemplu, in cazul in care au copii, venituri mici sau au ramas fara venit).</p>\n\n<h1>Care sunt tipurile cele mai intalnite de beneficii?</h1>\n\n<p>Cele mai intalnite beneficii la care se pot incadra si cetatenii romani sunt Child Benefit, Tax Credits, Disability Living Allowance, Employment and Support Allowance, Job Seeker&rsquo;s Allowance, Maternity Allowance/Statutory Maternity Pay si Housing Benefit.</p>\n\n<h1>Ce inseamna fiecare din aceste beneficii?</h1>\n\n<p>Child Benefit este echivalentul Alocatiei pentru copii care se primeste si in Romania. Ratele pentru Child Benefit sunt de &pound;20.30 pentru primul copil si &pound;13.40 pentru fiecare din urmatorii copii. Sunt eligibili pentru acest tip de beneficiu doar persoanele care se afla in UK, care au obtinut deja National Insurance Number si care au copii de pana la 16 ani (sau intre 16-20 ani, daca inca studiaza full-time sau sunt inregistrati ca ucenici, in scopul pregatirii profesionale), indiferent daca acesti copii locuiesc in UK sau nu. Persoanele care nu sunt rezidente in UK nu se califica pentru acest tip de beneficiu.</p>\n\n<h1>Tax Credits are doua elemente: Working Tax Credit si Child Tax Credits.</h1>\n\n<p>Working Tax Credits este un ajutor financiar care se da persoanelor care lucreaza employed sau self-employed, dar nu castiga suficient de mult pentru a se intretine. Child Tax Credit este ajutor financiar pentru persoanele care au copii. Daca doriti sa aflati daca va calificati, puteti suna direct la Tax Credits Office la 0345 300 3900.</p>\n\n<h1>Disability Living Allowance este un ajutor financiar pentru persoanele care sufera de un handicap.</h1>\n\n<p>Suma primita va fi calculata in functie de incadrarea handicapului iar decizia se face in baza certificatelor medicale sau a unei evaluari medicale la care vi se va cere sa participati. Pentru mai multe informatii, va puteti adresa birourilor independente si gratuite ale Citizen Advice Bureau sau la oficiile Job Centre din zona dvs.</p>\n\n<p>ATENTIE!</p>\n\n<p>Pentru ajutoare sociale pot aplica doar persoanele eligibile, adica cele care satisfac criteriile stricte de eligibilitate, cum ar fi cele de rezidenta sau cele de natura financiara.Guvernul britanic NU ESTE OBLIGAT sa ofere aceste beneficii oricui si poate:</p>\n\n<ul class="crt">\n	<li>sa va refuze aplicatia daca nu va calificati</li>\n	<li>sa va opreasca plata temporar sau permanent in cazul in care circumstantele dvs. s-au schimbat</li>\n	<li>sa va ceara sa dati inapoi suma primita sau o parte din ea in cazul in care se stabileste ca ati primit bani in plus sau care nu vi se cuveneau</li>\n	<li>sa va amendeze in cazul in care ati dat informatii false/incomplete sau nu ati anuntat la timp schimbarile de circumstante</li>\n</ul>\n\n<p>Sfatul nostru este sa tratati aceste aplicatii cu toata seriozitatea si sinceritatea deoarece omiterea, alterarea sau falsificarea informatiilor constituie FRAUDA, pedepsita conform legii prin amenda si/sau urmarire penala.</p>\n', 'taxa-de-publicitate', 146, 1, 1),
(271, 'Сбор за размещение рекламы', '', 'sbor-za-razmshtni-rklam', 146, 2, 0),
(272, 'Taxa de organizare a licitațiilor / loteriilor', '<h1>Ce sunt beneficiile sau ajutoarele sociale?</h1>\n\n<p>Acestea sunt ajutoare oferite de stat in anumite circumstante persoanelor care indeplinesc anumite criterii de rezidenta si eligibilitate (spre exemplu, in cazul in care au copii, venituri mici sau au ramas fara venit).</p>\n\n<h1>Care sunt tipurile cele mai intalnite de beneficii?</h1>\n\n<p>Cele mai intalnite beneficii la care se pot incadra si cetatenii romani sunt Child Benefit, Tax Credits, Disability Living Allowance, Employment and Support Allowance, Job Seeker&rsquo;s Allowance, Maternity Allowance/Statutory Maternity Pay si Housing Benefit.</p>\n\n<h1>Ce inseamna fiecare din aceste beneficii?</h1>\n\n<p>Child Benefit este echivalentul Alocatiei pentru copii care se primeste si in Romania. Ratele pentru Child Benefit sunt de &pound;20.30 pentru primul copil si &pound;13.40 pentru fiecare din urmatorii copii. Sunt eligibili pentru acest tip de beneficiu doar persoanele care se afla in UK, care au obtinut deja National Insurance Number si care au copii de pana la 16 ani (sau intre 16-20 ani, daca inca studiaza full-time sau sunt inregistrati ca ucenici, in scopul pregatirii profesionale), indiferent daca acesti copii locuiesc in UK sau nu. Persoanele care nu sunt rezidente in UK nu se califica pentru acest tip de beneficiu.</p>\n\n<h1>Tax Credits are doua elemente: Working Tax Credit si Child Tax Credits.</h1>\n\n<p>Working Tax Credits este un ajutor financiar care se da persoanelor care lucreaza employed sau self-employed, dar nu castiga suficient de mult pentru a se intretine. Child Tax Credit este ajutor financiar pentru persoanele care au copii. Daca doriti sa aflati daca va calificati, puteti suna direct la Tax Credits Office la 0345 300 3900.</p>\n\n<h1>Disability Living Allowance este un ajutor financiar pentru persoanele care sufera de un handicap.</h1>\n\n<p>Suma primita va fi calculata in functie de incadrarea handicapului iar decizia se face in baza certificatelor medicale sau a unei evaluari medicale la care vi se va cere sa participati. Pentru mai multe informatii, va puteti adresa birourilor independente si gratuite ale Citizen Advice Bureau sau la oficiile Job Centre din zona dvs.</p>\n\n<p>ATENTIE!</p>\n\n<p>Pentru ajutoare sociale pot aplica doar persoanele eligibile, adica cele care satisfac criteriile stricte de eligibilitate, cum ar fi cele de rezidenta sau cele de natura financiara.Guvernul britanic NU ESTE OBLIGAT sa ofere aceste beneficii oricui si poate:</p>\n\n<ul class="crt">\n	<li>sa va refuze aplicatia daca nu va calificati</li>\n	<li>sa va opreasca plata temporar sau permanent in cazul in care circumstantele dvs. s-au schimbat</li>\n	<li>sa va ceara sa dati inapoi suma primita sau o parte din ea in cazul in care se stabileste ca ati primit bani in plus sau care nu vi se cuveneau</li>\n	<li>sa va amendeze in cazul in care ati dat informatii false/incomplete sau nu ati anuntat la timp schimbarile de circumstante</li>\n</ul>\n\n<p>Sfatul nostru este sa tratati aceste aplicatii cu toata seriozitatea si sinceritatea deoarece omiterea, alterarea sau falsificarea informatiilor constituie FRAUDA, pedepsita conform legii prin amenda si/sau urmarire penala.</p>\n', 'taxa-de-organizare-a-licitatiilor-loteriilor', 147, 1, 1),
(273, 'Сбор за организацию аукционов и лотерей', '', 'sbor-za-organizatsiyu-auktsionov-i-lotry', 147, 2, 0),
(274, 'Taxa pentru unități comerciale', '<h1>Ce sunt beneficiile sau ajutoarele sociale?</h1>\n\n<p>Acestea sunt ajutoare oferite de stat in anumite circumstante persoanelor care indeplinesc anumite criterii de rezidenta si eligibilitate (spre exemplu, in cazul in care au copii, venituri mici sau au ramas fara venit).</p>\n\n<h1>Care sunt tipurile cele mai intalnite de beneficii?</h1>\n\n<p>Cele mai intalnite beneficii la care se pot incadra si cetatenii romani sunt Child Benefit, Tax Credits, Disability Living Allowance, Employment and Support Allowance, Job Seeker&rsquo;s Allowance, Maternity Allowance/Statutory Maternity Pay si Housing Benefit.</p>\n\n<h1>Ce inseamna fiecare din aceste beneficii?</h1>\n\n<p>Child Benefit este echivalentul Alocatiei pentru copii care se primeste si in Romania. Ratele pentru Child Benefit sunt de &pound;20.30 pentru primul copil si &pound;13.40 pentru fiecare din urmatorii copii. Sunt eligibili pentru acest tip de beneficiu doar persoanele care se afla in UK, care au obtinut deja National Insurance Number si care au copii de pana la 16 ani (sau intre 16-20 ani, daca inca studiaza full-time sau sunt inregistrati ca ucenici, in scopul pregatirii profesionale), indiferent daca acesti copii locuiesc in UK sau nu. Persoanele care nu sunt rezidente in UK nu se califica pentru acest tip de beneficiu.</p>\n\n<h1>Tax Credits are doua elemente: Working Tax Credit si Child Tax Credits.</h1>\n\n<p>Working Tax Credits este un ajutor financiar care se da persoanelor care lucreaza employed sau self-employed, dar nu castiga suficient de mult pentru a se intretine. Child Tax Credit este ajutor financiar pentru persoanele care au copii. Daca doriti sa aflati daca va calificati, puteti suna direct la Tax Credits Office la 0345 300 3900.</p>\n\n<h1>Disability Living Allowance este un ajutor financiar pentru persoanele care sufera de un handicap.</h1>\n\n<p>Suma primita va fi calculata in functie de incadrarea handicapului iar decizia se face in baza certificatelor medicale sau a unei evaluari medicale la care vi se va cere sa participati. Pentru mai multe informatii, va puteti adresa birourilor independente si gratuite ale Citizen Advice Bureau sau la oficiile Job Centre din zona dvs.</p>\n\n<p>ATENTIE!</p>\n\n<p>Pentru ajutoare sociale pot aplica doar persoanele eligibile, adica cele care satisfac criteriile stricte de eligibilitate, cum ar fi cele de rezidenta sau cele de natura financiara.Guvernul britanic NU ESTE OBLIGAT sa ofere aceste beneficii oricui si poate:</p>\n\n<ul class="crt">\n	<li>sa va refuze aplicatia daca nu va calificati</li>\n	<li>sa va opreasca plata temporar sau permanent in cazul in care circumstantele dvs. s-au schimbat</li>\n	<li>sa va ceara sa dati inapoi suma primita sau o parte din ea in cazul in care se stabileste ca ati primit bani in plus sau care nu vi se cuveneau</li>\n	<li>sa va amendeze in cazul in care ati dat informatii false/incomplete sau nu ati anuntat la timp schimbarile de circumstante</li>\n</ul>\n\n<p>Sfatul nostru este sa tratati aceste aplicatii cu toata seriozitatea si sinceritatea deoarece omiterea, alterarea sau falsificarea informatiilor constituie FRAUDA, pedepsita conform legii prin amenda si/sau urmarire penala.</p>\n', 'taxa-pentru-unitati-comerciale', 148, 1, 1),
(275, 'Сбор за объекты торговли', '', 'sbor-za-obakt-torgovli', 148, 2, 0);
INSERT INTO `apl_post_lang` (`id`, `title`, `text`, `uri`, `post_id`, `lang_id`, `enabled`) VALUES
(276, 'Taxa de piață', '<h1>Ce sunt beneficiile sau ajutoarele sociale?</h1>\n\n<p>Acestea sunt ajutoare oferite de stat in anumite circumstante persoanelor care indeplinesc anumite criterii de rezidenta si eligibilitate (spre exemplu, in cazul in care au copii, venituri mici sau au ramas fara venit).</p>\n\n<h1>Care sunt tipurile cele mai intalnite de beneficii?</h1>\n\n<p>Cele mai intalnite beneficii la care se pot incadra si cetatenii romani sunt Child Benefit, Tax Credits, Disability Living Allowance, Employment and Support Allowance, Job Seeker&rsquo;s Allowance, Maternity Allowance/Statutory Maternity Pay si Housing Benefit.</p>\n\n<h1>Ce inseamna fiecare din aceste beneficii?</h1>\n\n<p>Child Benefit este echivalentul Alocatiei pentru copii care se primeste si in Romania. Ratele pentru Child Benefit sunt de &pound;20.30 pentru primul copil si &pound;13.40 pentru fiecare din urmatorii copii. Sunt eligibili pentru acest tip de beneficiu doar persoanele care se afla in UK, care au obtinut deja National Insurance Number si care au copii de pana la 16 ani (sau intre 16-20 ani, daca inca studiaza full-time sau sunt inregistrati ca ucenici, in scopul pregatirii profesionale), indiferent daca acesti copii locuiesc in UK sau nu. Persoanele care nu sunt rezidente in UK nu se califica pentru acest tip de beneficiu.</p>\n\n<h1>Tax Credits are doua elemente: Working Tax Credit si Child Tax Credits.</h1>\n\n<p>Working Tax Credits este un ajutor financiar care se da persoanelor care lucreaza employed sau self-employed, dar nu castiga suficient de mult pentru a se intretine. Child Tax Credit este ajutor financiar pentru persoanele care au copii. Daca doriti sa aflati daca va calificati, puteti suna direct la Tax Credits Office la 0345 300 3900.</p>\n\n<h1>Disability Living Allowance este un ajutor financiar pentru persoanele care sufera de un handicap.</h1>\n\n<p>Suma primita va fi calculata in functie de incadrarea handicapului iar decizia se face in baza certificatelor medicale sau a unei evaluari medicale la care vi se va cere sa participati. Pentru mai multe informatii, va puteti adresa birourilor independente si gratuite ale Citizen Advice Bureau sau la oficiile Job Centre din zona dvs.</p>\n\n<p>ATENTIE!</p>\n\n<p>Pentru ajutoare sociale pot aplica doar persoanele eligibile, adica cele care satisfac criteriile stricte de eligibilitate, cum ar fi cele de rezidenta sau cele de natura financiara.Guvernul britanic NU ESTE OBLIGAT sa ofere aceste beneficii oricui si poate:</p>\n\n<ul class="crt">\n	<li>sa va refuze aplicatia daca nu va calificati</li>\n	<li>sa va opreasca plata temporar sau permanent in cazul in care circumstantele dvs. s-au schimbat</li>\n	<li>sa va ceara sa dati inapoi suma primita sau o parte din ea in cazul in care se stabileste ca ati primit bani in plus sau care nu vi se cuveneau</li>\n	<li>sa va amendeze in cazul in care ati dat informatii false/incomplete sau nu ati anuntat la timp schimbarile de circumstante</li>\n</ul>\n\n<p>Sfatul nostru este sa tratati aceste aplicatii cu toata seriozitatea si sinceritatea deoarece omiterea, alterarea sau falsificarea informatiilor constituie FRAUDA, pedepsita conform legii prin amenda si/sau urmarire penala.</p>\n', 'taxa-de-piata', 149, 1, 1),
(277, 'Рыночный сбор', '', 'rnochny-sbor', 149, 2, 0),
(278, 'Taxa de cazare', '<h1>Ce sunt beneficiile sau ajutoarele sociale?</h1>\n\n<p>Acestea sunt ajutoare oferite de stat in anumite circumstante persoanelor care indeplinesc anumite criterii de rezidenta si eligibilitate (spre exemplu, in cazul in care au copii, venituri mici sau au ramas fara venit).</p>\n\n<h1>Care sunt tipurile cele mai intalnite de beneficii?</h1>\n\n<p>Cele mai intalnite beneficii la care se pot incadra si cetatenii romani sunt Child Benefit, Tax Credits, Disability Living Allowance, Employment and Support Allowance, Job Seeker&rsquo;s Allowance, Maternity Allowance/Statutory Maternity Pay si Housing Benefit.</p>\n\n<h1>Ce inseamna fiecare din aceste beneficii?</h1>\n\n<p>Child Benefit este echivalentul Alocatiei pentru copii care se primeste si in Romania. Ratele pentru Child Benefit sunt de &pound;20.30 pentru primul copil si &pound;13.40 pentru fiecare din urmatorii copii. Sunt eligibili pentru acest tip de beneficiu doar persoanele care se afla in UK, care au obtinut deja National Insurance Number si care au copii de pana la 16 ani (sau intre 16-20 ani, daca inca studiaza full-time sau sunt inregistrati ca ucenici, in scopul pregatirii profesionale), indiferent daca acesti copii locuiesc in UK sau nu. Persoanele care nu sunt rezidente in UK nu se califica pentru acest tip de beneficiu.</p>\n\n<h1>Tax Credits are doua elemente: Working Tax Credit si Child Tax Credits.</h1>\n\n<p>Working Tax Credits este un ajutor financiar care se da persoanelor care lucreaza employed sau self-employed, dar nu castiga suficient de mult pentru a se intretine. Child Tax Credit este ajutor financiar pentru persoanele care au copii. Daca doriti sa aflati daca va calificati, puteti suna direct la Tax Credits Office la 0345 300 3900.</p>\n\n<h1>Disability Living Allowance este un ajutor financiar pentru persoanele care sufera de un handicap.</h1>\n\n<p>Suma primita va fi calculata in functie de incadrarea handicapului iar decizia se face in baza certificatelor medicale sau a unei evaluari medicale la care vi se va cere sa participati. Pentru mai multe informatii, va puteti adresa birourilor independente si gratuite ale Citizen Advice Bureau sau la oficiile Job Centre din zona dvs.</p>\n\n<p>ATENTIE!</p>\n\n<p>Pentru ajutoare sociale pot aplica doar persoanele eligibile, adica cele care satisfac criteriile stricte de eligibilitate, cum ar fi cele de rezidenta sau cele de natura financiara.Guvernul britanic NU ESTE OBLIGAT sa ofere aceste beneficii oricui si poate:</p>\n\n<ul class="crt">\n	<li>sa va refuze aplicatia daca nu va calificati</li>\n	<li>sa va opreasca plata temporar sau permanent in cazul in care circumstantele dvs. s-au schimbat</li>\n	<li>sa va ceara sa dati inapoi suma primita sau o parte din ea in cazul in care se stabileste ca ati primit bani in plus sau care nu vi se cuveneau</li>\n	<li>sa va amendeze in cazul in care ati dat informatii false/incomplete sau nu ati anuntat la timp schimbarile de circumstante</li>\n</ul>\n\n<p>Sfatul nostru este sa tratati aceste aplicatii cu toata seriozitatea si sinceritatea deoarece omiterea, alterarea sau falsificarea informatiilor constituie FRAUDA, pedepsita conform legii prin amenda si/sau urmarire penala.</p>\n', 'taxa-de-cazare', 150, 1, 1),
(279, 'Сбор за временное проживание', '', 'sbor-za-vrmnno-prozhivani', 150, 2, 0),
(280, 'Taxa de parcare', '<h1>Ce sunt beneficiile sau ajutoarele sociale?</h1>\n\n<p>Acestea sunt ajutoare oferite de stat in anumite circumstante persoanelor care indeplinesc anumite criterii de rezidenta si eligibilitate (spre exemplu, in cazul in care au copii, venituri mici sau au ramas fara venit).</p>\n\n<h1>Care sunt tipurile cele mai intalnite de beneficii?</h1>\n\n<p>Cele mai intalnite beneficii la care se pot incadra si cetatenii romani sunt Child Benefit, Tax Credits, Disability Living Allowance, Employment and Support Allowance, Job Seeker&rsquo;s Allowance, Maternity Allowance/Statutory Maternity Pay si Housing Benefit.</p>\n\n<h1>Ce inseamna fiecare din aceste beneficii?</h1>\n\n<p>Child Benefit este echivalentul Alocatiei pentru copii care se primeste si in Romania. Ratele pentru Child Benefit sunt de &pound;20.30 pentru primul copil si &pound;13.40 pentru fiecare din urmatorii copii. Sunt eligibili pentru acest tip de beneficiu doar persoanele care se afla in UK, care au obtinut deja National Insurance Number si care au copii de pana la 16 ani (sau intre 16-20 ani, daca inca studiaza full-time sau sunt inregistrati ca ucenici, in scopul pregatirii profesionale), indiferent daca acesti copii locuiesc in UK sau nu. Persoanele care nu sunt rezidente in UK nu se califica pentru acest tip de beneficiu.</p>\n\n<h1>Tax Credits are doua elemente: Working Tax Credit si Child Tax Credits.</h1>\n\n<p>Working Tax Credits este un ajutor financiar care se da persoanelor care lucreaza employed sau self-employed, dar nu castiga suficient de mult pentru a se intretine. Child Tax Credit este ajutor financiar pentru persoanele care au copii. Daca doriti sa aflati daca va calificati, puteti suna direct la Tax Credits Office la 0345 300 3900.</p>\n\n<h1>Disability Living Allowance este un ajutor financiar pentru persoanele care sufera de un handicap.</h1>\n\n<p>Suma primita va fi calculata in functie de incadrarea handicapului iar decizia se face in baza certificatelor medicale sau a unei evaluari medicale la care vi se va cere sa participati. Pentru mai multe informatii, va puteti adresa birourilor independente si gratuite ale Citizen Advice Bureau sau la oficiile Job Centre din zona dvs.</p>\n\n<p>ATENTIE!</p>\n\n<p>Pentru ajutoare sociale pot aplica doar persoanele eligibile, adica cele care satisfac criteriile stricte de eligibilitate, cum ar fi cele de rezidenta sau cele de natura financiara.Guvernul britanic NU ESTE OBLIGAT sa ofere aceste beneficii oricui si poate:</p>\n\n<ul class="crt">\n	<li>sa va refuze aplicatia daca nu va calificati</li>\n	<li>sa va opreasca plata temporar sau permanent in cazul in care circumstantele dvs. s-au schimbat</li>\n	<li>sa va ceara sa dati inapoi suma primita sau o parte din ea in cazul in care se stabileste ca ati primit bani in plus sau care nu vi se cuveneau</li>\n	<li>sa va amendeze in cazul in care ati dat informatii false/incomplete sau nu ati anuntat la timp schimbarile de circumstante</li>\n</ul>\n\n<p>Sfatul nostru este sa tratati aceste aplicatii cu toata seriozitatea si sinceritatea deoarece omiterea, alterarea sau falsificarea informatiilor constituie FRAUDA, pedepsita conform legii prin amenda si/sau urmarire penala.</p>\n', 'taxa-de-parcare', 151, 1, 1),
(281, 'Сбор за парковку автотранспорта', '', 'sbor-za-parkovku-avtotransporta', 151, 2, 0),
(282, 'Taxa pentru unități stradale', '<h1>Ce sunt beneficiile sau ajutoarele sociale?</h1>\n\n<p>Acestea sunt ajutoare oferite de stat in anumite circumstante persoanelor care indeplinesc anumite criterii de rezidenta si eligibilitate (spre exemplu, in cazul in care au copii, venituri mici sau au ramas fara venit).</p>\n\n<h1>Care sunt tipurile cele mai intalnite de beneficii?</h1>\n\n<p>Cele mai intalnite beneficii la care se pot incadra si cetatenii romani sunt Child Benefit, Tax Credits, Disability Living Allowance, Employment and Support Allowance, Job Seeker&rsquo;s Allowance, Maternity Allowance/Statutory Maternity Pay si Housing Benefit.</p>\n\n<h1>Ce inseamna fiecare din aceste beneficii?</h1>\n\n<p>Child Benefit este echivalentul Alocatiei pentru copii care se primeste si in Romania. Ratele pentru Child Benefit sunt de &pound;20.30 pentru primul copil si &pound;13.40 pentru fiecare din urmatorii copii. Sunt eligibili pentru acest tip de beneficiu doar persoanele care se afla in UK, care au obtinut deja National Insurance Number si care au copii de pana la 16 ani (sau intre 16-20 ani, daca inca studiaza full-time sau sunt inregistrati ca ucenici, in scopul pregatirii profesionale), indiferent daca acesti copii locuiesc in UK sau nu. Persoanele care nu sunt rezidente in UK nu se califica pentru acest tip de beneficiu.</p>\n\n<h1>Tax Credits are doua elemente: Working Tax Credit si Child Tax Credits.</h1>\n\n<p>Working Tax Credits este un ajutor financiar care se da persoanelor care lucreaza employed sau self-employed, dar nu castiga suficient de mult pentru a se intretine. Child Tax Credit este ajutor financiar pentru persoanele care au copii. Daca doriti sa aflati daca va calificati, puteti suna direct la Tax Credits Office la 0345 300 3900.</p>\n\n<h1>Disability Living Allowance este un ajutor financiar pentru persoanele care sufera de un handicap.</h1>\n\n<p>Suma primita va fi calculata in functie de incadrarea handicapului iar decizia se face in baza certificatelor medicale sau a unei evaluari medicale la care vi se va cere sa participati. Pentru mai multe informatii, va puteti adresa birourilor independente si gratuite ale Citizen Advice Bureau sau la oficiile Job Centre din zona dvs.</p>\n\n<p>ATENTIE!</p>\n\n<p>Pentru ajutoare sociale pot aplica doar persoanele eligibile, adica cele care satisfac criteriile stricte de eligibilitate, cum ar fi cele de rezidenta sau cele de natura financiara.Guvernul britanic NU ESTE OBLIGAT sa ofere aceste beneficii oricui si poate:</p>\n\n<ul class="crt">\n	<li>sa va refuze aplicatia daca nu va calificati</li>\n	<li>sa va opreasca plata temporar sau permanent in cazul in care circumstantele dvs. s-au schimbat</li>\n	<li>sa va ceara sa dati inapoi suma primita sau o parte din ea in cazul in care se stabileste ca ati primit bani in plus sau care nu vi se cuveneau</li>\n	<li>sa va amendeze in cazul in care ati dat informatii false/incomplete sau nu ati anuntat la timp schimbarile de circumstante</li>\n</ul>\n\n<p>Sfatul nostru este sa tratati aceste aplicatii cu toata seriozitatea si sinceritatea deoarece omiterea, alterarea sau falsificarea informatiilor constituie FRAUDA, pedepsita conform legii prin amenda si/sau urmarire penala.</p>\n', 'taxa-pentru-unitati-stradale', 152, 1, 1),
(283, 'Сбор за уличные объекты', '', 'sbor-za-ulichn-obakt', 152, 2, 0),
(284, 'Impozitul pe bunuri imobiliare', '<h1>Ce sunt beneficiile sau ajutoarele sociale?</h1>\n\n<p>Acestea sunt ajutoare oferite de stat in anumite circumstante persoanelor care indeplinesc anumite criterii de rezidenta si eligibilitate (spre exemplu, in cazul in care au copii, venituri mici sau au ramas fara venit).</p>\n\n<h1>Care sunt tipurile cele mai intalnite de beneficii?</h1>\n\n<p>Cele mai intalnite beneficii la care se pot incadra si cetatenii romani sunt Child Benefit, Tax Credits, Disability Living Allowance, Employment and Support Allowance, Job Seeker&rsquo;s Allowance, Maternity Allowance/Statutory Maternity Pay si Housing Benefit.</p>\n\n<h1>Ce inseamna fiecare din aceste beneficii?</h1>\n\n<p>Child Benefit este echivalentul Alocatiei pentru copii care se primeste si in Romania. Ratele pentru Child Benefit sunt de &pound;20.30 pentru primul copil si &pound;13.40 pentru fiecare din urmatorii copii. Sunt eligibili pentru acest tip de beneficiu doar persoanele care se afla in UK, care au obtinut deja National Insurance Number si care au copii de pana la 16 ani (sau intre 16-20 ani, daca inca studiaza full-time sau sunt inregistrati ca ucenici, in scopul pregatirii profesionale), indiferent daca acesti copii locuiesc in UK sau nu. Persoanele care nu sunt rezidente in UK nu se califica pentru acest tip de beneficiu.</p>\n\n<h1>Tax Credits are doua elemente: Working Tax Credit si Child Tax Credits.</h1>\n\n<p>Working Tax Credits este un ajutor financiar care se da persoanelor care lucreaza employed sau self-employed, dar nu castiga suficient de mult pentru a se intretine. Child Tax Credit este ajutor financiar pentru persoanele care au copii. Daca doriti sa aflati daca va calificati, puteti suna direct la Tax Credits Office la 0345 300 3900.</p>\n\n<h1>Disability Living Allowance este un ajutor financiar pentru persoanele care sufera de un handicap.</h1>\n\n<p>Suma primita va fi calculata in functie de incadrarea handicapului iar decizia se face in baza certificatelor medicale sau a unei evaluari medicale la care vi se va cere sa participati. Pentru mai multe informatii, va puteti adresa birourilor independente si gratuite ale Citizen Advice Bureau sau la oficiile Job Centre din zona dvs.</p>\n\n<p>ATENTIE!</p>\n\n<p>Pentru ajutoare sociale pot aplica doar persoanele eligibile, adica cele care satisfac criteriile stricte de eligibilitate, cum ar fi cele de rezidenta sau cele de natura financiara.Guvernul britanic NU ESTE OBLIGAT sa ofere aceste beneficii oricui si poate:</p>\n\n<ul class="crt">\n	<li>sa va refuze aplicatia daca nu va calificati</li>\n	<li>sa va opreasca plata temporar sau permanent in cazul in care circumstantele dvs. s-au schimbat</li>\n	<li>sa va ceara sa dati inapoi suma primita sau o parte din ea in cazul in care se stabileste ca ati primit bani in plus sau care nu vi se cuveneau</li>\n	<li>sa va amendeze in cazul in care ati dat informatii false/incomplete sau nu ati anuntat la timp schimbarile de circumstante</li>\n</ul>\n\n<p>Sfatul nostru este sa tratati aceste aplicatii cu toata seriozitatea si sinceritatea deoarece omiterea, alterarea sau falsificarea informatiilor constituie FRAUDA, pedepsita conform legii prin amenda si/sau urmarire penala.</p>\n', 'impozitul-pe-bunuri-imobiliare', 153, 1, 1),
(285, 'Налог на недвижимость', '', 'nalog-na-ndvizhimosty', 153, 2, 0),
(286, 'Întrebări frecvente / modele de documente / ghid de taxe și impozite', '', 'intrebari-frecvente-modele-de-documente-ghid-de-taxe-si-impozite', 154, 1, 1),
(287, 'Часто задаваемые вопросы / образцы документов / инструкция по заполнению расчетных документов для уплаты налогов и сборов', '', 'chasto-zadavam-vopros-obrazts-dokumntov-instruktsiya-po-zapolnniyu-raschtnh-dokumntov-dlya-uplat-nalogov-i-sborov', 154, 2, 0),
(288, 'Întrebări frecvente', '', 'intrebari-frecvente-288', 155, 1, 1),
(289, 'Часто задаваемые вопросы', '', 'chasto-zadavam-vopros-289', 155, 2, 0),
(290, 'Modele de documente', '', 'modele-de-documente', 156, 1, 1),
(291, 'Образцы документов', '', 'obrazts-dokumntov', 156, 2, 0),
(292, 'Ghid de achitare a impozitelor', '<h2>Ghid practic: Cum se realizeaza plata online a taxelor si impozitelor?</h2>\n\n<p>De peste trei ani, contribuabilii au posibilitatea de a-si plati online taxele si impozitele, prin intermediul ghiseului virtual de plati. Conform reglementarilor in vigoare, sunt acceptate toate mijloacele electronice de plata online (internet banking, mobile banking, plata cu cardul), iar contribuabilii nu platesc comision atunci cand isi achita obligatiile in acest fel. Pentru ca la sfarsitul anului 2013, s-au introdus noi prevederi in domeniu, va prezentam astazi un ghid complet al procedurii de plata online a taxelor si impozitelor.</p>\n\n<h2>Plata online a taxelor si impozitelor</h2>\n\n<p>Conform portalului&nbsp;<a href="https://www.ghiseul.ro/ghiseul/public/" style="color: rgb(51, 99, 144); text-decoration: none; outline: none;" target="_blank"><strong>www.ghiseul.ro</strong></a>, prin intermediul caruia se realizeaza platile online, SNEP pune la dispozitia utilizatorilor doua sectiuni, una de plata cu autentificare si una de plata fara autentificare.</p>\n\n<p>Astfel, pentru&nbsp;<span style="color:rgb(128, 0, 0)"><strong>sectiunea de plata cu autentificare,&nbsp;</strong></span>sunt necesare credentiale, adica un nume de utilizator si o parola, care se genereaza automat in momentul in care s-a finalizat procesul de inregistrare in sistem a primariei de care apartine contribuabilul. Numele de utilizator si parola sunt transmise in plic sigilat prin mijloace sigure de catre institutia publica, ulterior inregistrarii in SNEP.</p>\n', 'ghid-de-achitare-a-impozitelor', 157, 1, 1),
(293, 'Инструкция по заполнению расчетных документов для уплаты налогов и сборов', '', 'instruktsiya-po-zapolnniyu-raschtnh-dokumntov-dlya-uplat-nalogov-i-sborov', 157, 2, 0),
(294, 'Investește în orașul xxxxxxxxx', '<h2 style="text-align: justify;">&bdquo;Investind &icirc;n educaţie, investim &icirc;n viitorul oraşului!&rdquo;</h2>\n\n<p style="text-align: justify;">&Icirc;n această perioadă premergătoare &icirc;nceperii noului an şcolar, sunt finalizate majoritatea lucrărilor de reabilitare şi modernizare la unităţile de &icirc;nvăţăm&acirc;nt din oraş. Potrivit specialiştilor din cadrul Direcţiei Şcoli a Municipiului, au fost terminate lucrările de hidroizolaţii şi reparaţii şarpante. Au fost executate reparaţii la pardoselile sălilor de sport de la Colegiul Economic &bdquo;Transilvania&rdquo;, Liceul Tehnologic &bdquo;Avram Iancu&rdquo;, Liceul Tehnologic &bdquo;Gheorghe Şincai&rdquo;.</p>\n\n<p style="text-align: justify;">La Şcolile gimnaziale &bdquo;Europa&rdquo; şi Beşa au fost amenajate grupuri sanitare, iar grupul sanitar de la Şcoala Gimnazială &bdquo;Dacia&rdquo; corp A a fost complet reabilitat. Tot aici au fost &icirc;nlocuite sistemele de iluminat convenţionale cu sisteme economice tip LED. T&acirc;mplăria de lemn a fost &icirc;nlocuită cu t&acirc;mplărie PVC la Şcoala Gimnazială &bdquo;George Coşbuc&rdquo; şi la Şcoala generală nr. 7 corp A.</p>\n\n<p style="text-align: justify;">Sunt realizate &icirc;n proporţie de 30% modernizarea şi mansardarea Grădiniţei cu program prelungit nr. 16 &ndash; principala investiţie &ndash; şi au fost demarate lucrări de reabilitare a grupurilor sanitare la Liceul Tehnologic &bdquo;Electromureş&rdquo;, Şcoala Gimnazială &bdquo;Mihai Viteazu&rdquo; şi la Grădiniţa cu program prelungit &bdquo;Paradisul Copilăriei&rdquo;. Totodată, sunt &icirc;n curs de reabilitare aleile pietonale de la Şcoala Gimnazială &bdquo;Europa&rdquo; şi sunt executate lucrări de &icirc;nlocuire a t&acirc;mplăriei de lemn cu t&acirc;mplărie PVC la sala de sport a Liceului Pedagogic &bdquo;Mihai Eminescu&rdquo;. &Icirc;n paralel, se fac verificări tehnice şi reparaţii integrale la centralele termice ale unităţilor de &icirc;nvăţăm&acirc;nt, fiind contractate lucrări de reabilitare a aleilor pietonale la Grădiniţa cu program prelungit nr. 15 şi pentru diferite reparaţii la &icirc;mprejmuirile şcolilor şi grădiniţelor.</p>\n', 'investeste-in-orasul-xxxxxxxxx', 158, 1, 1),
(295, 'Инвестируйте в город xxxxxxxxx', '', 'invstiruyt-v-gorod-xxxxxxxxx', 158, 2, 0),
(296, 'Cum să înregistrezi o societate comercială', '<p>O&nbsp;<strong>societate comercială</strong>&nbsp;(<a href="http://ro.wikipedia.org/wiki/Abreviere" style="text-decoration: none; color: rgb(11, 0, 128); background: none;" title="Abreviere">abreviat</a>&nbsp;<strong>S.C.</strong>) reprezintă o&nbsp;<a class="new" href="http://ro.wikipedia.org/w/index.php?title=Asocia%C8%9Bie&amp;action=edit&amp;redlink=1" style="text-decoration: none; color: rgb(165, 88, 88); background: none;" title="Asociație — pagină inexistentă">asociație</a>&nbsp;de&nbsp;<a class="mw-redirect" href="http://ro.wikipedia.org/wiki/Om_de_afaceri" style="text-decoration: none; color: rgb(11, 0, 128); background: none;" title="Om de afaceri">oameni de afaceri</a>&nbsp;alcătuită pe baza unor&nbsp;<a class="new" href="http://ro.wikipedia.org/w/index.php?title=Investi%C8%9Bie&amp;action=edit&amp;redlink=1" style="text-decoration: none; color: rgb(165, 88, 88); background: none;" title="Investiție — pagină inexistentă">investiții</a>&nbsp;de&nbsp;<a href="http://ro.wikipedia.org/wiki/Capital_(economie)" style="text-decoration: none; color: rgb(11, 0, 128); background: none;" title="Capital (economie)">capital</a>, urmărindu-se obținerea unor beneficii comune. Societatea comercială este uneori privită ca subordonată&nbsp;<a class="mw-redirect" href="http://ro.wikipedia.org/wiki/%C3%8Entreprindere" style="text-decoration: none; color: rgb(11, 0, 128); background: none;" title="Întreprindere">&icirc;ntreprinderii</a>&nbsp;(companiei).</p>\n\n<p>Există&nbsp;<strong>societăți &icirc;n nume colectiv</strong>, &icirc;n cazul cărora se asociază un număr mic de persoane &icirc;n vederea &icirc;ntemeierii unei &icirc;ntreprinderi&nbsp;<a href="http://ro.wikipedia.org/wiki/Comer%C8%9B" style="text-decoration: none; color: rgb(11, 0, 128); background: none;" title="Comerț">comerciale</a>&nbsp;sau&nbsp;<a href="http://ro.wikipedia.org/wiki/Industrie" style="text-decoration: none; color: rgb(11, 0, 128); background: none;" title="Industrie">industriale</a>. Contribuția fiecărei persoane este at&acirc;t sub formă de capital, c&acirc;t și de muncă; obligațiile trebuie asumate nelimitat de către toți asociații.</p>\n\n<p>Distincția dintre societate comercială și &icirc;ntreprindere nu este exprimată &icirc;n termeni riguroși. &Icirc;n diferite limbi, societatea poate fi interpretată ca o &icirc;ntreprindere (companie) de mai mici dimensiuni sau chiar ca echivalent al companiei. Limba rom&acirc;nă atestă o delimitare teoretică &icirc;ntre societate și intreprindere, &icirc;nsă practica este aceea de a denumi &icirc;ntreprinderile, laolaltă cu alte asociații &icirc;n interes de afaceri mai mici, &bdquo;societăți comerciale&rdquo;. Sintagma se plasează ca un prefix, &icirc;naintea denumirii &icirc;ntreprinderi (de exemplu, Societatea Comercială (S.C.) <span style="color:#000099">&bdquo;Compania Națională de Transporturi Aeriene Rom&acirc;ne&rdquo;.</span></p>\n\n<p>Astfel, legea definește cinci diferite tipuri de societăți comerciale ce pot fi constituite.</p>\n\n<ul class="crt">\n	<li><a class="new" href="http://ro.wikipedia.org/w/index.php?title=Societate_%C3%AEn_nume_colectiv&amp;action=edit&amp;redlink=1" style="color: rgb(165, 88, 88); text-decoration: none; background: none;" title="Societate în nume colectiv — pagină inexistentă">Societăți &icirc;n nume colectiv</a></li>\n	<li><a class="new" href="http://ro.wikipedia.org/w/index.php?title=Societate_%C3%AEn_comandit%C4%83_simpl%C4%83&amp;action=edit&amp;redlink=1" style="color: rgb(165, 88, 88); text-decoration: none; background: none;" title="Societate în comandită simplă — pagină inexistentă">Societăți &icirc;n comandită simplă</a></li>\n	<li><a class="new" href="http://ro.wikipedia.org/w/index.php?title=Societate_%C3%AEn_comandit%C4%83_pe_ac%C8%9Biuni&amp;action=edit&amp;redlink=1" style="color: rgb(165, 88, 88); text-decoration: none; background: none;" title="Societate în comandită pe acțiuni — pagină inexistentă">Societăți &icirc;n comandită pe acțiuni</a></li>\n	<li><a href="http://ro.wikipedia.org/wiki/Societate_pe_ac%C8%9Biuni" style="color: rgb(11, 0, 128); text-decoration: none; background: none;" title="Societate pe acțiuni">Societăți pe acțiuni</a></li>\n	<li><a href="http://ro.wikipedia.org/wiki/Societate_cu_r%C4%83spundere_limitat%C4%83" style="color: rgb(11, 0, 128); text-decoration: none; background: none;" title="Societate cu răspundere limitată">Societăți cu răspundere limitată</a></li>\n</ul>\n', 'cum-sa-inregistrezi-o-societate-comerciala', 159, 1, 1),
(297, 'Как зарегистрировать компанию', '', 'kak-zargistrirovaty-kompaniyu', 159, 2, 0),
(298, 'Cum să înregistrezi o gospodărie de fermeri', '<h2>Care este procedura de constituire a gospodăriei ţărăneşti (de fermier)?</h2>\n\n<p>entru constituirea unei gospodării ţărăneşti (de fermier), fondatorii şi potenţialii membri ai acesteia trebuie să &icirc;ntocmească declaraţia de constituire, conţinutul căreia este stabilit de alin. (3), art. 10 al Legii 1353/2000 privind&nbsp;<a href="http://lex.justice.md/index.php?action=view&amp;view=doc&amp;lang=1&amp;id=311579" target="_blank">gospodăriile ţărăneşti (de fermier)</a>. Declaraţia de constituire trebuie autentificată la notar sau la secretarul primăriei.</p>\n\n<p>Pentru &icirc;nregistrarea gospodăriei ţărăneşti, fondatorul trebuie să prezinte la primăria din localitatea unde &icirc;şi are sediul, actele necesare care vor fi supuse unei verificări.</p>\n\n<p>&Icirc;n termen de 7 zile din ziua prezentării documentelor, primăria:</p>\n\n<ul class="crt">\n	<li>va adopta decizia de &icirc;nregistrare a gospodăriei ţărăneşti (de fermier),</li>\n	<li>va efectua &icirc;nscierea datelor &icirc;n Registrul gospodăriilor ţărăneşti şi</li>\n	<li>va elibera certificatul de &icirc;nregistrare sau, după caz, va anunța refuzul &icirc;nregistrării, dacă există vreun temei stabilit de lege (de exemplu: conţinutul actelor prezentate pentru &icirc;nregistrarea gospodăriei ţărăneşti (de fermier) contravin legislaţiei sau conţin date neveridice).</li>\n</ul>\n', 'cum-sa-inregistrezi-o-gospodarie-de-fermeri', 160, 1, 1),
(299, 'Как зарегистрировать фермерское хозяйство', '', 'kak-zargistrirovaty-frmrsko-hozyaystvo', 160, 2, 0),
(300, 'Cum să înregistrezi o întreprindere individuală', '<h2>Ghid practic: Cum infiintezi o intreprindere individuala si ce taxe trebuie sa platesti la stat pentru ea.</h2>\n\n<p>Daca intentionezi sa incepi o afacere mica, poti opta pentru infiintarea unei intreprinderi individuale, insa trebuie sa demonstrezi ca ai o calificare in domeniul de activitate pe care ti l-ai ales. In plus, daca acumulezi datorii, atunci vei raspunde in fata creditorilor cu bunurile proprii. In materialul urmator iti prezentam ce etape trebuie sa parcurgi ca sa infiintezi o intreprindere individuala, ce taxe trebuie sa platesti pentru activitatea prestata si cum tii evidenta contabila. &nbsp; &nbsp;</p>\n\n<h2>Etapele infiintarii unei intreprinderi individuale</h2>\n\n<p>Pentru a infiinta o intreprindere individuala, viitorul titular trebuie sa intocmeasca documentatia necesara pe care sa o depuna la Oficiul Registrului Comertului de pe langa Tribunalul in raza caruia acesta isi stabileste sediul profesional, la ghiseu, prin corespondenta sau prin biroul de asistenta si reprezentare din cadrul primariilor, a declarat pentru AvocatNet.ro avocatul Delia Cozma, din cadrul casei de avocatura Biris Goran.</p>\n\n<p>Prima etapa, prealabila, in procedura de infiintare o reprezinta rezervarea denumirii intreprinderii individuale, prin depunerea la ORCT a cererii de verificare disponibilitate si/sau rezervare firma (original), completata cu trei denumiri, in ordinea preferintelor si achitarea taxei de registru, care in prezent este de 72 lei, a explicat avocatul.</p>\n\n<p>Dovada de rezervare firma se obtine in cursul aceleiasi zile daca cererea de verificare se depune la ghiseul ORCT, a continuat sursa citata.</p>\n\n<p>Important! Numele intreprinderii individuale se compune din numele titularului intreprinderii scris in intregime sau din numele si initiala prenumelui acestuia, la care se adauga sintagma &quot;intreprindere individuala&quot;.</p>\n\n<p>A doua si ultima etapa a infiintarii intreprinderii individuale consta in inregistrarea efectiva la ORCT a cererii de inregistrare si autorizare a functionarii impreuna cu dosarul cuprinzand toate actele necesare pentru infiintarea acesteia, a mai spus Delia Cozma.</p>\n\n<p>&nbsp;</p>\n', 'cum-sa-inregistrezi-o-intreprindere-individuala', 161, 1, 1),
(301, 'Как зарегистрировать индивидуальное предприятие', '', 'kak-zargistrirovaty-individualyno-prdpriyati', 161, 2, 0),
(302, 'Incubatoare de afaceri și companii de consultanță', '', 'incubatoare-de-afaceri-si-companii-de-consultanta', 162, 1, 1),
(303, 'Бизнес-инкубаторы и консалтинговые компании', '', 'bizns-inkubator-i-konsaltingov-kompanii', 162, 2, 0),
(304, 'Autorizația pentru unități comerciale', '', 'autorizatia-pentru-unitati-comerciale', 163, 1, 1),
(305, 'Авторизация для размещения торгового объекта', '', 'avtorizatsiya-dlya-razmshtniya-torgovogo-obakta', 163, 2, 0),
(306, 'Autorizația de construcție', '<table class="atz" style="border-collapse:collapse; border-spacing:0px; border:1px solid rgb(227, 227, 227); box-sizing:border-box; color:rgb(76, 76, 76); font-family:open_sansregular; font-size:17px; line-height:normal; padding:30px 25px; vertical-align:top">\n	<tbody>\n		<tr>\n			<td style="vertical-align:top; width:66px">1.</td>\n			<td style="vertical-align:top">Scopul serviciului public</td>\n			<td style="vertical-align:top; width:504px">\n			<p>Autorizaţia de funcționare este un act administrativ individual ce atestă dreptul titularului autorizaţiei de a desfăşura activitatea &icirc;n unitatea comercială şi/sau de prestări servicii &icirc;n locul (terenul, localul, incinta) stabilit, pentru o perioadă stabilită, cu respectarea obligatorie a condiţiilor de autorizare prevăzute de legislaţie.</p>\n			</td>\n		</tr>\n		<tr>\n			<td style="vertical-align:top; width:66px">2.</td>\n			<td style="vertical-align:top">Planul &icirc;ncăperii nelocative actualizat</td>\n			<td style="vertical-align:top; width:504px">\n			<ol>\n				<li><a href="http://apl.localhost/page/markup/autorizatii" style="box-sizing: border-box; color: rgb(124, 77, 124);">Cerere tipzată (descarcă)</a></li>\n				<li>Extrasul din Registrul de stat al persoanelor juridice și &icirc;ntreprinzătorilor individuali;</li>\n				<li>Certificatul de proprietate asupra imobilului cu destinaţie nelocativă, eliberat de către Oficiul cadastral teritorial. Pentru unităţile amplasate &icirc;n &icirc;ncăperi &icirc;nchiriate urmează să fie prezentat şi contractul de locaţiune;</li>\n				<li>Planul &icirc;ncăperii nelocative actualizat la OCT;</li>\n				<li>Schema de amplasare a unităţii comerciale (pentru gherete, tarabe şi alte unităţi mobile);</li>\n				<li>Contractul de locaţiune sau titlul de autentificare a deţinătorului de teren;</li>\n				<li>Autorizaţia sanitară de funcţionare, pentru toate tipurile de unităţi comerciale şi/sau prestare servicii, iar &icirc;n cazul autorizării magazinelor alimentare şi unităţilor de alimentaţie publică suplimentar şi asortimentul produselor comercializate; Autorizaţia sanitară veterinară de funcţionare</li>\n			</ol>\n			</td>\n		</tr>\n		<tr>\n			<td style="vertical-align:top; width:66px">3.</td>\n			<td style="vertical-align:top">hj gjghj gfh jghj ghf hjghjfg h</td>\n			<td style="vertical-align:top; width:504px">\n			<p>dtf yghdgfhgfh dfgh hgdtf yghdgfhgfh dfgh hgdtf yghdgfhgfh dfgh hgdtf yghdgfhgfh dfgh hgdtf yghdgfhgfh dfgh hgdtf yghdgfhgfh dfgh hgdtf yghdgfhgfh dfgh hgdtf yghdgfhgfh dfgh hgdtf yghdgfhgfh dfgh hgdtf yghdgfhgfh dfgh hgdtf yghdgfhgfh dfgh hgdtf yghdgfhgfh dfgh hgdtf yghdgfhgfh dfgh hgdtf yghdgfhgfh dfgh hgdtf yghdgfhgfh dfgh hgdtf yghdgfhgfh dfgh hgdtf yghdgfhgfh dfgh hgdtf yghdgfhgfh dfgh hgdtf yghdgfhgfh dfgh hgdtf yghdgfhgfh dfgh hgdtf yghdgfhgfh dfgh hgdtf yghdgfhgfh dfgh hgdtf yghdgfhgfh dfgh hgdtf yghdgfhgfh dfgh hgdtf yghdgfhgfh dfgh hgdtf yghdgfhgfh dfgh hgdtf yghdgfhgfh dfgh hgdtf yghdgfhgfh dfgh hgdtf yghdgfhgfh dfgh hgdtf yghdgfhgfh dfgh hgdtf yghdgfhgfh dfgh hgdtf yghdgfhgfh dfgh hgdtf yghdgfhgfh dfgh hgdtf yghdgfhgfh dfgh hgdtf yghdgfhgfh dfgh hgdtf yghdgfhgfh dfgh hgdtf yghdgfhgfh dfgh hgdtf yghdgfhgfh dfgh hgdtf yghdgfhgfh dfgh hgdtf yghdgfhgfh dfgh hgdtf yghdgfhgfh dfgh hgdtf yghdgfhgfh dfgh hgdtf yghdgfhgfh dfgh hgdtf yghdgfhgfh dfgh hgdtf yghdgfhgfh dfgh hgdtf yghdgfhgfh dfgh hgdtf yghdgfhgfh dfgh hgdtf yghdgfhgfh dfgh hgdtf yghdgfhgfh dfgh hgdtf yghdgfhgfh dfgh hg</p>\n			</td>\n		</tr>\n	</tbody>\n</table>\n', 'autorizatia-de-constructie', 164, 1, 1),
(307, 'Разрешение на строительство', '', 'razrshni-na-stroitlystvo', 164, 2, 0),
(308, 'Autorizația de desființare', '<table class="atz" style="border-collapse:collapse; border-spacing:0px; border:1px solid rgb(227, 227, 227); box-sizing:border-box; color:rgb(76, 76, 76); font-family:open_sansregular; font-size:17px; line-height:normal; padding:30px 25px; vertical-align:top">\n	<tbody>\n		<tr>\n			<td style="vertical-align:top; width:66px">1.</td>\n			<td style="vertical-align:top">Scopul serviciului public</td>\n			<td style="vertical-align:top; width:504px">\n			<p>Autorizaţia de funcționare este un act administrativ individual ce atestă dreptul titularului autorizaţiei de a desfăşura activitatea &icirc;n unitatea comercială şi/sau de prestări servicii &icirc;n locul (terenul, localul, incinta) stabilit, pentru o perioadă stabilită, cu respectarea obligatorie a condiţiilor de autorizare prevăzute de legislaţie.</p>\n			</td>\n		</tr>\n		<tr>\n			<td style="vertical-align:top; width:66px">2.</td>\n			<td style="vertical-align:top">Planul &icirc;ncăperii nelocative actualizat</td>\n			<td style="vertical-align:top; width:504px">\n			<ol>\n				<li><a href="http://apl.localhost/page/markup/autorizatii" style="box-sizing: border-box; color: rgb(124, 77, 124);">Cerere tipzată (descarcă)</a></li>\n				<li>Extrasul din Registrul de stat al persoanelor juridice și &icirc;ntreprinzătorilor individuali;</li>\n				<li>Certificatul de proprietate asupra imobilului cu destinaţie nelocativă, eliberat de către Oficiul cadastral teritorial. Pentru unităţile amplasate &icirc;n &icirc;ncăperi &icirc;nchiriate urmează să fie prezentat şi contractul de locaţiune;</li>\n				<li>Planul &icirc;ncăperii nelocative actualizat la OCT;</li>\n				<li>Schema de amplasare a unităţii comerciale (pentru gherete, tarabe şi alte unităţi mobile);</li>\n				<li>Contractul de locaţiune sau titlul de autentificare a deţinătorului de teren;</li>\n				<li>Autorizaţia sanitară de funcţionare, pentru toate tipurile de unităţi comerciale şi/sau prestare servicii, iar &icirc;n cazul autorizării magazinelor alimentare şi unităţilor de alimentaţie publică suplimentar şi asortimentul produselor comercializate; Autorizaţia sanitară veterinară de funcţionare</li>\n			</ol>\n			</td>\n		</tr>\n		<tr>\n			<td style="vertical-align:top; width:66px">3.</td>\n			<td style="vertical-align:top">hj gjghj gfh jghj ghf hjghjfg h</td>\n			<td style="vertical-align:top; width:504px">\n			<p>dtf yghdgfhgfh dfgh hgdtf yghdgfhgfh dfgh hgdtf yghdgfhgfh dfgh hgdtf yghdgfhgfh dfgh hgdtf yghdgfhgfh dfgh hgdtf yghdgfhgfh dfgh hgdtf yghdgfhgfh dfgh hgdtf yghdgfhgfh dfgh hgdtf yghdgfhgfh dfgh hgdtf yghdgfhgfh dfgh hgdtf yghdgfhgfh dfgh hgdtf yghdgfhgfh dfgh hgdtf yghdgfhgfh dfgh hgdtf yghdgfhgfh dfgh hgdtf yghdgfhgfh dfgh hgdtf yghdgfhgfh dfgh hgdtf yghdgfhgfh dfgh hgdtf yghdgfhgfh dfgh hgdtf yghdgfhgfh dfgh hgdtf yghdgfhgfh dfgh hgdtf yghdgfhgfh dfgh hgdtf yghdgfhgfh dfgh hgdtf yghdgfhgfh dfgh hgdtf yghdgfhgfh dfgh hgdtf yghdgfhgfh dfgh hgdtf yghdgfhgfh dfgh hgdtf yghdgfhgfh dfgh hgdtf yghdgfhgfh dfgh hgdtf yghdgfhgfh dfgh hgdtf yghdgfhgfh dfgh hgdtf yghdgfhgfh dfgh hgdtf yghdgfhgfh dfgh hgdtf yghdgfhgfh dfgh hgdtf yghdgfhgfh dfgh hgdtf yghdgfhgfh dfgh hgdtf yghdgfhgfh dfgh hgdtf yghdgfhgfh dfgh hgdtf yghdgfhgfh dfgh hgdtf yghdgfhgfh dfgh hgdtf yghdgfhgfh dfgh hgdtf yghdgfhgfh dfgh hgdtf yghdgfhgfh dfgh hgdtf yghdgfhgfh dfgh hgdtf yghdgfhgfh dfgh hgdtf yghdgfhgfh dfgh hgdtf yghdgfhgfh dfgh hgdtf yghdgfhgfh dfgh hgdtf yghdgfhgfh dfgh hgdtf yghdgfhgfh dfgh hgdtf yghdgfhgfh dfgh hg</p>\n			</td>\n		</tr>\n	</tbody>\n</table>\n', 'autorizatia-de-desfiintare', 165, 1, 1),
(309, 'Разрешение на снос', '', 'razrshni-na-snos', 165, 2, 0),
(310, 'Certificatul de urbanism pentru proiectare', '<table class="atz" style="border-collapse:collapse; border-spacing:0px; border:1px solid rgb(227, 227, 227); box-sizing:border-box; color:rgb(76, 76, 76); font-family:open_sansregular; font-size:17px; line-height:normal; padding:30px 25px; vertical-align:top">\n	<tbody>\n		<tr>\n			<td style="vertical-align:top; width:66px">1.</td>\n			<td style="vertical-align:top">Scopul serviciului public</td>\n			<td style="vertical-align:top; width:504px">\n			<p>Autorizaţia de funcționare este un act administrativ individual ce atestă dreptul titularului autorizaţiei de a desfăşura activitatea &icirc;n unitatea comercială şi/sau de prestări servicii &icirc;n locul (terenul, localul, incinta) stabilit, pentru o perioadă stabilită, cu respectarea obligatorie a condiţiilor de autorizare prevăzute de legislaţie.</p>\n			</td>\n		</tr>\n		<tr>\n			<td style="vertical-align:top; width:66px">2.</td>\n			<td style="vertical-align:top">Planul &icirc;ncăperii nelocative actualizat</td>\n			<td style="vertical-align:top; width:504px">\n			<ol>\n				<li><a href="http://apl.localhost/page/markup/autorizatii" style="box-sizing: border-box; color: rgb(124, 77, 124);">Cerere tipzată (descarcă)</a></li>\n				<li>Extrasul din Registrul de stat al persoanelor juridice și &icirc;ntreprinzătorilor individuali;</li>\n				<li>Certificatul de proprietate asupra imobilului cu destinaţie nelocativă, eliberat de către Oficiul cadastral teritorial. Pentru unităţile amplasate &icirc;n &icirc;ncăperi &icirc;nchiriate urmează să fie prezentat şi contractul de locaţiune;</li>\n				<li>Planul &icirc;ncăperii nelocative actualizat la OCT;</li>\n				<li>Schema de amplasare a unităţii comerciale (pentru gherete, tarabe şi alte unităţi mobile);</li>\n				<li>Contractul de locaţiune sau titlul de autentificare a deţinătorului de teren;</li>\n				<li>Autorizaţia sanitară de funcţionare, pentru toate tipurile de unităţi comerciale şi/sau prestare servicii, iar &icirc;n cazul autorizării magazinelor alimentare şi unităţilor de alimentaţie publică suplimentar şi asortimentul produselor comercializate; Autorizaţia sanitară veterinară de funcţionare</li>\n			</ol>\n			</td>\n		</tr>\n		<tr>\n			<td style="vertical-align:top; width:66px">3.</td>\n			<td style="vertical-align:top">hj gjghj gfh jghj ghf hjghjfg h</td>\n			<td style="vertical-align:top; width:504px">\n			<p>dtf yghdgfhgfh dfgh hgdtf yghdgfhgfh dfgh hgdtf yghdgfhgfh dfgh hgdtf yghdgfhgfh dfgh hgdtf yghdgfhgfh dfgh hgdtf yghdgfhgfh dfgh hgdtf yghdgfhgfh dfgh hgdtf yghdgfhgfh dfgh hgdtf yghdgfhgfh dfgh hgdtf yghdgfhgfh dfgh hgdtf yghdgfhgfh dfgh hgdtf yghdgfhgfh dfgh hgdtf yghdgfhgfh dfgh hgdtf yghdgfhgfh dfgh hgdtf yghdgfhgfh dfgh hgdtf yghdgfhgfh dfgh hgdtf yghdgfhgfh dfgh hgdtf yghdgfhgfh dfgh hgdtf yghdgfhgfh dfgh hgdtf yghdgfhgfh dfgh hgdtf yghdgfhgfh dfgh hgdtf yghdgfhgfh dfgh hgdtf yghdgfhgfh dfgh hgdtf yghdgfhgfh dfgh hgdtf yghdgfhgfh dfgh hgdtf yghdgfhgfh dfgh hgdtf yghdgfhgfh dfgh hgdtf yghdgfhgfh dfgh hgdtf yghdgfhgfh dfgh hgdtf yghdgfhgfh dfgh hgdtf yghdgfhgfh dfgh hgdtf yghdgfhgfh dfgh hgdtf yghdgfhgfh dfgh hgdtf yghdgfhgfh dfgh hgdtf yghdgfhgfh dfgh hgdtf yghdgfhgfh dfgh hgdtf yghdgfhgfh dfgh hgdtf yghdgfhgfh dfgh hgdtf yghdgfhgfh dfgh hgdtf yghdgfhgfh dfgh hgdtf yghdgfhgfh dfgh hgdtf yghdgfhgfh dfgh hgdtf yghdgfhgfh dfgh hgdtf yghdgfhgfh dfgh hgdtf yghdgfhgfh dfgh hgdtf yghdgfhgfh dfgh hgdtf yghdgfhgfh dfgh hgdtf yghdgfhgfh dfgh hgdtf yghdgfhgfh dfgh hgdtf yghdgfhgfh dfgh hg</p>\n			</td>\n		</tr>\n	</tbody>\n</table>\n', 'certificatul-de-urbanism-pentru-proiectare', 166, 1, 1),
(311, 'Градостроительный сертификат для проектирования', '', 'gradostroitlyny-srtifikat-dlya-proktirovaniya', 166, 2, 0),
(312, 'Certificat privind lipsa / existența restanțelor', '<table class="atz" style="border-collapse:collapse; border-spacing:0px; border:1px solid rgb(227, 227, 227); box-sizing:border-box; color:rgb(76, 76, 76); font-family:open_sansregular; font-size:17px; line-height:normal; padding:30px 25px; vertical-align:top">\n	<tbody>\n		<tr>\n			<td style="vertical-align:top; width:66px">1.</td>\n			<td style="vertical-align:top">Scopul serviciului public</td>\n			<td style="vertical-align:top; width:504px">\n			<p>Autorizaţia de funcționare este un act administrativ individual ce atestă dreptul titularului autorizaţiei de a desfăşura activitatea &icirc;n unitatea comercială şi/sau de prestări servicii &icirc;n locul (terenul, localul, incinta) stabilit, pentru o perioadă stabilită, cu respectarea obligatorie a condiţiilor de autorizare prevăzute de legislaţie.</p>\n			</td>\n		</tr>\n		<tr>\n			<td style="vertical-align:top; width:66px">2.</td>\n			<td style="vertical-align:top">Planul &icirc;ncăperii nelocative actualizat</td>\n			<td style="vertical-align:top; width:504px">\n			<ol>\n				<li><a href="http://apl.localhost/page/markup/autorizatii" style="box-sizing: border-box; color: rgb(124, 77, 124);">Cerere tipzată (descarcă)</a></li>\n				<li>Extrasul din Registrul de stat al persoanelor juridice și &icirc;ntreprinzătorilor individuali;</li>\n				<li>Certificatul de proprietate asupra imobilului cu destinaţie nelocativă, eliberat de către Oficiul cadastral teritorial. Pentru unităţile amplasate &icirc;n &icirc;ncăperi &icirc;nchiriate urmează să fie prezentat şi contractul de locaţiune;</li>\n				<li>Planul &icirc;ncăperii nelocative actualizat la OCT;</li>\n				<li>Schema de amplasare a unităţii comerciale (pentru gherete, tarabe şi alte unităţi mobile);</li>\n				<li>Contractul de locaţiune sau titlul de autentificare a deţinătorului de teren;</li>\n				<li>Autorizaţia sanitară de funcţionare, pentru toate tipurile de unităţi comerciale şi/sau prestare servicii, iar &icirc;n cazul autorizării magazinelor alimentare şi unităţilor de alimentaţie publică suplimentar şi asortimentul produselor comercializate; Autorizaţia sanitară veterinară de funcţionare</li>\n			</ol>\n			</td>\n		</tr>\n		<tr>\n			<td style="vertical-align:top; width:66px">3.</td>\n			<td style="vertical-align:top">hj gjghj gfh jghj ghf hjghjfg h</td>\n			<td style="vertical-align:top; width:504px">\n			<p>dtf yghdgfhgfh dfgh hgdtf yghdgfhgfh dfgh hgdtf yghdgfhgfh dfgh hgdtf yghdgfhgfh dfgh hgdtf yghdgfhgfh dfgh hgdtf yghdgfhgfh dfgh hgdtf yghdgfhgfh dfgh hgdtf yghdgfhgfh dfgh hgdtf yghdgfhgfh dfgh hgdtf yghdgfhgfh dfgh hgdtf yghdgfhgfh dfgh hgdtf yghdgfhgfh dfgh hgdtf yghdgfhgfh dfgh hgdtf yghdgfhgfh dfgh hgdtf yghdgfhgfh dfgh hgdtf yghdgfhgfh dfgh hgdtf yghdgfhgfh dfgh hgdtf yghdgfhgfh dfgh hgdtf yghdgfhgfh dfgh hgdtf yghdgfhgfh dfgh hgdtf yghdgfhgfh dfgh hgdtf yghdgfhgfh dfgh hgdtf yghdgfhgfh dfgh hgdtf yghdgfhgfh dfgh hgdtf yghdgfhgfh dfgh hgdtf yghdgfhgfh dfgh hgdtf yghdgfhgfh dfgh hgdtf yghdgfhgfh dfgh hgdtf yghdgfhgfh dfgh hgdtf yghdgfhgfh dfgh hgdtf yghdgfhgfh dfgh hgdtf yghdgfhgfh dfgh hgdtf yghdgfhgfh dfgh hgdtf yghdgfhgfh dfgh hgdtf yghdgfhgfh dfgh hgdtf yghdgfhgfh dfgh hgdtf yghdgfhgfh dfgh hgdtf yghdgfhgfh dfgh hgdtf yghdgfhgfh dfgh hgdtf yghdgfhgfh dfgh hgdtf yghdgfhgfh dfgh hgdtf yghdgfhgfh dfgh hgdtf yghdgfhgfh dfgh hgdtf yghdgfhgfh dfgh hgdtf yghdgfhgfh dfgh hgdtf yghdgfhgfh dfgh hgdtf yghdgfhgfh dfgh hgdtf yghdgfhgfh dfgh hgdtf yghdgfhgfh dfgh hgdtf yghdgfhgfh dfgh hg</p>\n			</td>\n		</tr>\n	</tbody>\n</table>\n', 'certificat-privind-lipsa-existenta-restantelor', 167, 1, 1),
(313, 'Сертификат об отсутствии / наличии задолженности', '', 'srtifikat-ob-otsutstvii-nalichii-zadolzhnnosti', 167, 2, 0);
INSERT INTO `apl_post_lang` (`id`, `title`, `text`, `uri`, `post_id`, `lang_id`, `enabled`) VALUES
(314, 'Certificat privind componența familiei', '<table class="atz" style="border-collapse:collapse; border-spacing:0px; border:1px solid rgb(227, 227, 227); box-sizing:border-box; color:rgb(76, 76, 76); font-family:open_sansregular; font-size:17px; line-height:normal; padding:30px 25px; vertical-align:top">\n	<tbody>\n		<tr>\n			<td style="vertical-align:top; width:66px">1.</td>\n			<td style="vertical-align:top">Scopul serviciului public</td>\n			<td style="vertical-align:top; width:504px">\n			<p>Autorizaţia de funcționare este un act administrativ individual ce atestă dreptul titularului autorizaţiei de a desfăşura activitatea &icirc;n unitatea comercială şi/sau de prestări servicii &icirc;n locul (terenul, localul, incinta) stabilit, pentru o perioadă stabilită, cu respectarea obligatorie a condiţiilor de autorizare prevăzute de legislaţie.</p>\n			</td>\n		</tr>\n		<tr>\n			<td style="vertical-align:top; width:66px">2.</td>\n			<td style="vertical-align:top">Planul &icirc;ncăperii nelocative actualizat</td>\n			<td style="vertical-align:top; width:504px">\n			<ol>\n				<li><a href="http://apl.localhost/page/markup/autorizatii" style="box-sizing: border-box; color: rgb(124, 77, 124);">Cerere tipzată (descarcă)</a></li>\n				<li>Extrasul din Registrul de stat al persoanelor juridice și &icirc;ntreprinzătorilor individuali;</li>\n				<li>Certificatul de proprietate asupra imobilului cu destinaţie nelocativă, eliberat de către Oficiul cadastral teritorial. Pentru unităţile amplasate &icirc;n &icirc;ncăperi &icirc;nchiriate urmează să fie prezentat şi contractul de locaţiune;</li>\n				<li>Planul &icirc;ncăperii nelocative actualizat la OCT;</li>\n				<li>Schema de amplasare a unităţii comerciale (pentru gherete, tarabe şi alte unităţi mobile);</li>\n				<li>Contractul de locaţiune sau titlul de autentificare a deţinătorului de teren;</li>\n				<li>Autorizaţia sanitară de funcţionare, pentru toate tipurile de unităţi comerciale şi/sau prestare servicii, iar &icirc;n cazul autorizării magazinelor alimentare şi unităţilor de alimentaţie publică suplimentar şi asortimentul produselor comercializate; Autorizaţia sanitară veterinară de funcţionare</li>\n			</ol>\n			</td>\n		</tr>\n		<tr>\n			<td style="vertical-align:top; width:66px">3.</td>\n			<td style="vertical-align:top">hj gjghj gfh jghj ghf hjghjfg h</td>\n			<td style="vertical-align:top; width:504px">\n			<p>dtf yghdgfhgfh dfgh hgdtf yghdgfhgfh dfgh hgdtf yghdgfhgfh dfgh hgdtf yghdgfhgfh dfgh hgdtf yghdgfhgfh dfgh hgdtf yghdgfhgfh dfgh hgdtf yghdgfhgfh dfgh hgdtf yghdgfhgfh dfgh hgdtf yghdgfhgfh dfgh hgdtf yghdgfhgfh dfgh hgdtf yghdgfhgfh dfgh hgdtf yghdgfhgfh dfgh hgdtf yghdgfhgfh dfgh hgdtf yghdgfhgfh dfgh hgdtf yghdgfhgfh dfgh hgdtf yghdgfhgfh dfgh hgdtf yghdgfhgfh dfgh hgdtf yghdgfhgfh dfgh hgdtf yghdgfhgfh dfgh hgdtf yghdgfhgfh dfgh hgdtf yghdgfhgfh dfgh hgdtf yghdgfhgfh dfgh hgdtf yghdgfhgfh dfgh hgdtf yghdgfhgfh dfgh hgdtf yghdgfhgfh dfgh hgdtf yghdgfhgfh dfgh hgdtf yghdgfhgfh dfgh hgdtf yghdgfhgfh dfgh hgdtf yghdgfhgfh dfgh hgdtf yghdgfhgfh dfgh hgdtf yghdgfhgfh dfgh hgdtf yghdgfhgfh dfgh hgdtf yghdgfhgfh dfgh hgdtf yghdgfhgfh dfgh hgdtf yghdgfhgfh dfgh hgdtf yghdgfhgfh dfgh hgdtf yghdgfhgfh dfgh hgdtf yghdgfhgfh dfgh hgdtf yghdgfhgfh dfgh hgdtf yghdgfhgfh dfgh hgdtf yghdgfhgfh dfgh hgdtf yghdgfhgfh dfgh hgdtf yghdgfhgfh dfgh hgdtf yghdgfhgfh dfgh hgdtf yghdgfhgfh dfgh hgdtf yghdgfhgfh dfgh hgdtf yghdgfhgfh dfgh hgdtf yghdgfhgfh dfgh hgdtf yghdgfhgfh dfgh hgdtf yghdgfhgfh dfgh hg</p>\n			</td>\n		</tr>\n	</tbody>\n</table>\n', 'certificat-privind-componenta-familiei', 168, 1, 1),
(315, 'Удостоверение о составе семьи', '', 'udostovrni-o-sostav-smyi', 168, 2, 0),
(316, 'Certificate necesare pentru construcția casei sau a unui obiectiv comercial', '<table class="atz" style="border-collapse:collapse; border-spacing:0px; border:1px solid rgb(227, 227, 227); box-sizing:border-box; color:rgb(76, 76, 76); font-family:open_sansregular; font-size:17px; line-height:normal; padding:30px 25px; vertical-align:top">\n	<tbody>\n		<tr>\n			<td style="vertical-align:top; width:66px">1.</td>\n			<td style="vertical-align:top">Scopul serviciului public</td>\n			<td style="vertical-align:top; width:504px">\n			<p>Autorizaţia de funcționare este un act administrativ individual ce atestă dreptul titularului autorizaţiei de a desfăşura activitatea &icirc;n unitatea comercială şi/sau de prestări servicii &icirc;n locul (terenul, localul, incinta) stabilit, pentru o perioadă stabilită, cu respectarea obligatorie a condiţiilor de autorizare prevăzute de legislaţie.</p>\n			</td>\n		</tr>\n		<tr>\n			<td style="vertical-align:top; width:66px">2.</td>\n			<td style="vertical-align:top">Planul &icirc;ncăperii nelocative actualizat</td>\n			<td style="vertical-align:top; width:504px">\n			<ol>\n				<li><a href="http://apl.localhost/page/markup/autorizatii" style="box-sizing: border-box; color: rgb(124, 77, 124);">Cerere tipzată (descarcă)</a></li>\n				<li>Extrasul din Registrul de stat al persoanelor juridice și &icirc;ntreprinzătorilor individuali;</li>\n				<li>Certificatul de proprietate asupra imobilului cu destinaţie nelocativă, eliberat de către Oficiul cadastral teritorial. Pentru unităţile amplasate &icirc;n &icirc;ncăperi &icirc;nchiriate urmează să fie prezentat şi contractul de locaţiune;</li>\n				<li>Planul &icirc;ncăperii nelocative actualizat la OCT;</li>\n				<li>Schema de amplasare a unităţii comerciale (pentru gherete, tarabe şi alte unităţi mobile);</li>\n				<li>Contractul de locaţiune sau titlul de autentificare a deţinătorului de teren;</li>\n				<li>Autorizaţia sanitară de funcţionare, pentru toate tipurile de unităţi comerciale şi/sau prestare servicii, iar &icirc;n cazul autorizării magazinelor alimentare şi unităţilor de alimentaţie publică suplimentar şi asortimentul produselor comercializate; Autorizaţia sanitară veterinară de funcţionare</li>\n			</ol>\n			</td>\n		</tr>\n		<tr>\n			<td style="vertical-align:top; width:66px">3.</td>\n			<td style="vertical-align:top">hj gjghj gfh jghj ghf hjghjfg h</td>\n			<td style="vertical-align:top; width:504px">\n			<p>dtf yghdgfhgfh dfgh hgdtf yghdgfhgfh dfgh hgdtf yghdgfhgfh dfgh hgdtf yghdgfhgfh dfgh hgdtf yghdgfhgfh dfgh hgdtf yghdgfhgfh dfgh hgdtf yghdgfhgfh dfgh hgdtf yghdgfhgfh dfgh hgdtf yghdgfhgfh dfgh hgdtf yghdgfhgfh dfgh hgdtf yghdgfhgfh dfgh hgdtf yghdgfhgfh dfgh hgdtf yghdgfhgfh dfgh hgdtf yghdgfhgfh dfgh hgdtf yghdgfhgfh dfgh hgdtf yghdgfhgfh dfgh hgdtf yghdgfhgfh dfgh hgdtf yghdgfhgfh dfgh hgdtf yghdgfhgfh dfgh hgdtf yghdgfhgfh dfgh hgdtf yghdgfhgfh dfgh hgdtf yghdgfhgfh dfgh hgdtf yghdgfhgfh dfgh hgdtf yghdgfhgfh dfgh hgdtf yghdgfhgfh dfgh hgdtf yghdgfhgfh dfgh hgdtf yghdgfhgfh dfgh hgdtf yghdgfhgfh dfgh hgdtf yghdgfhgfh dfgh hgdtf yghdgfhgfh dfgh hgdtf yghdgfhgfh dfgh hgdtf yghdgfhgfh dfgh hgdtf yghdgfhgfh dfgh hgdtf yghdgfhgfh dfgh hgdtf yghdgfhgfh dfgh hgdtf yghdgfhgfh dfgh hgdtf yghdgfhgfh dfgh hgdtf yghdgfhgfh dfgh hgdtf yghdgfhgfh dfgh hgdtf yghdgfhgfh dfgh hgdtf yghdgfhgfh dfgh hgdtf yghdgfhgfh dfgh hgdtf yghdgfhgfh dfgh hgdtf yghdgfhgfh dfgh hgdtf yghdgfhgfh dfgh hgdtf yghdgfhgfh dfgh hgdtf yghdgfhgfh dfgh hgdtf yghdgfhgfh dfgh hgdtf yghdgfhgfh dfgh hgdtf yghdgfhgfh dfgh hg</p>\n			</td>\n		</tr>\n	</tbody>\n</table>\n', 'certificate-necesare-pentru-constructia-casei-sau-a-unui-obiectiv-comercial', 169, 1, 1),
(317, 'Необходимые сертификаты для строительства дома или коммерческого объекта', '', 'nobhodim-srtifikat-dlya-stroitlystva-doma-ili-kommrchskogo-obakta', 169, 2, 0),
(320, 'Biblioteca, muzeul și teatrul', '', 'biblioteca-muzeul-si-teatrul', 171, 1, 1),
(321, 'Библиотека, музей и театр', '', 'bibliotka-muzy-i-tatr', 171, 2, 0),
(322, 'Întrebări frecvente / modele de cereri / ghid completare a cererii', '', 'intrebari-frecvente-modele-de-cereri-ghid-completare-a-cererii', 172, 1, 1),
(323, 'Часто задаваемые вопросы / образцы заявлений / инструкция по заполнению заявления', '', 'chasto-zadavam-vopros-obrazts-zayavlniy-instruktsiya-po-zapolnniyu-zayavlniya', 172, 2, 0),
(324, 'Întrebări frecvente', '', 'intrebari-frecvente-324', 173, 1, 1),
(325, 'Часто задаваемые вопросы', '', 'chasto-zadavam-vopros-325', 173, 2, 0),
(326, 'Modele de cereri', '', 'modele-de-cereri-326', 174, 1, 1),
(327, 'Образцы заявлений', '', 'obrazts-zayavlniy-327', 174, 2, 0),
(328, 'Ghid completare a cererii', '<h2>Acest Ghid cuprinde informații detaliate privind modalitatea de&nbsp;completare şi transmitere a unei cereri de finanțare &icirc;n cadrul tuturor&nbsp;cererilor de propuneri de proiecte finanțate din POSDRU.&nbsp;</h2>\n\n<p style="text-align:justify"><br />\nAMPOSDRU a simplificat procedura de completare şi transmitere a unei cereri&nbsp;de finanțare pentru POS DRU, de la patru la trei etape.&nbsp;Astfel, numai 3 etape simple pentru a contribui la dezvoltarea şi la calitatea&nbsp;a ceea reprezintă pentru noi cea mai importantă resursă: persoana.&nbsp;Formularul cererii de finanțare este acum &icirc;n &icirc;ntregime electronic şi&nbsp;este conceput pentru a simplifica şi a da transparență &icirc;ntregului proces.&nbsp;&Icirc;n versiunea simplificată a ActionWeb NU se mai descarcă şi &icirc;ncarcă ulterior &icirc;n&nbsp;sistem Anexa 1 &bdquo;Cererea de finanțare&rdquo; &ndash; &icirc;ntregul formular se completează&nbsp;electronic.&nbsp;Fiecare pagină a formularului vă conduce pas cu pas &icirc;n descrierea ideii&nbsp;dumneavoastră de proiect oferind sprijin şi explicații &icirc;n fiecare etapă,&nbsp;simplific&acirc;nd &icirc;n acest fel prezentarea aplicației.</p>\n\n<p style="text-align:justify">&nbsp;</p>\n\n<h2 style="text-align:justify">Cum se completează cererea de finanțare&nbsp;</h2>\n\n<p>&Icirc;n vederea completării şi transmiterii unei cereri de finanțare &icirc;n cadrul cererilor de propuneri&nbsp;de proiecte finanțate prin POS DRU, vă rugăm să accesați pagina de internet a AMPOSDRU,&nbsp;respectiv&nbsp;<a href="http://fseromania.ro">www.fseromania.ro</a>, secțiunea&nbsp;<u>&bdquo;Cerere de propuneri de proiecte&rdquo;</u>, link&nbsp;<strong>ActionWeb</strong>.&nbsp;Toate cererile de finanțare pentru POSDRU se completează şi se transmit electronic.&nbsp;</p>\n', 'ghid-completare-a-cererii', 175, 1, 1),
(329, 'Инструкция по заполнению заявления', '', 'instruktsiya-po-zapolnniyu-zayavlniya-329', 175, 2, 0),
(330, 'Grădinițe, gimnazii, licee', '<p><a href="http://docs.cksource.com/CKEditor_3.x/Users_Guide/Interface/Context_Menu">drgdgsd</a></p>\n', 'gradinite-gimnazii-licee', 176, 1, 1),
(331, 'Детские сады, гимназии, лицеи', '', 'dtski-sad-gimnazii-litsi', 176, 2, 0),
(332, 'Colegiul și universitatea', '', 'colegiul-si-universitatea', 177, 1, 1),
(333, 'Колледж и университет', '', 'kolldzh-i-univrsitt', 177, 2, 0),
(334, 'Parcuri, zone de odihnă și sport', '', 'parcuri-zone-de-odihna-si-sport', 178, 1, 1),
(335, 'Парки, зоны отдыха и спорт', '', 'parki-zon-otdha-i-sport', 178, 2, 0),
(336, 'Atracții turistice', '', 'atractii-turistice', 179, 1, 1),
(337, 'Достопримечательности', '', 'dostoprimchatlynosti', 179, 2, 0),
(338, 'Despre oraș', '', 'despre-oras', 180, 1, 1),
(339, 'О городе', '', 'o-gorod', 180, 2, 0),
(340, 'Cum să ajungi în oraș / amplasarea geografică', '<div>&nbsp;</div>\n\n<div>\n<div class="city" style="box-sizing: border-box;">\n<div id="map-canvas2" style="box-sizing: border-box; width: 100%; height: 310px; position: relative; overflow: hidden; -webkit-transform: translateZ(0px); background-color: rgb(229, 227, 223);">\n<div class="gm-style" style="box-sizing: border-box; font-family: Roboto, Arial, sans-serif; font-size: 11px; position: absolute; left: 0px; top: 0px; overflow: hidden; width: 870.390625px; height: 310px; z-index: 0;">\n<div style="box-sizing: border-box; position: absolute; left: 0px; top: 0px; overflow: hidden; width: 870.390625px; height: 310px; z-index: 0; cursor: url(https://maps.gstatic.com/mapfiles/openhand_8_8.cur) 8 8, default;">\n<div style="box-sizing: border-box; position: absolute; left: 0px; top: 0px; z-index: 1; width: 870.390625px; transform-origin: 471px 222px 0px; transform: matrix(1, 0, 0, 1, 0, 0);">\n<div style="box-sizing: border-box; -webkit-transform: translateZ(0px); position: absolute; left: 0px; top: 0px; z-index: 100; width: 870.390625px;">\n<div style="box-sizing: border-box; position: absolute; left: 0px; top: 0px; z-index: 0;">\n<div style="box-sizing: border-box; position: absolute; left: 0px; top: 0px; z-index: 1;">\n<div style="box-sizing: border-box; width: 256px; height: 256px; -webkit-transform: translateZ(0px); position: absolute; left: 408px; top: 81px;">&nbsp;</div>\n\n<div style="box-sizing: border-box; width: 256px; height: 256px; -webkit-transform: translateZ(0px); position: absolute; left: 152px; top: 81px;">&nbsp;</div>\n\n<div style="box-sizing: border-box; width: 256px; height: 256px; -webkit-transform: translateZ(0px); position: absolute; left: 408px; top: -175px;">&nbsp;</div>\n\n<div style="box-sizing: border-box; width: 256px; height: 256px; -webkit-transform: translateZ(0px); position: absolute; left: 408px; top: 337px;">&nbsp;</div>\n\n<div style="box-sizing: border-box; width: 256px; height: 256px; -webkit-transform: translateZ(0px); position: absolute; left: 664px; top: 81px;">&nbsp;</div>\n\n<div style="box-sizing: border-box; width: 256px; height: 256px; -webkit-transform: translateZ(0px); position: absolute; left: 152px; top: 337px;">&nbsp;</div>\n\n<div style="box-sizing: border-box; width: 256px; height: 256px; -webkit-transform: translateZ(0px); position: absolute; left: 152px; top: -175px;">&nbsp;</div>\n\n<div style="box-sizing: border-box; width: 256px; height: 256px; -webkit-transform: translateZ(0px); position: absolute; left: 664px; top: -175px;">&nbsp;</div>\n\n<div style="box-sizing: border-box; width: 256px; height: 256px; -webkit-transform: translateZ(0px); position: absolute; left: 664px; top: 337px;">&nbsp;</div>\n\n<div style="box-sizing: border-box; width: 256px; height: 256px; -webkit-transform: translateZ(0px); position: absolute; left: 920px; top: 81px;">&nbsp;</div>\n\n<div style="box-sizing: border-box; width: 256px; height: 256px; -webkit-transform: translateZ(0px); position: absolute; left: -104px; top: 81px;">&nbsp;</div>\n\n<div style="box-sizing: border-box; width: 256px; height: 256px; -webkit-transform: translateZ(0px); position: absolute; left: -104px; top: -175px;">&nbsp;</div>\n\n<div style="box-sizing: border-box; width: 256px; height: 256px; -webkit-transform: translateZ(0px); position: absolute; left: 920px; top: -175px;">&nbsp;</div>\n\n<div style="box-sizing: border-box; width: 256px; height: 256px; -webkit-transform: translateZ(0px); position: absolute; left: -104px; top: 337px;">&nbsp;</div>\n\n<div style="box-sizing: border-box; width: 256px; height: 256px; -webkit-transform: translateZ(0px); position: absolute; left: 920px; top: 337px;">&nbsp;</div>\n</div>\n</div>\n</div>\n\n<div style="box-sizing: border-box; -webkit-transform: translateZ(0px); position: absolute; left: 0px; top: 0px; z-index: 101; width: 870.390625px;">&nbsp;</div>\n\n<div style="box-sizing: border-box; -webkit-transform: translateZ(0px); position: absolute; left: 0px; top: 0px; z-index: 102; width: 870.390625px;">&nbsp;</div>\n\n<div style="box-sizing: border-box; -webkit-transform: translateZ(0px); position: absolute; left: 0px; top: 0px; z-index: 103; width: 870.390625px;">\n<div style="box-sizing: border-box; position: absolute; left: 0px; top: 0px; z-index: -1;">\n<div style="box-sizing: border-box; position: absolute; left: 0px; top: 0px; z-index: 1;">\n<div style="box-sizing: border-box; width: 256px; height: 256px; overflow: hidden; -webkit-transform: translateZ(0px); position: absolute; left: 408px; top: 81px;">&nbsp;</div>\n\n<div style="box-sizing: border-box; width: 256px; height: 256px; overflow: hidden; -webkit-transform: translateZ(0px); position: absolute; left: 152px; top: 81px;">&nbsp;</div>\n\n<div style="box-sizing: border-box; width: 256px; height: 256px; overflow: hidden; -webkit-transform: translateZ(0px); position: absolute; left: 408px; top: -175px;">&nbsp;</div>\n\n<div style="box-sizing: border-box; width: 256px; height: 256px; overflow: hidden; -webkit-transform: translateZ(0px); position: absolute; left: 408px; top: 337px;">&nbsp;</div>\n\n<div style="box-sizing: border-box; width: 256px; height: 256px; overflow: hidden; -webkit-transform: translateZ(0px); position: absolute; left: 664px; top: 81px;">&nbsp;</div>\n\n<div style="box-sizing: border-box; width: 256px; height: 256px; overflow: hidden; -webkit-transform: translateZ(0px); position: absolute; left: 152px; top: 337px;">&nbsp;</div>\n\n<div style="box-sizing: border-box; width: 256px; height: 256px; overflow: hidden; -webkit-transform: translateZ(0px); position: absolute; left: 152px; top: -175px;">&nbsp;</div>\n\n<div style="box-sizing: border-box; width: 256px; height: 256px; overflow: hidden; -webkit-transform: translateZ(0px); position: absolute; left: 664px; top: -175px;">&nbsp;</div>\n\n<div style="box-sizing: border-box; width: 256px; height: 256px; overflow: hidden; -webkit-transform: translateZ(0px); position: absolute; left: 664px; top: 337px;">&nbsp;</div>\n\n<div style="box-sizing: border-box; width: 256px; height: 256px; overflow: hidden; -webkit-transform: translateZ(0px); position: absolute; left: 920px; top: 81px;">&nbsp;</div>\n\n<div style="box-sizing: border-box; width: 256px; height: 256px; overflow: hidden; -webkit-transform: translateZ(0px); position: absolute; left: -104px; top: 81px;">&nbsp;</div>\n\n<div style="box-sizing: border-box; width: 256px; height: 256px; overflow: hidden; -webkit-transform: translateZ(0px); position: absolute; left: -104px; top: -175px;">&nbsp;</div>\n\n<div style="box-sizing: border-box; width: 256px; height: 256px; overflow: hidden; -webkit-transform: translateZ(0px); position: absolute; left: 920px; top: -175px;">&nbsp;</div>\n\n<div style="box-sizing: border-box; width: 256px; height: 256px; overflow: hidden; -webkit-transform: translateZ(0px); position: absolute; left: -104px; top: 337px;">&nbsp;</div>\n\n<div style="box-sizing: border-box; width: 256px; height: 256px; overflow: hidden; -webkit-transform: translateZ(0px); position: absolute; left: 920px; top: 337px;">&nbsp;</div>\n</div>\n</div>\n</div>\n\n<div style="box-sizing: border-box; position: absolute; left: 0px; top: 0px; z-index: 0;">\n<div style="box-sizing: border-box; position: absolute; left: 0px; top: 0px; z-index: 1;">\n<div style="box-sizing: border-box; width: 256px; height: 256px; -webkit-transform: translateZ(0px); position: absolute; left: 408px; top: -175px; opacity: 1; transition: opacity 200ms ease-out; -webkit-transition: opacity 200ms ease-out;"><img src="https://mts0.googleapis.com/vt?pb=!1m4!1m3!1i15!2i18992!3i11505!2m3!1e0!2sm!3i274000000!3m9!2sro-RO!3sUS!5e18!12m1!1e47!12m3!1e37!2m1!1ssmartmaps!4e0!20m1!1b1" style="-webkit-transform:translateZ(0px); -webkit-user-select:none; border:0px; box-sizing:border-box; height:256px; margin:0px; padding:0px; vertical-align:middle; width:256px" /></div>\n\n<div style="box-sizing: border-box; width: 256px; height: 256px; -webkit-transform: translateZ(0px); position: absolute; left: 408px; top: 81px; opacity: 1; transition: opacity 200ms ease-out; -webkit-transition: opacity 200ms ease-out;"><img src="https://mts0.googleapis.com/vt?pb=!1m4!1m3!1i15!2i18992!3i11506!2m3!1e0!2sm!3i274000000!3m9!2sro-RO!3sUS!5e18!12m1!1e47!12m3!1e37!2m1!1ssmartmaps!4e0!20m1!1b1" style="-webkit-transform:translateZ(0px); -webkit-user-select:none; border:0px; box-sizing:border-box; height:256px; margin:0px; padding:0px; vertical-align:middle; width:256px" /></div>\n\n<div style="box-sizing: border-box; width: 256px; height: 256px; -webkit-transform: translateZ(0px); position: absolute; left: 152px; top: 81px; opacity: 1; transition: opacity 200ms ease-out; -webkit-transition: opacity 200ms ease-out;"><img src="https://mts1.googleapis.com/vt?pb=!1m4!1m3!1i15!2i18991!3i11506!2m3!1e0!2sm!3i274000000!3m9!2sro-RO!3sUS!5e18!12m1!1e47!12m3!1e37!2m1!1ssmartmaps!4e0!20m1!1b1" style="-webkit-transform:translateZ(0px); -webkit-user-select:none; border:0px; box-sizing:border-box; height:256px; margin:0px; padding:0px; vertical-align:middle; width:256px" /></div>\n\n<div style="box-sizing: border-box; width: 256px; height: 256px; -webkit-transform: translateZ(0px); position: absolute; left: 408px; top: 337px; opacity: 1; transition: opacity 200ms ease-out; -webkit-transition: opacity 200ms ease-out;"><img src="https://mts0.googleapis.com/vt?pb=!1m4!1m3!1i15!2i18992!3i11507!2m3!1e0!2sm!3i274000000!3m9!2sro-RO!3sUS!5e18!12m1!1e47!12m3!1e37!2m1!1ssmartmaps!4e0!20m1!1b1" style="-webkit-transform:translateZ(0px); -webkit-user-select:none; border:0px; box-sizing:border-box; height:256px; margin:0px; padding:0px; vertical-align:middle; width:256px" /></div>\n\n<div style="box-sizing: border-box; width: 256px; height: 256px; -webkit-transform: translateZ(0px); position: absolute; left: 152px; top: -175px; opacity: 1; transition: opacity 200ms ease-out; -webkit-transition: opacity 200ms ease-out;"><img src="https://mts1.googleapis.com/vt?pb=!1m4!1m3!1i15!2i18991!3i11505!2m3!1e0!2sm!3i274000000!3m9!2sro-RO!3sUS!5e18!12m1!1e47!12m3!1e37!2m1!1ssmartmaps!4e0!20m1!1b1" style="-webkit-transform:translateZ(0px); -webkit-user-select:none; border:0px; box-sizing:border-box; height:256px; margin:0px; padding:0px; vertical-align:middle; width:256px" /></div>\n\n<div style="box-sizing: border-box; width: 256px; height: 256px; -webkit-transform: translateZ(0px); position: absolute; left: 664px; top: 81px; opacity: 1; transition: opacity 200ms ease-out; -webkit-transition: opacity 200ms ease-out;"><img src="https://mts1.googleapis.com/vt?pb=!1m4!1m3!1i15!2i18993!3i11506!2m3!1e0!2sm!3i274000000!3m9!2sro-RO!3sUS!5e18!12m1!1e47!12m3!1e37!2m1!1ssmartmaps!4e0!20m1!1b1" style="-webkit-transform:translateZ(0px); -webkit-user-select:none; border:0px; box-sizing:border-box; height:256px; margin:0px; padding:0px; vertical-align:middle; width:256px" /></div>\n\n<div style="box-sizing: border-box; width: 256px; height: 256px; -webkit-transform: translateZ(0px); position: absolute; left: 664px; top: 337px; opacity: 1; transition: opacity 200ms ease-out; -webkit-transition: opacity 200ms ease-out;"><img src="https://mts1.googleapis.com/vt?pb=!1m4!1m3!1i15!2i18993!3i11507!2m3!1e0!2sm!3i274000000!3m9!2sro-RO!3sUS!5e18!12m1!1e47!12m3!1e37!2m1!1ssmartmaps!4e0!20m1!1b1" style="-webkit-transform:translateZ(0px); -webkit-user-select:none; border:0px; box-sizing:border-box; height:256px; margin:0px; padding:0px; vertical-align:middle; width:256px" /></div>\n\n<div style="box-sizing: border-box; width: 256px; height: 256px; -webkit-transform: translateZ(0px); position: absolute; left: 152px; top: 337px; opacity: 1; transition: opacity 200ms ease-out; -webkit-transition: opacity 200ms ease-out;"><img src="https://mts1.googleapis.com/vt?pb=!1m4!1m3!1i15!2i18991!3i11507!2m3!1e0!2sm!3i274000000!3m9!2sro-RO!3sUS!5e18!12m1!1e47!12m3!1e37!2m1!1ssmartmaps!4e0!20m1!1b1" style="-webkit-transform:translateZ(0px); -webkit-user-select:none; border:0px; box-sizing:border-box; height:256px; margin:0px; padding:0px; vertical-align:middle; width:256px" /></div>\n\n<div style="box-sizing: border-box; width: 256px; height: 256px; -webkit-transform: translateZ(0px); position: absolute; left: 664px; top: -175px; opacity: 1; transition: opacity 200ms ease-out; -webkit-transition: opacity 200ms ease-out;"><img src="https://mts1.googleapis.com/vt?pb=!1m4!1m3!1i15!2i18993!3i11505!2m3!1e0!2sm!3i274000000!3m9!2sro-RO!3sUS!5e18!12m1!1e47!12m3!1e37!2m1!1ssmartmaps!4e0!20m1!1b1" style="-webkit-transform:translateZ(0px); -webkit-user-select:none; border:0px; box-sizing:border-box; height:256px; margin:0px; padding:0px; vertical-align:middle; width:256px" /></div>\n\n<div style="box-sizing: border-box; width: 256px; height: 256px; -webkit-transform: translateZ(0px); position: absolute; left: 920px; top: 81px; opacity: 1; transition: opacity 200ms ease-out; -webkit-transition: opacity 200ms ease-out;"><img src="https://mts0.googleapis.com/vt?pb=!1m4!1m3!1i15!2i18994!3i11506!2m3!1e0!2sm!3i274000000!3m9!2sro-RO!3sUS!5e18!12m1!1e47!12m3!1e37!2m1!1ssmartmaps!4e0!20m1!1b1" style="-webkit-transform:translateZ(0px); -webkit-user-select:none; border:0px; box-sizing:border-box; height:256px; margin:0px; padding:0px; vertical-align:middle; width:256px" /></div>\n\n<div style="box-sizing: border-box; width: 256px; height: 256px; -webkit-transform: translateZ(0px); position: absolute; left: -104px; top: 81px; opacity: 1; transition: opacity 200ms ease-out; -webkit-transition: opacity 200ms ease-out;"><img src="https://mts0.googleapis.com/vt?pb=!1m4!1m3!1i15!2i18990!3i11506!2m3!1e0!2sm!3i274000000!3m9!2sro-RO!3sUS!5e18!12m1!1e47!12m3!1e37!2m1!1ssmartmaps!4e0!20m1!1b1" style="-webkit-transform:translateZ(0px); -webkit-user-select:none; border:0px; box-sizing:border-box; height:256px; margin:0px; padding:0px; vertical-align:middle; width:256px" /></div>\n\n<div style="box-sizing: border-box; width: 256px; height: 256px; -webkit-transform: translateZ(0px); position: absolute; left: -104px; top: -175px; opacity: 1; transition: opacity 200ms ease-out; -webkit-transition: opacity 200ms ease-out;"><img src="https://mts0.googleapis.com/vt?pb=!1m4!1m3!1i15!2i18990!3i11505!2m3!1e0!2sm!3i274000000!3m9!2sro-RO!3sUS!5e18!12m1!1e47!12m3!1e37!2m1!1ssmartmaps!4e0!20m1!1b1" style="-webkit-transform:translateZ(0px); -webkit-user-select:none; border:0px; box-sizing:border-box; height:256px; margin:0px; padding:0px; vertical-align:middle; width:256px" /></div>\n\n<div style="box-sizing: border-box; width: 256px; height: 256px; -webkit-transform: translateZ(0px); position: absolute; left: -104px; top: 337px; opacity: 1; transition: opacity 200ms ease-out; -webkit-transition: opacity 200ms ease-out;"><img src="https://mts0.googleapis.com/vt?pb=!1m4!1m3!1i15!2i18990!3i11507!2m3!1e0!2sm!3i274000000!3m9!2sro-RO!3sUS!5e18!12m1!1e47!12m3!1e37!2m1!1ssmartmaps!4e0!20m1!1b1" style="-webkit-transform:translateZ(0px); -webkit-user-select:none; border:0px; box-sizing:border-box; height:256px; margin:0px; padding:0px; vertical-align:middle; width:256px" /></div>\n\n<div style="box-sizing: border-box; width: 256px; height: 256px; -webkit-transform: translateZ(0px); position: absolute; left: 920px; top: 337px; opacity: 1; transition: opacity 200ms ease-out; -webkit-transition: opacity 200ms ease-out;"><img src="https://mts0.googleapis.com/vt?pb=!1m4!1m3!1i15!2i18994!3i11507!2m3!1e0!2sm!3i274000000!3m9!2sro-RO!3sUS!5e18!12m1!1e47!12m3!1e37!2m1!1ssmartmaps!4e0!20m1!1b1" style="-webkit-transform:translateZ(0px); -webkit-user-select:none; border:0px; box-sizing:border-box; height:256px; margin:0px; padding:0px; vertical-align:middle; width:256px" /></div>\n\n<div style="box-sizing: border-box; width: 256px; height: 256px; -webkit-transform: translateZ(0px); position: absolute; left: 920px; top: -175px; opacity: 1; transition: opacity 200ms ease-out; -webkit-transition: opacity 200ms ease-out;"><img src="https://mts0.googleapis.com/vt?pb=!1m4!1m3!1i15!2i18994!3i11505!2m3!1e0!2sm!3i274000000!3m9!2sro-RO!3sUS!5e18!12m1!1e47!12m3!1e37!2m1!1ssmartmaps!4e0!20m1!1b1" style="-webkit-transform:translateZ(0px); -webkit-user-select:none; border:0px; box-sizing:border-box; height:256px; margin:0px; padding:0px; vertical-align:middle; width:256px" /></div>\n</div>\n</div>\n</div>\n\n<div style="box-sizing: border-box; position: absolute; left: 0px; top: 0px; z-index: 2; width: 870.390625px; height: 310px;">&nbsp;</div>\n\n<div style="box-sizing: border-box; position: absolute; left: 0px; top: 0px; z-index: 3; width: 870.390625px; transform-origin: 471px 222px 0px; transform: matrix(1, 0, 0, 1, 0, 0);">\n<div style="box-sizing: border-box; -webkit-transform: translateZ(0px); position: absolute; left: 0px; top: 0px; z-index: 104; width: 870.390625px;">&nbsp;</div>\n\n<div style="box-sizing: border-box; -webkit-transform: translateZ(0px); position: absolute; left: 0px; top: 0px; z-index: 105; width: 870.390625px;">&nbsp;</div>\n\n<div style="box-sizing: border-box; -webkit-transform: translateZ(0px); position: absolute; left: 0px; top: 0px; z-index: 106; width: 870.390625px;">&nbsp;</div>\n\n<div style="box-sizing: border-box; -webkit-transform: translateZ(0px); position: absolute; left: 0px; top: 0px; z-index: 107; width: 870.390625px;">&nbsp;</div>\n</div>\n</div>\n\n<div style="box-sizing: border-box; margin-left: 5px; margin-right: 5px; z-index: 1000000; position: absolute; left: 0px; bottom: 0px;">\n<div style="box-sizing: border-box; width: 62px; height: 26px; cursor: pointer;"><a href="http://maps.google.com/maps?ll=47.142731,28.653508&amp;z=15&amp;t=m&amp;hl=ro-RO&amp;gl=US&amp;mapclient=apiv3" style="box-sizing: border-box; text-decoration: none; position: static; overflow: visible; float: none; display: inline;" target="_blank" title="Faceţi clic pentru a vizualiza această zonă pe Hărţi Google"><img src="https://maps.gstatic.com/mapfiles/api-3/images/google_white2.png" style="-webkit-user-select:none; border:0px; box-sizing:border-box; height:26px; left:0px; margin:0px; padding:0px; position:absolute; top:0px; vertical-align:middle; width:62px" /></a></div>\n</div>\n</div>\n</div>\n\n<div class="city_dt" style="box-sizing: border-box; margin-bottom: 25px; border-bottom-width: 1px; border-bottom-style: solid; border-bottom-color: rgb(236, 236, 236); padding: 5px 0px;">\n<p>Orașul Strășeni</p>\n\n<p>Strada Ștefan cel Mare 24, MD 2034</p>\n</div>\n\n<p>Orașul Strășeni este situat la 23 km de Chișinău, &icirc;n direcția nord-vest, pe malul r&acirc;ului B&acirc;c. Orașul este amplasat &icirc;n regiunea de codri a Moldovei.</p>\n\n<p>Suprafața totală a orașului Strășeni este de 60,82 km&sup2;, dintre care circa 1 156 ha sunt terenuri cu destinație agricolă. Relieful este format din coline, versanți, văi și c&acirc;mpii.</p>\n\n<p>Clima este temperat&ndash;continentală. Temperatura medie de iarnă este de 6, &ndash;7 &deg;C, iar temperatura medie de vară este de 35,5 &deg;C.</p>\n\n<p>Orășelul cu această denumire e menționat documentar ca sat la 20 martie 1545, c&acirc;nd Alexandru Voievod, domnul Moldovei, confirmă mănăstirii Pobrata o jumătate de moșie pe care călugării o aveau &icirc;n dar de la jup&acirc;neasa Frățiman cu satul Curluceni. La 4 iulie 1774 &icirc;l aflăm &icirc;n stăp&acirc;nirea mănăstirii Frumoasa, cu 84 de gospodării cu răzeși și mazili. Orașul avea 2 preoți, biserica a fost construită &icirc;n anul 1785, alături de alta veche. Sat mare și frumos, &icirc;n anul 1870 aici erau 596 gospodării, 1840 bărbați și 1110 femei. Gospodarii țineau prisăci, vii și livezi frumoase, erau lemnari, t&acirc;mplari vestiți. La 6 ianuarie 1873 zemstva județeană trimite la Strășeni primul medic cu studii superioare, pe doctorul Feodor Constantinovichi Scordeli. La 1 iulie 1877 satul avea o bibliotecă sătească, uar &icirc;n anul 1910 avea 2 școli și o biserică.</p>\n</div>\n</div>\n', 'cum-sa-ajungi-in-oras-amplasarea-geografica', 181, 1, 1),
(341, 'Как попасть в город / географическое расположение', '', 'kak-popasty-v-gorod-gografichsko-raspolozhni', 181, 2, 0),
(342, 'Istoria orașului', '<p style="text-align:justify">Orășelul cu această denumire e menționat documentar ca sat la 20 martie 1545, c&acirc;nd Alexandru Voievod, domnul Moldovei, confirmă mănăstirii Pobrata o jumătate de moșie pe care călugării o aveau &icirc;n dar de la jup&acirc;neasa Frățiman cu satul Curluceni. La 4 iulie 1774 &icirc;l aflăm &icirc;n stăp&acirc;nirea mănăstirii Frumoasa, cu 84 de gospodării cu răzeși și mazili. Orașul avea 2 preoți, biserica a fost construită &icirc;n anul 1785, alături de alta veche. Sat mare și frumos, &icirc;n anul 1870 aici erau 596 gospodării, 1840 bărbați și 1110 femei. Gospodarii țineau prisăci, vii și livezi frumoase, erau lemnari, t&acirc;mplari vestiți. La 6 ianuarie 1873 zemstva județeană trimite la Strășeni primul medic cu studii superioare, pe doctorul Feodor Constantinovichi Scordeli. La 1 iulie 1877 satul avea o bibliotecă sătească, uar &icirc;n anul 1910 avea 2 școli și o biserică.</p>\n\n<p style="text-align:justify">Din spusele celui mai bătr&acirc;n locuitor din oraș I. Țurcanu &icirc;n v&acirc;rstă de 98 de ani, care a auzit din mărturisirile bunicului său, că undeva pe dealul Coșnei, un oarecare Teofan, străger, a construit o casă &icirc;n care stăteau străgerii ce vegheau Chișinăul. Cu toți străgerii conducea &icirc;nsăși Teofan. Odată cu apariția localității, de la cuv&acirc;ntul străgeri s-a tras toponimul Strășeni.</p>\n\n<p style="text-align:justify">Localitatea, &icirc;ncep&acirc;nd cu a doua jumătate a sec. XX, s-a dezvoltat intens, devenind un centru industrial important din republică.</p>\n\n<p style="text-align:justify">&Icirc;n orașul Strășeni sunt &icirc;nregistrați circa 2780 agenți economici, dintre care cel mai mare număr &icirc;l constituie gospodăriile țărănești &ndash; 1.590. &Icirc;ntreprinderile cu dreptul de persoane juridice alcătuiesc 305 unități. Un loc de frunte ocupă industria alimentară, mai ales cea vinicolă. Strășeniul se bucură de un spectru bogat al celor mai bune soiuri de poamă europeană: Aligote, Pinot, Cabernet, Izabelle, Risling de Italia, coniacuri, din care se obține șampanie, vinuri seci ordinare și dulci de calitate superioară și sucuri naturale. Partea industrială a orașului este amplasată &icirc;n regiunea de nord-vest a orașului și este despărțită de sectorul locativ prin calea ferată. Punctul de vinificație, secția de cărămidă a fabricii de materiale de construcție se află &icirc;n partea de nord a orașului. &Icirc;n domeniul comerțului activează 96 &icirc;ntreprinderi, sistemul de alimentație publică este format de 25 &icirc;ntreprinderi. Deservirea socială este asigurată de 17 unități de deservire.</p>\n\n<p style="text-align:justify">&Icirc;n oraș activează filiale ale 3 bănci comerciale și ale 2 companii de asigurare.</p>\n\n<p style="text-align:justify">Este dezvoltată producția de vinuri: . Se produc conserve din fructe și legume și produse de panificație. Fabrica materialelor de construcție produce țiglă roșie, faianță. La 6 km spre sud-vest funcționează antena TV de l&acirc;ngă Strășeni.</p>\n', 'istoria-orasului', 182, 1, 1),
(343, 'История города', '', 'istoriya-goroda', 182, 2, 0),
(344, 'Personalități marcante', '', 'personalitati-marcante', 183, 1, 1),
(345, 'Выдающиеся личности', '', 'vdayushtisya-lichnosti', 183, 2, 0),
(346, 'Orașe înfrățite', '', 'orase-infratite', 184, 1, 1),
(347, 'Города побратимы', '', 'goroda-pobratim', 184, 2, 0),
(348, 'Consiliul cetățenilor', '<h2>Consiliul cetățenilor</h2>\n\n<p>Lorem ipsum dolor sit amet, consectetuer adipiscing elit, sed diam nonummy nibh euismod tincidunt ut laoreet dolore magna aliquam erat volutpat. Ut wisi enim ad minim veniam, quis nostrud exerci tation ullamcorper suscipit lobortis nisl ut aliquip ex ea commodo consequat. Duis autem vel eum iriure dolor in hendrerit in vulputate velit esse molestie consequat, vel illum dolore eu feugiat nulla facilisis at vero eros et accumsan et iusto odio dignissim qui blandit praesent luptatum zzril delenit augue duis dolore te feugait nulla facilisi. Nam liber tempor cum soluta nobis eleifend option congue nihil imperdiet doming id quod mazim placerat facer possim assum. Typi non habent claritatem insitam; est usus legentis in iis qui facit eorum claritatem. Investigationes demonstraverunt lectores legere me lius quod ii legunt saepius. Claritas est etiam processus dynamicus, qui sequitur mutationem consuetudium lectorum. Mirum est notare quam littera gothica, quam nunc putamus parum claram, anteposuerit litterarum formas humanitatis per seacula quarta decima et quinta decima. Eodem modo typi, qui nunc nobis videntur parum clari, fiant sollemnes in futurum.</p>\n\n<p>Lorem ipsum dolor sit amet, consectetuer adipiscing elit, sed diam nonummy nibh euismod tincidunt ut laoreet dolore magna aliquam erat volutpat. Ut wisi enim ad minim veniam, quis nostrud exerci tation ullamcorper suscipit lobortis nisl ut aliquip ex ea commodo consequat. Duis autem vel eum iriure dolor in hendrerit in vulputate velit esse molestie consequat, vel illum dolore eu feugiat nulla facilisis at vero eros et accumsan et iusto odio dignissim qui blandit praesent luptatum zzril delenit augue duis dolore te feugait nulla facilisi. Nam liber tempor cum soluta nobis eleifend option congue nihil imperdiet doming id quod mazim placerat facer possim assum. Typi non habent claritatem insitam; est usus legentis in iis qui facit eorum claritatem. Investigationes demonstraverunt lectores legere me lius quod ii legunt saepius. Claritas est etiam processus dynamicus, qui sequitur mutationem consuetudium lectorum. Mirum est notare quam littera gothica, quam nunc putamus parum claram, anteposuerit litterarum formas humanitatis per seacula quarta decima et quinta decima. Eodem modo typi, qui nunc nobis videntur parum clari, fiant sollemnes in futurum.</p>\n\n<p>Lorem ipsum dolor sit amet, consectetuer adipiscing elit, sed diam nonummy nibh euismod tincidunt ut laoreet dolore magna aliquam erat volutpat. Ut wisi enim ad minim veniam, quis nostrud exerci tation ullamcorper suscipit lobortis nisl ut aliquip ex ea commodo consequat. Duis autem vel eum iriure dolor in hendrerit in vulputate velit esse molestie consequat, vel illum dolore eu feugiat nulla facilisis at vero eros et accumsan et iusto odio dignissim qui blandit praesent luptatum zzril delenit augue duis dolore te feugait nulla facilisi. Nam liber tempor cum soluta nobis eleifend option congue nihil imperdiet doming id quod mazim placerat facer possim assum. Typi non habent claritatem insitam; est usus legentis in iis qui facit eorum claritatem. Investigationes demonstraverunt lectores legere me lius quod ii legunt saepius. Claritas est etiam processus dynamicus, qui sequitur mutationem consuetudium lectorum. Mirum est notare quam littera gothica, quam nunc putamus parum claram, anteposuerit litterarum formas humanitatis per seacula quarta decima et quinta decima. Eodem modo typi, qui nunc nobis videntur parum clari, fiant sollemnes in futurum.</p>\n', 'consiliul-cetatenilor', 185, 1, 1),
(349, 'Гражданский совет', '', 'grazhdanskiy-sovt', 185, 2, 0),
(350, 'Consiliul tinerilor', '<h2>Consiliul tinerilor</h2>\n\n<p>Lorem ipsum dolor sit amet, consectetuer adipiscing elit, sed diam nonummy nibh euismod tincidunt ut laoreet dolore magna aliquam erat volutpat. Ut wisi enim ad minim veniam, quis nostrud exerci tation ullamcorper suscipit lobortis nisl ut aliquip ex ea commodo consequat. Duis autem vel eum iriure dolor in hendrerit in vulputate velit esse molestie consequat, vel illum dolore eu feugiat nulla facilisis at vero eros et accumsan et iusto odio dignissim qui blandit praesent luptatum zzril delenit augue duis dolore te feugait nulla facilisi. Nam liber tempor cum soluta nobis eleifend option congue nihil imperdiet doming id quod mazim placerat facer possim assum. Typi non habent claritatem insitam; est usus legentis in iis qui facit eorum claritatem. Investigationes demonstraverunt lectores legere me lius quod ii legunt saepius. Claritas est etiam processus dynamicus, qui sequitur mutationem consuetudium lectorum. Mirum est notare quam littera gothica, quam nunc putamus parum claram, anteposuerit litterarum formas humanitatis per seacula quarta decima et quinta decima. Eodem modo typi, qui nunc nobis videntur parum clari, fiant sollemnes in futurum.</p>\n\n<p>Lorem ipsum dolor sit amet, consectetuer adipiscing elit, sed diam nonummy nibh euismod tincidunt ut laoreet dolore magna aliquam erat volutpat. Ut wisi enim ad minim veniam, quis nostrud exerci tation ullamcorper suscipit lobortis nisl ut aliquip ex ea commodo consequat. Duis autem vel eum iriure dolor in hendrerit in vulputate velit esse molestie consequat, vel illum dolore eu feugiat nulla facilisis at vero eros et accumsan et iusto odio dignissim qui blandit praesent luptatum zzril delenit augue duis dolore te feugait nulla facilisi. Nam liber tempor cum soluta nobis eleifend option congue nihil imperdiet doming id quod mazim placerat facer possim assum. Typi non habent claritatem insitam; est usus legentis in iis qui facit eorum claritatem. Investigationes demonstraverunt lectores legere me lius quod ii legunt saepius. Claritas est etiam processus dynamicus, qui sequitur mutationem consuetudium lectorum. Mirum est notare quam littera gothica, quam nunc putamus parum claram, anteposuerit litterarum formas humanitatis per seacula quarta decima et quinta decima. Eodem modo typi, qui nunc nobis videntur parum clari, fiant sollemnes in futurum.</p>\n', 'consiliul-tinerilor', 186, 1, 1),
(351, 'Молодежный совет', '', 'molodzhny-sovt', 186, 2, 0),
(352, 'Comitetele de cartier / de stradă', '<h2>Comitetele de cartier&nbsp;</h2>\n\n<p>Lorem ipsum dolor sit amet, consectetuer adipiscing elit, sed diam nonummy nibh euismod tincidunt ut laoreet dolore magna aliquam erat volutpat. Ut wisi enim ad minim veniam, quis nostrud exerci tation ullamcorper suscipit lobortis nisl ut aliquip ex ea commodo consequat. Duis autem vel eum iriure dolor in hendrerit in vulputate velit esse molestie consequat, vel illum dolore eu feugiat nulla facilisis at vero eros et accumsan et iusto odio dignissim qui blandit praesent luptatum zzril delenit augue duis dolore te feugait nulla facilisi. Nam liber tempor cum soluta nobis eleifend option congue nihil imperdiet doming id quod mazim placerat facer possim assum. Typi non habent claritatem insitam; est usus legentis in iis qui facit eorum claritatem. Investigationes demonstraverunt lectores legere me lius quod ii legunt saepius. Claritas est etiam processus dynamicus, qui sequitur mutationem consuetudium lectorum. Mirum est notare quam littera gothica, quam nunc putamus parum claram, anteposuerit litterarum formas humanitatis per seacula quarta decima et quinta decima. Eodem modo typi, qui nunc nobis videntur parum clari, fiant sollemnes in futurum.</p>\n\n<h2>Comitetele de stradă</h2>\n\n<p>Lorem ipsum dolor sit amet, consectetuer adipiscing elit, sed diam nonummy nibh euismod tincidunt ut laoreet dolore magna aliquam erat volutpat. Ut wisi enim ad minim veniam, quis nostrud exerci tation ullamcorper suscipit lobortis nisl ut aliquip ex ea commodo consequat. Duis autem vel eum iriure dolor in hendrerit in vulputate velit esse molestie consequat, vel illum dolore eu feugiat nulla facilisis at vero eros et accumsan et iusto odio dignissim qui blandit praesent luptatum zzril delenit augue duis dolore te feugait nulla facilisi. Nam liber tempor cum soluta nobis eleifend option congue nihil imperdiet doming id quod mazim placerat facer possim assum. Typi non habent claritatem insitam; est usus legentis in iis qui facit eorum claritatem. Investigationes demonstraverunt lectores legere me lius quod ii legunt saepius. Claritas est etiam processus dynamicus, qui sequitur mutationem consuetudium lectorum. Mirum est notare quam littera gothica, quam nunc putamus parum claram, anteposuerit litterarum formas humanitatis per seacula quarta decima et quinta decima. Eodem modo typi, qui nunc nobis videntur parum clari, fiant sollemnes in futurum.</p>\n', 'comitetele-de-cartier-de-strada', 187, 1, 1),
(353, 'Местные комитеты', '', 'mstn-komitt', 187, 2, 0),
(354, 'Programează-te on-line pentru o audiență', '<p>Pentru programarea audiențelor vă rugăm să transmiteți o scurtă prezentare a problemei ce urmează a fi discutată, precum și datele dvs. de contact la adresa de e-mail: relpubl@casan.ro.</p>\n\n<p>Totodată, puteți să vă adresați telefonic Biroului de Relații cu Asigurații la nr. de telefon: 0372.309.236.</p>\n\n<p>Confirmarea programării audienței va fi facută telefonic la numărul de telefon indicat de dvs. o Receptionarea documentelor, care urmeaza a fi examinate &icirc;n termen de &ndash; 1 ora, 24 ore, 5 zile si 15 zile, se va realize fara programare prealabila.</p>\n\n<p>[person_subscribe]</p>\n', 'programeaza-te-on-line-pentru-o-audienta', 188, 1, 1),
(355, 'Зарегистрируйтесь онлайн на приём', '', 'zargistriruytsy-onlayn-na-prim', 188, 2, 0),
(356, 'Orarul audierilor', '', 'orarul-audierilor', 189, 1, 1),
(357, 'График приема граждан', '', 'grafik-prima-grazhdan', 189, 2, 0),
(358, 'Discută on-line cu primarul și consilieri locali', '', 'discuta-on-line-cu-primarul-si-consilieri-locali', 190, 1, 1),
(359, 'Общайтесь в режиме онлайн с мэром и местными советниками', '', 'obshtaytsy-v-rzhim-onlayn-s-mrom-i-mstnmi-sovtnikami', 190, 2, 0),
(360, 'Depune o plângere', '<p>[complaint_form]</p>\n', 'depune-o-plangere', 191, 1, 1),
(361, 'Подайте жалобу', '', 'podayt-zhalobu', 191, 2, 0),
(362, 'Întrebări frecvente ', '', 'intrebari-frecvente-362', 192, 1, 1),
(363, 'Часто задаваемые вопросы', '', 'chasto-zadavam-vopros-363', 192, 2, 0),
(364, 'Formulare de cereri', '', 'formulare-de-cereri', 193, 1, 1),
(365, 'Бланки заявления', '', 'blanki-zayavlniya', 193, 2, 0),
(366, 'Formulare pentru certificate', '', 'formulare-pentru-certificate', 194, 1, 1),
(367, 'Бланки сертификата', '', 'blanki-srtifikata', 194, 2, 0),
(368, 'Formulare pentru taxe', '', 'formulare-pentru-taxe', 195, 1, 1),
(369, 'Бланки для сборов и налогов', '', 'blanki-dlya-sborov-i-nalogov', 195, 2, 0),
(370, 'Modele de cereri / plângeri', '', 'modele-de-cereri-plangeri', 196, 1, 1),
(371, 'Образцы заявлений / жалоб', '', 'obrazts-zayavlniy-zhalob', 196, 2, 0),
(372, 'Primarul', '', 'primarul', 197, 1, 1),
(373, 'Примар', '', 'primar', 197, 2, 0),
(374, 'Viceprimari', '', 'viceprimari', 198, 1, 1),
(375, 'Заместитель примара', '', 'zamstitly-primara', 198, 2, 0),
(376, 'Aparatul primăriei', '<table class="aprt taxe" style="border-collapse:collapse; border-spacing:0px; box-sizing:border-box; margin-bottom:50px">\n	<thead>\n		<tr>\n			<td style="height:50px">Numele, prenumele</td>\n			<td style="height:50px">Funcţia</td>\n			<td style="height:50px">BIROU</td>\n			<td style="height:50px">Telefon</td>\n		</tr>\n	</thead>\n	<tbody>\n		<tr>\n			<td>Scripnic Ivan</td>\n			<td>Primar</td>\n			<td>bir.- 406</td>\n			<td>456236</td>\n		</tr>\n		<tr>\n			<td>Josan Nadejda</td>\n			<td>Secretar al consiliului</td>\n			<td>bir.- 409</td>\n			<td>456238</td>\n		</tr>\n		<tr>\n			<td>Bostan Natalia</td>\n			<td>Contabil-şef</td>\n			<td>bir.- 402</td>\n			<td>456872</td>\n		</tr>\n		<tr>\n			<td>M&icirc;rca Aurelia</td>\n			<td>Specialist &icirc;n domeniul implementării politicilor economice şi fiscale</td>\n			<td>bir.- 415</td>\n			<td>456189</td>\n		</tr>\n		<tr>\n			<td>Vasilenco Nadejda</td>\n			<td>Specialist &icirc;n domeniul implementării politicii fiscale</td>\n			<td>bir.- 403</td>\n			<td>456341</td>\n		</tr>\n		<tr>\n			<td>Poiană Nadejda</td>\n			<td>Specialist &icirc;n domeniul implementării politicii funciare</td>\n			<td>bir.- 406</td>\n			<td>456341</td>\n		</tr>\n		<tr>\n			<td>Draguţa Maria</td>\n			<td>Specialist &icirc;n domeniul implementării politicii de tineret</td>\n			<td>bir.- 419</td>\n			<td>456341</td>\n		</tr>\n		<tr>\n			<td>Butucel Ana</td>\n			<td>Specialist &icirc;n probleme social-economice şi proiecte de dezvoltare</td>\n			<td>bir.- 412</td>\n			<td>456341</td>\n		</tr>\n		<tr>\n			<td>Stegărescu Ana</td>\n			<td>Inginer -arhitect</td>\n			<td>bir - 411</td>\n			<td>456341</td>\n		</tr>\n		<tr>\n			<td>Guţanu Ion</td>\n			<td>Contabil</td>\n			<td>bir - 411</td>\n			<td>456341</td>\n		</tr>\n		<tr>\n			<td>Griţenco Aculina</td>\n			<td>Contabil</td>\n			<td>bir.- 410</td>\n			<td>456341</td>\n		</tr>\n		<tr>\n			<td>Jităreanu Irina</td>\n			<td>Contabil</td>\n			<td>bir.- 407</td>\n			<td>456341</td>\n		</tr>\n		<tr>\n			<td>Malcoci Lidia</td>\n			<td>Contabil</td>\n			<td>bir.- 408</td>\n			<td>456341<br />\n			&nbsp;</td>\n		</tr>\n	</tbody>\n</table>\n', 'aparatul-primariei', 199, 1, 1),
(377, 'Аппарат примэрии', '', 'apparat-primrii', 199, 2, 0),
(378, 'Organigrama primăriei', '<p><img alt="" src="/upload/Editor/organigrama.png" style="height:494px; width:734px" /></p>\n', 'organigrama-primariei', 200, 1, 1),
(379, 'Схема организационной структуры примэрии', '', 'shma-organizatsionnoy-struktur-primrii', 200, 2, 0),
(380, 'Cadrul legal al apl', '', 'cadrul-legal-al-apl', 201, 1, 1),
(381, 'Правовая база мов', '', 'pravovaya-baza-mov', 201, 2, 0),
(382, 'Regulamente interne', '', 'regulamente-interne', 202, 1, 1),
(383, 'Внутренние регламенты', '', 'vnutrnni-rglamnt', 202, 2, 0),
(384, 'Noutăți', '', 'noutati', 203, 1, 1),
(385, 'Новости', '', 'novosti', 203, 2, 0),
(386, 'Biografia primarului', '', 'biografia-primarului', 204, 1, 1);
INSERT INTO `apl_post_lang` (`id`, `title`, `text`, `uri`, `post_id`, `lang_id`, `enabled`) VALUES
(387, 'Биография примара', '', 'biografiya-primara', 204, 2, 0),
(388, 'Planuri de acțiuni pe anul curent', '<h1>I. Etapele si categoriile mari de activitati ale proiectului</h1>\n\n<p>1. INITIERE PROIECT</p>\n\n<p>Intalnire cu factorii de decizie locali in vederea clarificarii urmatoarelor aspecte legate de proiect:etapele proiectului,continutul acestora,rezultatele asteptate,principiile, modalitatile si calendarul de lucru,factorii relevanti si parteneriatele necesarenecesarul de eforturi in parteneriat din partea autoritatilor locale, ex.: delegarea de profesionisti in vederea specializarii in planificare comprehensiva si participativa, profesionisti care vor fi responsabilizati cu actualizarea strategiei dupa elaborarea acesteiamodalitatile de institutionalizare a strategiei de dezvoltarenivele de cooperare si parteneriat local, judetean, regional, national etc.modalitati de diseminare (consultarea populatiei, mijloace de comunicare in masa, site, brosuri, intalniri etc.)</p>\n\n<p>2. PRE-AUDIT</p>\n\n<p>Elaborarea unui audit sumar in vederea initierii procesului, in cadrul primului seminarInitierea parteneriatului localConstientizarea actorilor locali, a cetatenilorParteneriat cu mijloacele de comunicare in masa</p>\n\n<p>3. FORMAREA ECHIPEI LOCALE</p>\n\n<p>Identificarea si stabilirea sttructurii de lucru a proiectului si a componentei pe nivele si categorii de interesFactori de decizieEchipa tehnica a proiectuluiFactori consultativeGrupuri representativeMijloacele de comunicare in masa</p>\n\n<p>4. AUDIT URBAN</p>\n\n<p>Lansarea chestionarea lor specializate privind auditul urbanCatre institutiile publiceCatre sectorul privatCatre cetateniColectarea si structurarea datelor in vederea analizei</p>\n', 'planuri-de-actiuni-pe-anul-curent', 205, 1, 1),
(389, 'План действий на текущий год', '', 'plan-dystviy-na-tkushtiy-god', 205, 2, 0),
(390, 'Programul de activitate al primarului', '<h2>Programul de activitate al primarului</h2>\n\n<p>Programul de activitate al Guvernului &nbsp;oferă cadrul de politici de guvernare a Republicii Moldova pentru perioada 2011-2014.</p>\n\n<p>Prezentul Program este expresia continuităţii &icirc;n &icirc;ndeplinirea angajamentelor asumate &icirc;n faţa cetăţenilor, dar şi a partenerilor noştri externi. Astfel, viziunea strategică a programului propus o constituie creşterea bunăstării populaţiei, care se va axa pe două obiective majore ale Guvernului: creşterea nivelului de trai al cetăţenilor şi integrarea europeană. &Icirc;n vederea realizării acestor obiective mari vor fi &icirc;ntreprinse o serie de acţiuni pentru protecţia socială a cetăţenilor, dezvoltarea economiei, consolidarea statului de drept, creşterea numărului locurilor de muncă, dezvoltarea relaţiilor cu partenerii externi, atragerea investiţiilor, eliminarea vizelor şi alte acţiuni care au ca finalitate o viaţă mai bună pentru cetăţenii noştri.&nbsp;</p>\n\n<p>Reorganizarea Centrului pentru Combaterea Crimelor Economice şi Corupţiei prin menţinerea atribuţiilor de combatere a corupţiei, transferul celorlalte atribuţii, &icirc;n decurs de trei luni, către alte structuri specializate ale statului, &icirc;n contextul reformei instituţionale a acestora, cu excluderea subordonării Guvernului şi plasarea sub control parlamentar.</p>\n\n<p>Demonopolizarea pieţei interne şi eliminarea practicilor anticoncurenţiale &icirc;n tranzacţiile comerciale.Asigurarea creşterii gradului de credibilitate &icirc;ntre sectorul public şi cel privat şi garantarea dreptului asupra proprietăţilor şi investiţiilor private.</p>\n', 'programul-de-activitate-al-primarului', 206, 1, 1),
(391, 'Программа действий примара', '', 'programma-dystviy-primara', 206, 2, 0),
(392, 'Raportul anual al primarului', '<h2>Raport</h2>\n\n<p style="text-align: justify;">Racordarea cuantumului taxelor vamale şi taxelor pentru procedurile vamale la practica şi angajamentele asumate faţă de organizaţiile internaţionale la care Republica Moldova este parte (Organizaţia Mondială a Comerţului şi Organizaţia Mondială a Vămilor) şi implementarea recomandărilor UE &icirc;n domeniu;</p>\n\n<p style="text-align: justify;">Introducerea normelor şi standardelor internaţionale &icirc;n domeniul vamal &icirc;n vederea reducerii duratei şi costurilor efectiv suportate de agenţii economici pentru vămuirea mărfurilor &icirc;n vamă;</p>\n\n<p style="text-align: justify;">Racordarea cadrului normativ naţional la standardele şi practicile UE prin prisma unei abordări &icirc;n ansamblu şi nediscriminatorii a regulilor de origine şi aplicării uniforme a acestora pentru toate companiile pe &icirc;ntreg teritoriul Republicii Moldova, inclusiv &icirc;n zonele economice libere;<br />\nOptimizarea interacţiunii &icirc;n cadrul administrării fiscale şi vamale cu scopul eficientizării şi reducerii poverii administrative şi de control asupra mediului de afaceri;&nbsp;</p>\n\n<p style="text-align: justify;">Continuarea dialogului eficient cu instituţiile financiare internaţionale, inclusiv cu Fondul Monetar Internaţional şi ţările donatoare;<br />\nCrearea unui sistem eficient de trasabilitate a documentelor de strictă evidenţă şi a celor cu grade de protecţie emise de stat, inclusiv examinarea posibilităţii creării Imprimeriei de Stat.&nbsp;</p>\n\n<p style="text-align: justify;">Racordarea cadrului normativ naţional la standardele şi practicile UE prin prisma unei abordări &icirc;n ansamblu şi nediscriminatorii a regulilor de origine şi aplicării uniforme a acestora pentru toate companiile pe &icirc;ntreg teritoriul Republicii Moldova, inclusiv &icirc;n zonele economice libere;<br />\nOptimizarea interacţiunii &icirc;n cadrul administrării fiscale şi vamale cu scopul eficientizării şi reducerii poverii administrative şi de control asupra mediului de afaceri;&nbsp;<br />\nContinuarea dialogului eficient cu instituţiile financiare internaţionale, inclusiv cu Fondul Monetar Internaţional şi ţările donatoare;<br />\nCrearea unui sistem eficient de trasabilitate a documentelor de strictă evidenţă şi a celor cu grade de protecţie emise de stat, inclusiv examinarea posibilităţii creării Imprimeriei de Stat.&nbsp;</p>\n\n<p>&nbsp;</p>\n', 'raportul-anual-al-primarului', 207, 1, 1),
(393, 'Годовой отчёт примара', '', 'godovoy-otcht-primara', 207, 2, 0),
(398, 'Planuri de acțiune', '', 'planuri-de-actiune', 210, 1, 1),
(399, 'Планы действий', '', 'plan-dystviy', 210, 2, 0),
(400, 'Servicii comunale', '', 'servicii-comunale', 211, 1, 1),
(401, 'Коммунальные услуги', '', 'kommunalyn-uslugi', 211, 2, 0),
(402, 'Alte entități', '', 'alte-entitati', 212, 1, 1),
(403, 'Другие субъекты', '', 'drugi-subakt', 212, 2, 0),
(404, 'Ce este consiliul local?', '<h2>Consiliul local</h2>\n\n<p>Lorem ipsum dolor sit amet, consectetuer adipiscing elit, sed diam nonummy nibh euismod tincidunt ut laoreet dolore magna aliquam erat volutpat. Ut wisi enim ad minim veniam, quis nostrud exerci tation ullamcorper suscipit lobortis nisl ut aliquip ex ea commodo consequat. Duis autem vel eum iriure dolor in hendrerit in vulputate velit esse molestie consequat, vel illum dolore eu feugiat nulla facilisis at vero eros et accumsan et iusto odio dignissim qui blandit praesent luptatum zzril delenit augue duis dolore te feugait nulla facilisi. Nam liber tempor cum soluta nobis eleifend option congue nihil imperdiet doming id quod mazim placerat facer possim assum. Typi non habent claritatem insitam; est usus legentis in iis qui facit eorum claritatem. Investigationes demonstraverunt lectores legere me lius quod ii legunt saepius. Claritas est etiam processus dynamicus, qui sequitur mutationem consuetudium lectorum. Mirum est notare quam littera gothica, quam nunc putamus parum claram, anteposuerit litterarum formas humanitatis per seacula quarta decima et quinta decima. Eodem modo typi, qui nunc nobis videntur parum clari, fiant sollemnes in futurum.</p>\n\n<p>&nbsp;</p>\n', 'ce-este-consiliul-local', 213, 1, 1),
(405, 'Что такое местный совет?', '', 'chto-tako-mstny-sovt', 213, 2, 0),
(406, 'Ședințele consiliului', '', 'sedintele-consiliului', 214, 1, 1),
(407, 'Заседания совета', '', 'zasdaniya-sovta', 214, 2, 0),
(408, 'Secretarul consiliului local', '', 'secretarul-consiliului-local', 215, 1, 1),
(409, 'Секретарь местного совета', '', 'skrtary-mstnogo-sovta', 215, 2, 0),
(410, 'Consilieri locali și domeniile de responsabilitate', '', 'consilieri-locali-si-domeniile-de-responsabilitate', 216, 1, 1),
(411, 'Местные советники и сферы ответственности', '', 'mstn-sovtniki-i-sfr-otvtstvnnosti', 216, 2, 0),
(412, 'Programul de audiență al consilierilor locali', '', 'programul-de-audienta-al-consilierilor-locali', 217, 1, 1),
(413, 'График приёма местных советников', '', 'grafik-prima-mstnh-sovtnikov', 217, 2, 0),
(414, 'Arhiva deciziilor anterioare', '', 'arhiva-deciziilor-anterioare', 218, 1, 1),
(415, 'Архив предыдущих решений', '', 'arhiv-prddushtih-rshniy', 218, 2, 0),
(416, 'Ordinea de zi', '', 'ordinea-de-zi', 219, 1, 1),
(417, 'Повестка дня следующего заседания', '', 'povstka-dnya-slduyushtgo-zasdaniya', 219, 2, 0),
(418, 'Ședințe anterioare', '', 'sedinte-anterioare', 220, 1, 1),
(419, 'Предыдущие заседания', '', 'prddushti-zasdaniya', 220, 2, 0),
(420, 'Calendarul ședințelor viitoare', '', 'calendarul-sedintelor-viitoare', 221, 1, 1),
(421, 'График будущих заседаний', '', 'grafik-budushtih-zasdaniy', 221, 2, 0),
(422, 'Privește on-line ședințele consiliului', '<p style="text-align: center;"><iframe frameborder="0" height="302" scrolling="no" src="http://www.ustream.tv/embed/9600798?v=3&amp;wmode=direct" style="border: 0px none transparent;" width="480"></iframe></p>\n', 'priveste-on-line-sedintele-consiliului', 222, 1, 1),
(423, 'Смотрите в режиме онлайн заседания совета', '', 'smotrit-v-rzhim-onlayn-zasdaniya-sovta', 222, 2, 0),
(424, 'Comisia urbanism', '', 'comisia-urbanism', 223, 1, 1),
(425, 'Комиссия по градостроительству', '', 'komissiya-po-gradostroitlystvu', 223, 2, 0),
(426, 'Comisia buget, finanțe și economie', '', 'comisia-buget-finante-si-economie', 224, 1, 1),
(427, 'Комиссия по бюджету, финансам и экономике', '', 'komissiya-po-byudzhtu-finansam-i-konomik', 224, 2, 0),
(428, 'Comisia juridică', '', 'comisia-juridica', 225, 1, 1),
(429, 'Комиссия по правовым вопросам', '', 'komissiya-po-pravovm-voprosam', 225, 2, 0),
(430, 'Comisia socială', '', 'comisia-sociala', 226, 1, 1),
(431, 'Комиссия по социальным вопросам', '', 'komissiya-po-sotsialynm-voprosam', 226, 2, 0),
(432, 'Strategia de dezvoltare socio-economică a orașului', '', 'strategia-de-dezvoltare-socio-economica-a-orasului', 227, 1, 1),
(433, 'Стратегия социально-экономического развития города', '', 'stratgiya-sotsialyno-konomichskogo-razvitiya-goroda', 227, 2, 0),
(434, 'Planul urbanistic general', '', 'planul-urbanistic-general', 228, 1, 1),
(435, 'Генеральный план градостроительства', '', 'gnralyny-plan-gradostroitlystva', 228, 2, 0),
(436, 'Planul de acțiuni privind eficiența energatică', '', 'planul-de-actiuni-privind-eficienta-energatica', 229, 1, 1),
(437, 'Планы действий по энергоэффективности', '', 'plan-dystviy-po-nrgoffktivnosti', 229, 2, 0),
(438, 'Programul local de eficiență energetică', '', 'programul-local-de-eficienta-energetica', 230, 1, 1),
(439, 'Местная программа энергоэффективности', '', 'mstnaya-programma-nrgoffktivnosti', 230, 2, 0),
(440, 'Politici de protecție a mediului', '', 'politici-de-protectie-a-mediului', 231, 1, 1),
(441, 'Политики охраны окружающей среды', '', 'politiki-ohran-okruzhayushty-srd', 231, 2, 0),
(442, 'Planul de îmbunătățire a serviciului municipal', '', 'planul-de-imbunatatire-a-serviciului-municipal', 232, 1, 1),
(443, 'План улучшения муниципальной службы (услуги)', '', 'plan-uluchshniya-munitsipalynoy-sluzhb-uslugi', 232, 2, 0),
(444, 'Politici de protecție a familiei și copilului', '', 'politici-de-protectie-a-familiei-si-copilului', 233, 1, 1),
(445, 'Политики защиты семьи и ребёнка', '', 'politiki-zashtit-smyi-i-rbnka', 233, 2, 0),
(446, 'Locuință și protecție socială', '', 'locuinta-si-protectie-sociala', 234, 1, 1),
(447, 'Жильё и социальная защита', '', 'zhily-i-sotsialynaya-zashtita', 234, 2, 0),
(448, 'Întrebări frecvente', '', 'intrebari-frecvente-448', 235, 1, 1),
(449, 'Часто задаваемые вопросы', '', 'chasto-zadavam-vopros-449', 235, 2, 0),
(450, 'Legislația privind transparența decizională și accesul la informații', '', 'legislatia-privind-transparenta-decizionala-si-accesul-la-informatii', 236, 1, 1),
(451, 'Законодательство о прозрачности и доступ к информации', '', 'zakonodatlystvo-o-prozrachnosti-i-dostup-k-informatsii', 236, 2, 0),
(452, 'Înregistrări video', '', 'inregistrari-video', 237, 1, 1),
(453, 'Видеозаписи', '', 'vidozapisi', 237, 2, 0),
(454, 'Adresează o întrebare primarului', '<p>[complaint_form]</p>\n', 'adreseaza-o-intrebare-primarului', 238, 1, 1),
(455, 'Задайте вопрос примару', '', 'zadayt-vopros-primaru', 238, 2, 0),
(456, 'Noutăți și alerte', '', 'noutati-si-alerte', 239, 1, 1),
(457, 'Новости и объявления', '', 'novosti-i-obayavlniya', 239, 2, 0),
(458, 'Anunțuri de achiziții publice', '', 'anunturi-de-achizitii-publice', 240, 1, 1),
(459, 'Объявления о государственных закупках товаров и услуг', '', 'obayavlniya-o-gosudarstvnnh-zakupkah-tovarov-i-uslug', 240, 2, 0),
(460, 'Posturi vacante curente', '', 'posturi-vacante-curente', 241, 1, 1),
(461, 'Текущие вакансии', '', 'tkushti-vakansii', 241, 2, 0),
(462, 'Stagii și voluntariat în cadrul primăriei', '', 'stagii-si-voluntariat-in-cadrul-primariei', 242, 1, 1),
(463, 'Стажировки и добровольчество в примэрии', '', 'stazhirovki-i-dobrovolychstvo-v-primrii', 242, 2, 0),
(464, 'Bugetul local (veniturile și cheltuielile orașului)', '', 'bugetul-local-veniturile-si-cheltuielile-orasului', 243, 1, 1),
(465, 'Местный бюджет (доходы и расходы города)', '', 'mstny-byudzht-dohod-i-rashod-goroda', 243, 2, 0),
(466, 'Cum se cheltuie banii publici', '', 'cum-se-cheltuie-banii-publici', 244, 1, 1),
(467, 'Как используются государственные деньги', '', 'kak-ispolyzuyutsya-gosudarstvnn-dnygi', 244, 2, 0),
(468, 'Cheltuielile pentru instituții subordonate', '', 'cheltuielile-pentru-institutii-subordonate', 245, 1, 1),
(469, 'Затраты на подведомственные учреждения', '', 'zatrat-na-podvdomstvnn-uchrzhdniya', 245, 2, 0),
(470, 'Managementul proprietății publice', '', 'managementul-proprietatii-publice', 246, 1, 1),
(471, 'Управление общественной собственностью', '', 'upravlni-obshtstvnnoy-sobstvnnostyyu', 246, 2, 0),
(472, 'Proiecte de decizii propuse spre consultare cu publicul și materialele aferente', '', 'proiecte-de-decizii-propuse-spre-consultare-cu-publicul-si-materialele-aferente', 247, 1, 1),
(473, 'Проекты решений с соответствующими материалами, представленные на обсуждение с общественностью', '', 'prokt-rshniy-s-sootvtstvuyushtimi-matrialami-prdstavlnn-na-obsuzhdni-s-obshtstvnnostyyu', 247, 2, 0),
(474, 'Proiecte consultate, sinteza recomandărilor recepționate, procesul verbal', '', 'proiecte-consultate-sinteza-recomandarilor-receptionate-procesul-verbal', 248, 1, 1),
(475, 'Обсуждённые проекты, анализ полученных рекомендации, протокол', '', 'obsuzhdnn-prokt-analiz-poluchnnh-rkomndatsii-protokol', 248, 2, 0),
(476, 'Dezbateri publice', '', 'dezbateri-publice', 249, 1, 1),
(477, 'Общественные обсуждения', '', 'obshtstvnn-obsuzhdniya', 249, 2, 0),
(478, 'Sondaje on-line', '', 'sondaje-on-line', 250, 1, 1),
(479, 'Онлайн опросы', '', 'onlayn-opros', 250, 2, 0),
(480, 'Proiecte finalizate', '', 'proiecte-finalizate', 251, 1, 1),
(481, 'Завершенные проекты', '', 'zavrshnn-prokt', 251, 2, 0),
(482, 'Proiecte curente', '', 'proiecte-curente', 252, 1, 1),
(483, 'Текущие проекты', '', 'tkushti-prokt', 252, 2, 0),
(502, 'Rapoarte anuale', '', 'rapoarte-anuale', 262, 1, 1),
(503, 'Годовые отчёты', '', 'godov-otcht', 262, 2, 0),
(524, 'Coș cu pagini șterse', '', 'cos-cu-pagini-sterse', 270, 1, 0),
(525, 'Удаленные страницы', '', 'udalnn-stranits', 270, 2, 0),
(781, 'Contacts', '', 'contacts', 95, 6, 0),
(785, 'System error', '', 'system-error', 102, 6, 0),
(786, 'Citizens and business', '', 'citizens-and-business', 103, 6, 0),
(787, 'Mayoralty', '', 'mayoralty', 104, 6, 0),
(788, 'Local council', '', 'local-council', 105, 6, 0),
(789, 'Transparency', '', 'transparency', 106, 6, 0),
(790, 'Social benefits and aid', '', 'social-benefits-and-aid', 107, 6, 0),
(791, 'Local fees and taxes', '', 'local-fees-and-taxes', 108, 6, 0),
(792, 'Business and entrepreneurship', '', 'business-and-entrepreneurship', 109, 6, 0),
(793, 'Permits and certificates', '', 'permits-and-certificates', 110, 6, 0),
(794, 'Education, culture, tourism and sport', '', 'education-culture-tourism-and-sport', 111, 6, 0),
(795, 'Citizens involvement', '', 'citizens-involvement', 112, 6, 0),
(796, 'Citizens consultation', '', 'citizens-consultation', 113, 6, 0),
(797, 'Samples of documents/blank forms', '', 'samples-of-documents-blank-forms', 114, 6, 0),
(798, 'Mayoralty', '', 'mayoralty-798', 115, 6, 0),
(799, 'Reports and action plans', '', 'reports-and-action-plans', 116, 6, 0),
(800, 'Subordinated enterprises', '', 'subordinated-enterprises', 117, 6, 0),
(801, 'Local council', '', 'local-council-801', 118, 6, 0),
(802, 'Specialized committees', '', 'specialized-committees', 119, 6, 0),
(803, 'Strategies, plans and policies', '', 'strategies-plans-and-policies', 120, 6, 0),
(804, 'What is transparency?', '', 'what-is-transparency', 121, 6, 0),
(805, 'Dialogue with citizens', '', 'dialogue-with-citizens', 122, 6, 0),
(806, 'Public information', '', 'public-information', 123, 6, 0),
(807, 'Local public finances', '', 'local-public-finances', 124, 6, 0),
(808, 'Public consultation', '', 'public-consultation', 125, 6, 0),
(809, 'Local projects', '', 'local-projects', 126, 6, 0),
(810, 'Contacts and usefull addresses', '', 'contacts-and-usefull-addresses', 127, 6, 0),
(811, 'Site map', '', 'site-map', 128, 6, 0),
(812, 'Annual income and interest statement', '', 'annual-income-and-interest-statement', 129, 6, 0),
(813, 'Errors', '', 'errors', 130, 6, 0),
(814, 'Page not found', '', 'page-not-found', 131, 6, 0),
(815, 'Social benefits for families', '', 'social-benefits-for-families', 132, 6, 0),
(816, 'Labor registry office/ unemployment benefits', '', 'labor-registry-office-unemployment-benefits', 133, 6, 0),
(817, 'Retirement and social support', '', 'retirement-and-social-support', 134, 6, 0),
(818, 'Social advisory', '', 'social-advisory', 135, 6, 0),
(819, 'Local medical facilities', '', 'local-medical-facilities', 136, 6, 0),
(820, 'Death and benefits', '', 'death-and-benefits', 137, 6, 0),
(821, 'Shelter-care facilities and homes for elderly', '', 'shelter-care-facilities-and-homes-for-elderly', 138, 6, 0),
(822, 'Domestic violence / emergency cases', '', 'domestic-violence-emergency-cases', 139, 6, 0),
(823, 'Report a social fraud', '', 'report-a-social-fraud', 140, 6, 0),
(824, 'Faq/application samples/guide for filling application form', '', 'faq-application-samples-guide-for-filling-application-form', 141, 6, 0),
(825, 'Faq', '', 'faq', 142, 6, 0),
(826, 'Application samples', '', 'application-samples', 143, 6, 0),
(827, 'Guide for filling application form', '', 'guide-for-filling-application-form', 144, 6, 0),
(828, 'Local fees and taxes', '', 'local-fees-and-taxes-828', 145, 6, 0),
(829, 'Advertising fee', '', 'advertising-fee', 146, 6, 0),
(830, 'Fee for tenders/lotteries organisation', '', 'fee-for-tenders-lotteries-organisation', 147, 6, 0),
(831, 'Fee for commercial establishments', '', 'fee-for-commercial-establishments', 148, 6, 0),
(832, 'Market fee', '', 'market-fee', 149, 6, 0),
(833, 'Accommodation fee', '', 'accommodation-fee', 150, 6, 0),
(834, 'Parking fee', '', 'parking-fee', 151, 6, 0),
(835, 'Fee for street establishments', '', 'fee-for-street-establishments', 152, 6, 0),
(836, 'Tax on real estate', '', 'tax-on-real-estate', 153, 6, 0),
(837, 'Faq/ samples of documents/ guide on fees and taxes', '', 'faq-samples-of-documents-guide-on-fees-and-taxes', 154, 6, 0),
(838, 'Faq', '', 'faq-838', 155, 6, 0),
(839, 'Samples of documents', '', 'samples-of-documents', 156, 6, 0),
(840, 'Guide on fees and taxes', '', 'guide-on-fees-and-taxes', 157, 6, 0),
(841, 'Invest in xxxxxxxxx town', '', 'invest-in-xxxxxxxxx-town', 158, 6, 0),
(842, 'How to register a company', '', 'how-to-register-a-company', 159, 6, 0),
(843, 'How to register a farm', '', 'how-to-register-a-farm', 160, 6, 0),
(844, 'How to register a sole proprietorship', '', 'how-to-register-a-sole-proprietorship', 161, 6, 0),
(845, 'Business hubs and consulting companies', '', 'business-hubs-and-consulting-companies', 162, 6, 0),
(846, 'Permit for commercial establishments', '', 'permit-for-commercial-establishments', 163, 6, 0),
(847, 'Building permit', '', 'building-permit', 164, 6, 0),
(848, 'Demolition permit', '', 'demolition-permit', 165, 6, 0),
(849, 'Certificate for urban design', '', 'certificate-for-urban-design', 166, 6, 0),
(850, 'Certificate of lack / existence of arrears', '', 'certificate-of-lack-existence-of-arrears', 167, 6, 0),
(851, 'Family composition certificate', '', 'family-composition-certificate', 168, 6, 0),
(852, 'Certificate required for house or commercial establishment construction', '', 'certificate-required-for-house-or-commercial-establishment-construction', 169, 6, 0),
(853, 'Library, museum and theatre', '', 'library-museum-and-theatre', 171, 6, 0),
(854, 'Faq / application samples / guide for filling application form', '', 'faq-application-samples-guide-for-filling-application-form-854', 172, 6, 0),
(855, 'Faq', '', 'faq-855', 173, 6, 0),
(856, 'Application samples', '', 'application-samples-856', 174, 6, 0),
(857, 'Guide for filling application form', '', 'guide-for-filling-application-form-857', 175, 6, 0),
(858, 'Kindergartens, schools, highschools', '', 'kindergartens-schools-highschools', 176, 6, 0),
(859, 'College and university', '', 'college-and-university', 177, 6, 0),
(860, 'Parks, recreation areas and sport', '', 'parks-recreation-areas-and-sport', 178, 6, 0),
(861, 'Tourist attractions', '', 'tourist-attractions', 179, 6, 0),
(862, 'About town', '', 'about-town', 180, 6, 0),
(863, 'How to get to town / geographical location', '', 'how-to-get-to-town-geographical-location', 181, 6, 0),
(864, 'History of the town', '', 'history-of-the-town', 182, 6, 0),
(865, 'Famous personalities', '', 'famous-personalities', 183, 6, 0),
(866, 'Sister towns', '', 'sister-towns', 184, 6, 0),
(867, 'Citizens council', '', 'citizens-council', 185, 6, 0),
(868, 'Youth council', '', 'youth-council', 186, 6, 0),
(869, 'Local committees', '', 'local-committees', 187, 6, 0),
(870, 'Register yourself online for consultation', '', 'register-yourself-online-for-consultation', 188, 6, 0),
(871, 'Citizen consultation schedule', '', 'citizen-consultation-schedule', 189, 6, 0),
(872, 'Talk online with the mayor and local councilors', '', 'talk-online-with-the-mayor-and-local-councilors', 190, 6, 0),
(873, 'File a complaint', '', 'file-a-complaint', 191, 6, 0),
(874, 'Faq', '', 'faq-874', 192, 6, 0),
(875, 'Application samples', '', 'application-samples-875', 193, 6, 0),
(876, 'Certificate samples', '', 'certificate-samples', 194, 6, 0),
(877, 'Taxes and fees document samples', '', 'taxes-and-fees-document-samples', 195, 6, 0),
(878, 'Application / complaint samples', '', 'application-complaint-samples', 196, 6, 0),
(879, 'Mayor', '', 'mayor', 197, 6, 0),
(880, 'Vice-mayors', '', 'vice-mayors', 198, 6, 0),
(881, 'Mayoralty apparatus', '', 'mayoralty-apparatus', 199, 6, 0),
(882, 'Mayoralty organisational chart', '', 'mayoralty-organisational-chart', 200, 6, 0),
(883, 'Legal framework of the lg', '', 'legal-framework-of-the-lg', 201, 6, 0),
(884, 'Internal regulations', '', 'internal-regulations', 202, 6, 0),
(885, 'News', '', 'news', 203, 6, 0),
(886, 'Mayor''s biography', '', 'mayors-biography', 204, 6, 0),
(887, 'Action plans for current year', '', 'action-plans-for-current-year', 205, 6, 0),
(888, 'Mayor''s activity program', '', 'mayors-activity-program', 206, 6, 0),
(889, 'Mayor''s annual report', '', 'mayors-annual-report', 207, 6, 0),
(890, 'Action plans', '', 'action-plans', 210, 6, 0),
(891, 'Public services', '', 'public-services', 211, 6, 0),
(892, 'Other entities', '', 'other-entities', 212, 6, 0),
(893, 'What is local council?', '', 'what-is-local-council', 213, 6, 0),
(894, 'Council''s sessions', '', 'councils-sessions', 214, 6, 0),
(895, 'Secretary of local council', '', 'secretary-of-local-council', 215, 6, 0),
(896, 'Local councilors and areas of responsibility', '', 'local-councilors-and-areas-of-responsibility', 216, 6, 0),
(897, 'Consultation schedule of local councilors', '', 'consultation-schedule-of-local-councilors', 217, 6, 0),
(898, 'Archive of previous decisions', '', 'archive-of-previous-decisions', 218, 6, 0),
(899, 'Session agenda', '', 'session-agenda', 219, 6, 0),
(900, 'Previous sessions', '', 'previous-sessions', 220, 6, 0),
(901, 'Schedule of future sessions', '', 'schedule-of-future-sessions', 221, 6, 0),
(902, 'Watch online the local council''s session', '', 'watch-online-the-local-councils-session', 222, 6, 0),
(903, 'Commission on  urban planning', '', 'commission-on-urban-planning', 223, 6, 0),
(904, 'Commission on budget, finances and economy', '', 'commission-on-budget-finances-and-economy', 224, 6, 0),
(905, 'Commission on legal affairs', '', 'commission-on-legal-affairs', 225, 6, 0),
(906, 'Commission on social affairs', '', 'commission-on-social-affairs', 226, 6, 0),
(907, 'Socio-economic development startegy of the town', '', 'socio-economic-development-startegy-of-the-town', 227, 6, 0),
(908, 'General urban plan', '', 'general-urban-plan', 228, 6, 0),
(909, 'Action plans on energy efficiency', '', 'action-plans-on-energy-efficiency', 229, 6, 0),
(910, 'Local program on energy efficiency', '', 'local-program-on-energy-efficiency', 230, 6, 0),
(911, 'Environment protection policies', '', 'environment-protection-policies', 231, 6, 0),
(912, 'Public service improvement plan', '', 'public-service-improvement-plan', 232, 6, 0),
(913, 'Familiy and children protection policies', '', 'familiy-and-children-protection-policies', 233, 6, 0),
(914, 'Social housing and protection', '', 'social-housing-and-protection', 234, 6, 0),
(915, 'Faq', '', 'faq-915', 235, 6, 0),
(916, 'Legislation on decisional transparency and access to information', '', 'legislation-on-decisional-transparency-and-access-to-information', 236, 6, 0),
(917, 'Video recording', '', 'video-recording', 237, 6, 0),
(918, 'Address a question to mayor', '', 'address-a-question-to-mayor', 238, 6, 0),
(919, 'News and announcements', '', 'news-and-announcements', 239, 6, 0),
(920, 'Announcements on public procurements', '', 'announcements-on-public-procurements', 240, 6, 0),
(921, 'Current vacancies', '', 'current-vacancies', 241, 6, 0),
(922, 'Internships and volunteering at the mayoralty', '', 'internships-and-volunteering-at-the-mayoralty', 242, 6, 0),
(923, 'Local budget (town''s revenues and expenditures)', '', 'local-budget-towns-revenues-and-expenditures', 243, 6, 0),
(924, 'How are the public money spent', '', 'how-are-the-public-money-spent', 244, 6, 0),
(925, 'Expenditures for subordinated institutions', '', 'expenditures-for-subordinated-institutions', 245, 6, 0),
(926, 'Public asset management', '', 'public-asset-management', 246, 6, 0),
(927, 'Draft decisions and related materials submitted for public consultation', '', 'draft-decisions-and-related-materials-submitted-for-public-consultation', 247, 6, 0),
(928, 'Discussed projects, analysis of the received recommendations, minutes', '', 'discussed-projects-analysis-of-the-received-recommendations-minutes', 248, 6, 0),
(929, 'Public debates', '', 'public-debates', 249, 6, 0),
(930, 'Online surveys', '', 'online-surveys', 250, 6, 0),
(931, 'Completed projects', '', 'completed-projects', 251, 6, 0),
(932, 'Current projects', '', 'current-projects', 252, 6, 0),
(942, 'Annual reports', '', 'annual-reports', 262, 6, 0),
(948, 'Deleted pages', '', 'deleted-pages', 270, 6, 0),
(989, 'Контакти', '', 'kontakti', 95, 7, 0),
(993, 'Системна грешка', '', 'sistmna-grshka', 102, 7, 0),
(994, 'Граждани и бизнес', '', 'grazhdani-i-bizns', 103, 7, 0),
(995, 'Кметство', '', 'kmtstvo', 104, 7, 0),
(996, 'Общински съвет', '', 'obshtinski-savt', 105, 7, 0),
(997, 'Прозрачност', '', 'prozrachnost', 106, 7, 0),
(998, 'Социални обезщетения и помощи', '', 'sotsialni-obzshttniya-i-pomoshti', 107, 7, 0),
(999, 'Данъци и такси', '', 'danatsi-i-taksi', 108, 7, 0),
(1000, 'Бизнес и предприемачество', '', 'bizns-i-prdprimachstvo', 109, 7, 0),
(1001, 'Разрешение и сертификати', '', 'razrshni-i-srtifikati', 110, 7, 0),
(1002, 'Образование, култура, туризъм и спорт', '', 'obrazovani-kultura-turizam-i-sport', 111, 7, 0),
(1003, 'Участие на гражданите', '', 'uchasti-na-grazhdanit', 112, 7, 0),
(1004, 'Прием на граждани', '', 'prim-na-grazhdani', 113, 7, 0),
(1005, 'документи / формуляри', '', 'dokumnti-formulyari', 114, 7, 0),
(1006, 'Кметство', '', 'kmtstvo-1006', 115, 7, 0),
(1007, 'Отчети и планове за действие', '', 'otchti-i-planov-za-dystvi', 116, 7, 0),
(1008, 'Общински предприятия', '', 'obshtinski-prdpriyatiya', 117, 7, 0),
(1009, 'Общински съвет', '', 'obshtinski-savt-1009', 118, 7, 0),
(1010, 'Постоянни комисии', '', 'postoyanni-komisii', 119, 7, 0),
(1011, 'Стратегии, общински план и политика', '', 'stratgii-obshtinski-plan-i-politika', 120, 7, 0),
(1012, 'Какво е прозрачност?', '', 'kakvo-prozrachnost', 121, 7, 0),
(1013, 'Диалог с гражданите', '', 'dialog-s-grazhdanit', 122, 7, 0),
(1014, 'Публична информация', '', 'publichna-informatsiya', 123, 7, 0),
(1015, 'Общински държавни финанси', '', 'obshtinski-darzhavni-finansi', 124, 7, 0),
(1016, 'Обществено допитване', '', 'obshtstvno-dopitvan', 125, 7, 0),
(1017, 'Общински проекти', '', 'obshtinski-prokti', 126, 7, 0),
(1018, 'Контакти и полезна информация', '', 'kontakti-i-polzna-informatsiya', 127, 7, 0),
(1019, 'Карта на сайта', '', 'karta-na-sayta', 128, 7, 0),
(1020, 'Декларациите за доходите и имуществото', '', 'dklaratsiit-za-dohodit-i-imushtstvoto', 129, 7, 0),
(1021, 'Грешки', '', 'grshki', 130, 7, 0),
(1022, 'Страницата не е намерена', '', 'stranitsata-n-namrna', 131, 7, 0),
(1023, 'Сциална подкрепа на семейство', '', 'stsialna-podkrpa-na-smystvo', 132, 7, 0),
(1024, 'Трудова борса / парично обезщетение за безработица', '', 'trudova-borsa-parichno-obzshttni-za-bzrabotitsa', 133, 7, 0),
(1025, 'Пенсиониране и социално подпомагане', '', 'pnsioniran-i-sotsialno-podpomagan', 134, 7, 0),
(1026, 'Социално консултиране', '', 'sotsialno-konsultiran', 135, 7, 0),
(1027, 'Общински лечебни заведения', '', 'obshtinski-lchbni-zavdniya', 136, 7, 0),
(1028, 'Еднократна помощ при смърт', '', 'ednokratna-pomosht-pri-smart', 137, 7, 0),
(1029, 'Социални приюти и домове за възрастни хора', '', 'sotsialni-priyuti-i-domov-za-vazrastni-hora', 138, 7, 0),
(1030, 'Домашно насилие / извънредни ситуации', '', 'domashno-nasili-izvanrdni-situatsii', 139, 7, 0),
(1031, 'Сигнали за социална измама', '', 'signali-za-sotsialna-izmama', 140, 7, 0),
(1032, 'Най-често задавани въпроси / формуляри', '', 'nay-chsto-zadavani-vaprosi-formulyari', 141, 7, 0),
(1033, 'Най-често задавани въпроси', '', 'nay-chsto-zadavani-vaprosi', 142, 7, 0),
(1034, 'Формуляри', '', 'formulyari', 143, 7, 0),
(1035, 'Указания за попълване на заявление', '', 'ukazaniya-za-popalvan-na-zayavlni', 144, 7, 0),
(1036, 'Данъци и такси', '', 'danatsi-i-taksi-1036', 145, 7, 0),
(1037, 'Такси за поставяне на рекламни съоръжения', '', 'taksi-za-postavyan-na-rklamni-saorazhniya', 146, 7, 0),
(1038, 'Таксата за организиране на търгове и лотарии', '', 'taksata-za-organiziran-na-targov-i-lotarii', 147, 7, 0),
(1039, 'Такса за издаване на разрешение за търговия', '', 'taksa-za-izdavan-na-razrshni-za-targoviya', 148, 7, 0),
(1040, 'Такса при пазаруване', '', 'taksa-pri-pazaruvan', 149, 7, 0),
(1041, 'Такса за временно пребиваване', '', 'taksa-za-vrmnno-prbivavan', 150, 7, 0),
(1042, 'Такса за паркиране на превозни средства', '', 'taksa-za-parkiran-na-prvozni-srdstva', 151, 7, 0),
(1043, 'Такса за улични обекти', '', 'taksa-za-ulichni-obkti', 152, 7, 0),
(1044, 'Данък върху недвижимите имоти', '', 'danak-varhu-ndvizhimit-imoti', 153, 7, 0),
(1045, 'Най-често задавани въпроси / формуляри / указания за попълване на документите за плащането на данъци и такси', '', 'nay-chsto-zadavani-vaprosi-formulyari-ukazaniya-za-popalvan-na-dokumntit-za-plashtanto-na-danatsi-i-taksi', 154, 7, 0),
(1046, 'Най-често задавани въпроси', '', 'nay-chsto-zadavani-vaprosi-1046', 155, 7, 0),
(1047, 'Формуляри', '', 'formulyari-1047', 156, 7, 0),
(1048, 'Указания за попълване на документите за плащането на данъци и такси', '', 'ukazaniya-za-popalvan-na-dokumntit-za-plashtanto-na-danatsi-i-taksi', 157, 7, 0),
(1049, 'Инвестирайте в град xxxxxxxxx', '', 'invstirayt-v-grad-xxxxxxxxx', 158, 7, 0),
(1050, 'Как да регистрирам фирма', '', 'kak-da-rgistriram-firma', 159, 7, 0),
(1051, 'Как да регистрирам фермерско стопанство', '', 'kak-da-rgistriram-frmrsko-stopanstvo', 160, 7, 0),
(1052, 'Как да регистрирам еднолична търговия', '', 'kak-da-rgistriram-dnolichna-targoviya', 161, 7, 0),
(1053, 'Бизнес инкубатори и консултантски фирми', '', 'bizns-inkubatori-i-konsultantski-firmi', 162, 7, 0),
(1054, 'Наредба за извършване на търговска дейност', '', 'nardba-za-izvarshvan-na-targovska-dynost', 163, 7, 0),
(1055, 'Разрешение за строеж', '', 'razrshni-za-strozh', 164, 7, 0),
(1056, 'Разрешение за разрушаване', '', 'razrshni-za-razrushavan', 165, 7, 0),
(1057, 'Сертификат за проектиране на сгради, съоръжения и обекти на техническата инфраструктура', '', 'srtifikat-za-proktiran-na-sgradi-saorazhniya-i-obkti-na-thnichskata-infrastruktura', 166, 7, 0),
(1058, 'Удостоверение за наличие / липса на задължение', '', 'udostovrni-za-nalichi-lipsa-na-zadalzhni', 167, 7, 0),
(1059, 'Удостоверение за семейно положение', '', 'udostovrni-za-smyno-polozhni', 168, 7, 0),
(1060, 'Необходими сертификати за строителство на къща или търговски обект', '', 'nobhodimi-srtifikati-za-stroitlstvo-na-kashta-ili-targovski-obkt', 169, 7, 0),
(1061, 'Библиотека, музей и театър', '', 'bibliotka-muzy-i-tatar', 171, 7, 0),
(1062, 'Най-често задавани въпроси / формуляри / указания за попълване на заявление', '', 'nay-chsto-zadavani-vaprosi-formulyari-ukazaniya-za-popalvan-na-zayavlni', 172, 7, 0),
(1063, 'Най-често задавани въпроси', '', 'nay-chsto-zadavani-vaprosi-1063', 173, 7, 0),
(1064, 'Формуляри', '', 'formulyari-1064', 174, 7, 0),
(1065, 'Указания за попълване на заявление', '', 'ukazaniya-za-popalvan-na-zayavlni-1065', 175, 7, 0),
(1066, 'Детски градини, училища, лицеи', '', 'dtski-gradini-uchilishta-litsi', 176, 7, 0),
(1067, 'Коледж и висши учебни заведения', '', 'koldzh-i-visshi-uchbni-zavdniya', 177, 7, 0),
(1068, 'Градини, отдих и спорт', '', 'gradini-otdih-i-sport', 178, 7, 0),
(1069, 'Забележителности', '', 'zablzhitlnosti', 179, 7, 0),
(1070, 'За града', '', 'za-grada', 180, 7, 0),
(1071, 'Карта на общината / географско местоположение', '', 'karta-na-obshtinata-gografsko-mstopolozhni', 181, 7, 0),
(1072, 'История на града', '', 'istoriya-na-grada', 182, 7, 0),
(1073, 'Почетни граждани', '', 'pochtni-grazhdani', 183, 7, 0),
(1074, 'Побратимени градове', '', 'pobratimni-gradov', 184, 7, 0),
(1075, 'Обществен съвет', '', 'obshtstvn-savt', 185, 7, 0),
(1076, 'Младежки съвет', '', 'mladzhki-savt', 186, 7, 0),
(1077, 'Общински комитети', '', 'obshtinski-komitti', 187, 7, 0),
(1078, 'Регистрация онлайн приемна', '', 'rgistratsiya-onlayn-primna', 188, 7, 0),
(1079, 'Приемни дни на граждани', '', 'primni-dni-na-grazhdani', 189, 7, 0),
(1080, 'Комуникирате онлайн с кмета и с общински съветници', '', 'komunikirat-onlayn-s-kmta-i-s-obshtinski-savtnitsi', 190, 7, 0),
(1081, 'Оплаквания', '', 'oplakvaniya', 191, 7, 0),
(1082, 'Най-често задавани въпроси', '', 'nay-chsto-zadavani-vaprosi-1082', 192, 7, 0),
(1083, 'Формуляри', '', 'formulyari-1083', 193, 7, 0),
(1084, 'Формуляр на сертификата', '', 'formulyar-na-srtifikata', 194, 7, 0),
(1085, 'Формуляр за данъци и такси', '', 'formulyar-za-danatsi-i-taksi', 195, 7, 0),
(1086, 'Бланки за възражения и жалби', '', 'blanki-za-vazrazhniya-i-zhalbi', 196, 7, 0),
(1087, 'Кмет', '', 'kmt', 197, 7, 0),
(1088, 'Заместник-кмет', '', 'zamstnik-kmt', 198, 7, 0),
(1089, 'Общинска администрация', '', 'obshtinska-administratsiya', 199, 7, 0),
(1090, 'Състав на общината', '', 'sastav-na-obshtinata', 200, 7, 0),
(1091, 'Нормативна база', '', 'normativna-baza', 201, 7, 0),
(1092, 'Вътрешни правила', '', 'vatrshni-pravila', 202, 7, 0),
(1093, 'Новини', '', 'novini', 203, 7, 0),
(1094, 'Автобиография на кмета', '', 'avtobiografiya-na-kmta', 204, 7, 0),
(1095, 'Програма за управление на общината за текущата година', '', 'programa-za-upravlni-na-obshtinata-za-tkushtata-godina', 205, 7, 0),
(1096, 'Програма за управление на кмета', '', 'programa-za-upravlni-na-kmta', 206, 7, 0),
(1097, 'Годишен доклад на кмета', '', 'godishn-doklad-na-kmta', 207, 7, 0),
(1098, 'Програма за управление', '', 'programa-za-upravlni', 210, 7, 0),
(1099, 'Комунални услуги', '', 'komunalni-uslugi', 211, 7, 0),
(1100, 'Други субекти', '', 'drugi-subkti', 212, 7, 0),
(1101, 'Какво е общински съвет?', '', 'kakvo-obshtinski-savt', 213, 7, 0),
(1102, 'Заседания на общинските съветници', '', 'zasdaniya-na-obshtinskit-savtnitsi', 214, 7, 0),
(1103, 'Секретар на общината', '', 'skrtar-na-obshtinata', 215, 7, 0),
(1104, 'Състав на общински съвет и тяхната отговорност', '', 'sastav-na-obshtinski-savt-i-tyahnata-otgovornost', 216, 7, 0),
(1105, 'Приемни дни на общинските съветници', '', 'primni-dni-na-obshtinskit-savtnitsi', 217, 7, 0),
(1106, 'Архив на взети решения', '', 'arhiv-na-vzti-rshniya', 218, 7, 0),
(1107, 'Дневен ред', '', 'dnvn-rd', 219, 7, 0),
(1108, 'Предишни заседания', '', 'prdishni-zasdaniya', 220, 7, 0),
(1109, 'График на заседанията', '', 'grafik-na-zasdaniyata', 221, 7, 0),
(1110, 'Заседания онлайн', '', 'zasdaniya-onlayn', 222, 7, 0),
(1111, 'Комисия по градоустройство', '', 'komisiya-po-gradoustroystvo', 223, 7, 0),
(1112, 'Комисия по бюджет, финански и економика', '', 'komisiya-po-byudzht-finanski-i-konomika', 224, 7, 0),
(1113, 'Правна комисия', '', 'pravna-komisiya', 225, 7, 0),
(1114, 'Комисия по социални дейности', '', 'komisiya-po-sotsialni-dynosti', 226, 7, 0),
(1115, 'Стратегия за социално-икономическо развитие', '', 'stratgiya-za-sotsialno-ikonomichsko-razviti', 227, 7, 0),
(1116, 'Генерален план за градско развитие', '', 'gnraln-plan-za-gradsko-razviti', 228, 7, 0),
(1117, 'Планове за действие за енергийна ефективност', '', 'planov-za-dystvi-za-nrgiyna-fktivnost', 229, 7, 0),
(1118, 'Общинна програма за енергийна ефективност', '', 'obshtinna-programa-za-nrgiyna-fktivnost', 230, 7, 0),
(1119, 'Политика за опазване на околната среда', '', 'politika-za-opazvan-na-okolnata-srda', 231, 7, 0),
(1120, 'План за подобряване на общински услуги', '', 'plan-za-podobryavan-na-obshtinski-uslugi', 232, 7, 0),
(1121, 'Политики за защита на семейството и детето', '', 'politiki-za-zashtita-na-smystvoto-i-dtto', 233, 7, 0),
(1122, 'Жилища и социална защита', '', 'zhilishta-i-sotsialna-zashtita', 234, 7, 0),
(1123, 'Най-често задавани въпроси', '', 'nay-chsto-zadavani-vaprosi-1123', 235, 7, 0),
(1124, 'Законодателство в областта на прозрачността и достъпа до информация', '', 'zakonodatlstvo-v-oblastta-na-prozrachnostta-i-dostapa-do-informatsiya', 236, 7, 0),
(1125, 'Видеозаписи', '', 'vidozapisi-1125', 237, 7, 0),
(1126, 'Въпроси към кмета', '', 'vaprosi-kam-kmta', 238, 7, 0),
(1127, 'Новини и обяви', '', 'novini-i-obyavi', 239, 7, 0),
(1128, 'Обяви за обществените поръчки на стоки и услуги', '', 'obyavi-za-obshtstvnit-porachki-na-stoki-i-uslugi', 240, 7, 0),
(1129, 'Кариери', '', 'kariri', 241, 7, 0),
(1130, 'Стажантски програми в общината', '', 'stazhantski-programi-v-obshtinata', 242, 7, 0),
(1131, 'Бюджет на общината (приходи и расходи)', '', 'byudzht-na-obshtinata-prihodi-i-rashodi', 243, 7, 0),
(1132, 'Как се исползват държавните пари', '', 'kak-s-ispolzvat-darzhavnit-pari', 244, 7, 0),
(1133, 'Разходи за подчинени институции', '', 'razhodi-za-podchinni-institutsii', 245, 7, 0),
(1134, 'Управление на публична собственост', '', 'upravlni-na-publichna-sobstvnost', 246, 7, 0),
(1135, 'Проекти на решения, представени за разглеждане от обществеността', '', 'prokti-na-rshniya-prdstavni-za-razglzhdan-ot-obshtstvnostta', 247, 7, 0),
(1136, 'Разглеждани проекти, анализ на препоръките, протокол', '', 'razglzhdani-prokti-analiz-na-prporakit-protokol', 248, 7, 0),
(1137, 'Публични дебати', '', 'publichni-dbati', 249, 7, 0),
(1138, 'Онлайн проучвания', '', 'onlayn-prouchvaniya', 250, 7, 0),
(1139, 'Реализирани проекти', '', 'ralizirani-prokti', 251, 7, 0),
(1140, 'Текущи проекти', '', 'tkushti-prokti', 252, 7, 0),
(1150, 'Годишни доклади', '', 'godishni-dokladi', 262, 7, 0),
(1156, 'Изтрити страници', '', 'iztriti-stranitsi', 270, 7, 0),
(1160, 'Noutățile primăriei', '', 'noutatile-primariei', 274, 1, 1),
(1161, '', '', '1161', 274, 2, 0),
(1162, '', '', '1162', 274, 6, 0),
(1163, 'Кметство Новини', '', 'kmtstvo-novini', 274, 7, 0);

-- --------------------------------------------------------

--
-- Table structure for table `apl_post_property`
--

DROP TABLE IF EXISTS `apl_post_property`;
CREATE TABLE IF NOT EXISTS `apl_post_property` (
  `id` int(11) NOT NULL AUTO_INCREMENT,
  `taxonomy_id` int(11) NOT NULL,
  `key` varchar(50) NOT NULL,
  `name` varchar(250) NOT NULL,
  `is_unique` int(1) NOT NULL DEFAULT '0',
  PRIMARY KEY (`id`),
  UNIQUE KEY `key` (`key`)
) ENGINE=InnoDB  DEFAULT CHARSET=utf8 AUTO_INCREMENT=15 ;

--
-- Dumping data for table `apl_post_property`
--

INSERT INTO `apl_post_property` (`id`, `taxonomy_id`, `key`, `name`, `is_unique`) VALUES
(1, 1, 'button_site', 'Show on bottom site', 0),
(2, 1, 'show_news', 'Show news block (only General Node)', 0),
(3, 1, 'show_ads', 'Show ads (only General Node)', 0),
(4, 1, 'show_block_page', 'Show selected page', 0),
(5, 1, 'is_selected_page', 'Is selected page', 0),
(6, 1, 'hide_on_mobile', 'Hide on mobile version', 0),
(7, 1, 'error_404', 'Page not found', 1),
(8, 1, 'error_500', 'Page system error', 1),
(9, 1, 'error_other', 'Page other error', 1),
(10, 1, 'phone-page', 'Pagina cu telefoane', 1),
(11, 1, 'show_file_page', 'Afisează lista de acte', 0),
(12, 1, 'is_alert', 'Este Alertă', 1),
(13, 1, 'more_contacts', 'Mai multe date de contact', 1),
(14, 1, 'start-chat', 'Start chat', 0);

-- --------------------------------------------------------

--
-- Table structure for table `apl_post_property_rel`
--

DROP TABLE IF EXISTS `apl_post_property_rel`;
CREATE TABLE IF NOT EXISTS `apl_post_property_rel` (
  `id` int(11) NOT NULL AUTO_INCREMENT,
  `post_property_id` int(11) NOT NULL,
  `post_id` int(11) NOT NULL,
  PRIMARY KEY (`id`)
) ENGINE=InnoDB  DEFAULT CHARSET=utf8 AUTO_INCREMENT=57 ;

--
-- Dumping data for table `apl_post_property_rel`
--

INSERT INTO `apl_post_property_rel` (`id`, `post_property_id`, `post_id`) VALUES
(10, 3, 104),
(11, 4, 105),
(30, 6, 200),
(33, 9, 102),
(34, 8, 102),
(36, 7, 131),
(44, 1, 274),
(45, 1, 128),
(46, 11, 106),
(47, 5, 106),
(48, 2, 106),
(51, 1, 95),
(54, 13, 127),
(55, 10, 127),
(56, 14, 190);

-- --------------------------------------------------------

--
-- Table structure for table `apl_role`
--

DROP TABLE IF EXISTS `apl_role`;
CREATE TABLE IF NOT EXISTS `apl_role` (
  `id` int(11) NOT NULL AUTO_INCREMENT,
  `name` varchar(250) NOT NULL,
  `key` varchar(100) NOT NULL,
  `on_install` int(11) NOT NULL,
  PRIMARY KEY (`id`)
) ENGINE=InnoDB  DEFAULT CHARSET=utf8 AUTO_INCREMENT=44 ;

--
-- Dumping data for table `apl_role`
--

INSERT INTO `apl_role` (`id`, `name`, `key`, `on_install`) VALUES
(1, 'View log', 'log-view', 0),
(2, 'View feeds', 'feed-view', 1),
(3, 'Create feed', 'feed-create', 1),
(4, 'Edit feed', 'feed-edit', 1),
(5, 'Modify feed posts', 'feedpost-edit', 1),
(6, 'View feed posts', 'feedpost-view', 1),
(7, 'Languages', 'lang-view', 0),
(8, 'Manage Extensions', 'modules-view', 1),
(9, 'Edit pages', 'page-edit', 1),
(10, 'View pages', 'page-view', 1),
(11, 'Create page', 'page-create', 0),
(12, 'Order pages', 'page-order', 1),
(13, 'Delete pages', 'page-delete', 0),
(14, 'Upload files', 'file-upload', 1),
(15, 'Delete files', 'file-delete', 1),
(16, 'View users', 'user-view', 1),
(17, 'Create users', 'user-create', 1),
(18, 'Edit user', 'user-edit', 1),
(19, 'Change user password', 'user-chpwd', 1),
(20, 'Edit user roles', 'user-roles', 0),
(21, 'Calendar', 'calendar-view', 1),
(22, 'Chat', 'chat-view', 1),
(23, 'Gallery', 'gallery-view', 1),
(24, 'Jobrequest', 'jobrequest-view', 1),
(25, 'Newsletter', 'newsletter-view', 1),
(26, 'Protect password', 'user-ptpsw', 0),
(27, 'Protect roles', 'user-ptroles', 0),
(28, 'View persons', 'person-view', 1),
(29, 'Edit person groups', 'person-group-edit', 1),
(30, 'Edit persons', 'person-edit', 1),
(31, 'View polls', 'poll-view', 1),
(32, 'Edit polls', 'poll-edit', 1),
(33, 'View settings', 'settings-view', 1),
(34, 'Get system emails', 'user-getemails', 1),
(35, 'Social complaints', 'socialc-view', 1),
(36, 'Acte locale', 'actelocale-view', 1),
(37, 'Delete user', 'user-delete', 1),
(38, 'Template edit', 'template-edit', 1),
(39, 'Template install', 'template-install', 0),
(40, 'Template delete', 'template-delete', 0),
(41, 'Change page parent', 'page-move', 0),
(42, 'Vars edit', 'var-edit', 1),
(43, 'Var create', 'var-create', 0);

-- --------------------------------------------------------

--
-- Table structure for table `apl_setting`
--

DROP TABLE IF EXISTS `apl_setting`;
CREATE TABLE IF NOT EXISTS `apl_setting` (
  `key` varchar(250) NOT NULL,
  `value` text NOT NULL,
  PRIMARY KEY (`key`)
) ENGINE=InnoDB DEFAULT CHARSET=utf8;

--
-- Dumping data for table `apl_setting`
--

INSERT INTO `apl_setting` (`key`, `value`) VALUES
('cachelife', '10'),
('disqus_shortname', 'aplkopceak1'),
('firechat_host', 'https://aplchat.firebaseio.com'),
('inactive_text', '<h1>Website in mentenanta&nbsp;</h1>\n\n<p>Va rugam reveniti mai tirziu :)</p>\n'),
('name', 'fdgsdfgdgertb ertwerter twert wer twer '),
('pos_lat', '47.146299'),
('pos_long', '28.614321'),
('sitename', 'APL Website'),
('sitename_bg', ''),
('sitename_en', ''),
('sitename_ro', 'Primăria Orașului'),
('sitename_ru', ' '),
('template', 'Default'),
('templateSchema', 'violet_green_yellow'),
('template_backend', 'Default'),
('template_frontend', 'Flat'),
('website_on', 'on');

-- --------------------------------------------------------

--
-- Table structure for table `apl_taxonomy`
--

DROP TABLE IF EXISTS `apl_taxonomy`;
CREATE TABLE IF NOT EXISTS `apl_taxonomy` (
  `id` int(11) NOT NULL AUTO_INCREMENT,
  `name` varchar(250) NOT NULL,
  PRIMARY KEY (`id`),
  UNIQUE KEY `name` (`name`)
) ENGINE=InnoDB  DEFAULT CHARSET=utf8 AUTO_INCREMENT=3 ;

--
-- Dumping data for table `apl_taxonomy`
--

INSERT INTO `apl_taxonomy` (`id`, `name`) VALUES
(2, 'article'),
(1, 'page');

-- --------------------------------------------------------

--
-- Table structure for table `apl_user`
--

DROP TABLE IF EXISTS `apl_user`;
CREATE TABLE IF NOT EXISTS `apl_user` (
  `id` int(11) NOT NULL AUTO_INCREMENT,
  `username` varchar(60) NOT NULL,
  `password` varchar(100) NOT NULL,
  `remember_token` varchar(100) NOT NULL,
  `email` varchar(100) NOT NULL,
  `register_date` timestamp NOT NULL DEFAULT CURRENT_TIMESTAMP,
  `updated_at` timestamp NOT NULL DEFAULT '0000-00-00 00:00:00',
  PRIMARY KEY (`id`)
) ENGINE=InnoDB  DEFAULT CHARSET=utf8 AUTO_INCREMENT=12 ;

--
-- Dumping data for table `apl_user`
--

INSERT INTO `apl_user` (`id`, `username`, `password`, `remember_token`, `email`, `register_date`, `updated_at`) VALUES
(1, 'superadmin', '$2y$10$8BsK6iFNy96LfNnO0JLl5uCfp2nURYG2Xs/ypdsOdnU.5oELMsB3W', 'ixQ9tbDi6hLqhj7o3ptwYHF9ejHcArrNliFkrBEjXDrCnxJCULKiJHcFnFNN', 'ngodina@ebs.md', '2014-06-28 18:23:41', '2014-09-25 09:10:00'),
(10, 'manager', '$2y$10$GTbp.vdJsQeVmb3JEn811.zeIqr/bLM/t6haHIEi9c1tLOWb4URFu', 'rRX0Yazea4xRooxKvHwNHW2aaE1F85zpW3p39HPQzYcQD6ZxzQ6FirP4l5MG', 'manager@ebs.md', '2014-10-21 21:33:46', '0000-00-00 00:00:00'),
(11, 'primar', '$2y$10$jXH33vgH.hEigvCLj6zNl.mqGTyL37lu8SoxPFIKeEtTyDQ.4qQV.', '', 'primar@ebs.md', '2014-10-21 21:40:02', '0000-00-00 00:00:00');

-- --------------------------------------------------------

--
-- Table structure for table `apl_user_role`
--

DROP TABLE IF EXISTS `apl_user_role`;
CREATE TABLE IF NOT EXISTS `apl_user_role` (
  `id` int(11) NOT NULL AUTO_INCREMENT,
  `user_id` int(11) NOT NULL,
  `role_id` int(11) NOT NULL,
  `created_at` timestamp NOT NULL DEFAULT CURRENT_TIMESTAMP,
  PRIMARY KEY (`id`)
) ENGINE=InnoDB  DEFAULT CHARSET=utf8 AUTO_INCREMENT=3345 ;

--
-- Dumping data for table `apl_user_role`
--

INSERT INTO `apl_user_role` (`id`, `user_id`, `role_id`, `created_at`) VALUES
(3136, 11, 22, '2014-10-21 21:46:53'),
(3158, 10, 36, '2014-10-21 21:47:11'),
(3159, 10, 21, '2014-10-21 21:47:11'),
(3160, 10, 22, '2014-10-21 21:47:11'),
(3161, 10, 3, '2014-10-21 21:47:11'),
(3162, 10, 4, '2014-10-21 21:47:11'),
(3163, 10, 2, '2014-10-21 21:47:11'),
(3164, 10, 5, '2014-10-21 21:47:11'),
(3165, 10, 6, '2014-10-21 21:47:11'),
(3166, 10, 15, '2014-10-21 21:47:11'),
(3167, 10, 14, '2014-10-21 21:47:11'),
(3168, 10, 23, '2014-10-21 21:47:11'),
(3169, 10, 24, '2014-10-21 21:47:11'),
(3170, 10, 25, '2014-10-21 21:47:11'),
(3171, 10, 9, '2014-10-21 21:47:11'),
(3172, 10, 10, '2014-10-21 21:47:11'),
(3173, 10, 30, '2014-10-21 21:47:11'),
(3174, 10, 29, '2014-10-21 21:47:11'),
(3175, 10, 28, '2014-10-21 21:47:12'),
(3176, 10, 32, '2014-10-21 21:47:12'),
(3177, 10, 31, '2014-10-21 21:47:12'),
(3178, 10, 35, '2014-10-21 21:47:12'),
(3179, 10, 42, '2014-10-21 21:47:12'),
(3303, 1, 36, '2014-10-21 21:51:51'),
(3304, 1, 21, '2014-10-21 21:51:51'),
(3305, 1, 22, '2014-10-21 21:51:51'),
(3306, 1, 3, '2014-10-21 21:51:51'),
(3307, 1, 4, '2014-10-21 21:51:51'),
(3308, 1, 2, '2014-10-21 21:51:52'),
(3309, 1, 5, '2014-10-21 21:51:52'),
(3310, 1, 6, '2014-10-21 21:51:52'),
(3311, 1, 15, '2014-10-21 21:51:52'),
(3312, 1, 14, '2014-10-21 21:51:52'),
(3313, 1, 23, '2014-10-21 21:51:52'),
(3314, 1, 24, '2014-10-21 21:51:52'),
(3315, 1, 7, '2014-10-21 21:51:52'),
(3316, 1, 1, '2014-10-21 21:51:52'),
(3317, 1, 8, '2014-10-21 21:51:52'),
(3318, 1, 25, '2014-10-21 21:51:52'),
(3319, 1, 11, '2014-10-21 21:51:52'),
(3320, 1, 13, '2014-10-21 21:51:52'),
(3321, 1, 9, '2014-10-21 21:51:52'),
(3322, 1, 41, '2014-10-21 21:51:52'),
(3323, 1, 12, '2014-10-21 21:51:52'),
(3324, 1, 10, '2014-10-21 21:51:52'),
(3325, 1, 30, '2014-10-21 21:51:52'),
(3326, 1, 29, '2014-10-21 21:51:52'),
(3327, 1, 28, '2014-10-21 21:51:52'),
(3328, 1, 32, '2014-10-21 21:51:52'),
(3329, 1, 31, '2014-10-21 21:51:52'),
(3330, 1, 33, '2014-10-21 21:51:53'),
(3331, 1, 35, '2014-10-21 21:51:53'),
(3332, 1, 40, '2014-10-21 21:51:53'),
(3333, 1, 38, '2014-10-21 21:51:53'),
(3334, 1, 39, '2014-10-21 21:51:53'),
(3335, 1, 19, '2014-10-21 21:51:53'),
(3336, 1, 17, '2014-10-21 21:51:53'),
(3337, 1, 37, '2014-10-21 21:51:53'),
(3338, 1, 18, '2014-10-21 21:51:53'),
(3339, 1, 34, '2014-10-21 21:51:53'),
(3340, 1, 26, '2014-10-21 21:51:53'),
(3341, 1, 20, '2014-10-21 21:51:54'),
(3342, 1, 16, '2014-10-21 21:51:54'),
(3343, 1, 43, '2014-10-21 21:51:54'),
(3344, 1, 42, '2014-10-21 21:51:54');

-- --------------------------------------------------------

--
-- Table structure for table `apl_var`
--

DROP TABLE IF EXISTS `apl_var`;
CREATE TABLE IF NOT EXISTS `apl_var` (
  `id` int(11) NOT NULL AUTO_INCREMENT,
  `key` varchar(250) NOT NULL,
  `parent_key` varchar(250) NOT NULL,
  PRIMARY KEY (`id`),
  UNIQUE KEY `key` (`key`)
) ENGINE=InnoDB  DEFAULT CHARSET=utf8 AUTO_INCREMENT=507 ;

--
-- Dumping data for table `apl_var`
--

INSERT INTO `apl_var` (`id`, `key`, `parent_key`) VALUES
(1, 'frontend', ''),
(2, 'backend', ''),
(3, 'menu', 'backend'),
(4, 'pages', 'menu'),
(5, 'layout', 'frontend'),
(6, 'discuta', 'layout'),
(7, 'social-links', 'layout'),
(8, 'facebook', 'social-links'),
(9, 'facebook-link', 'facebook'),
(10, 'odnoklassniki', 'social-links'),
(11, 'odnoklassniki-link', 'odnoklassniki'),
(12, 'odnoklassniki-link-1', 'odnoklassniki'),
(13, 'vkontakte', 'social-links'),
(14, 'vkontakte-link', 'vkontakte'),
(15, 'twitter', 'social-links'),
(16, 'twitter-link', 'twitter'),
(17, 'gplus', 'social-links'),
(18, 'gplus-link', 'gplus'),
(19, 'rss', 'social-links'),
(20, 'rss-link', 'rss'),
(21, 'online', 'layout'),
(22, 'offline', 'layout'),
(23, 'nr-phone', 'layout'),
(24, 'cautare', 'layout'),
(26, 'cititi', 'layout'),
(27, 'licentiere-cc', 'layout'),
(28, 'licenta', 'layout'),
(29, 'licenta-link', 'licenta'),
(30, 'material', 'layout'),
(31, 'submit', 'layout'),
(32, 'top-contacts', 'layout'),
(33, 'contact-us', 'top-contacts'),
(34, 'contacts', 'top-contacts'),
(35, 'phone-anti', 'top-contacts'),
(36, 'nr-anti', 'phone-anti'),
(37, 'email', 'top-contacts'),
(38, 'email-address', 'email'),
(39, 'relatii', 'top-contacts'),
(40, 'nr-relatii', 'relatii'),
(41, 'fax', 'top-contacts'),
(42, 'nr-fax', 'fax'),
(43, 'all-nr-phone', 'top-contacts'),
(44, 'orar-autobus', 'top-contacts'),
(45, 'address', 'top-contacts'),
(46, 'street', 'address'),
(47, 'city', 'address'),
(48, 'form-contact', 'layout'),
(49, 'write-us', 'form-contact'),
(50, 'success', 'form-contact'),
(51, 'name-last-name', 'form-contact'),
(52, 'message', 'form-contact'),
(53, 'orar-link', 'orar-autobus'),
(54, 'pages-1', 'frontend'),
(55, 'statut', 'pages-1'),
(56, 'oferte', 'pages-1'),
(57, 'oferte-expirate', 'pages-1'),
(58, 'documente', 'pages-1'),
(59, 'articole-null', 'pages-1'),
(60, 'error', 'pages-1'),
(61, 'sorry', 'pages-1'),
(62, 'pagina-solicitata', 'pages-1'),
(63, 'denumire-link', 'pages-1'),
(64, 'actualizat', 'pages-1'),
(65, 'data', 'pages-1'),
(66, 'ora', 'pages-1'),
(67, 'locatia', 'pages-1'),
(68, 'denumire-proiect', 'pages-1'),
(69, 'proiect', 'pages-1'),
(70, 'data-proiect', 'proiect'),
(71, 'domeniu', 'proiect'),
(72, 'stadiul', 'proiect'),
(73, 'valoarea-proiectului', 'proiect'),
(74, 'parteneri', 'proiect'),
(75, 'relevanta', 'proiect'),
(76, 'activitati-proiecte', 'proiect'),
(77, 'produsele-proiectului', 'proiect'),
(78, 'rezultatele-proiectului', 'proiect'),
(79, 'obiectivele-proiectului', 'proiect'),
(80, 'valoarea-totala', 'proiect'),
(81, 'fisiere', 'proiect'),
(82, 'telefon', 'pages-1'),
(83, 'serviciu', 'pages-1'),
(84, 'termen-limita', 'pages-1'),
(85, 'toate-sedinte', 'pages-1'),
(86, 'arhiva', 'pages-1'),
(87, 'chat-online', 'pages-1'),
(88, 'cum-ne-gasiti', 'pages-1'),
(89, 'legatura-directa', 'top-contacts'),
(90, 'adresa', 'top-contacts'),
(91, 'vorbeste-direct', 'top-contacts'),
(92, 'chat', 'top-contacts'),
(93, 'anunturi', 'pages-1'),
(94, 'raporteaza-abuz', 'pages-1'),
(95, 'scrieti-direct', 'pages-1'),
(96, 'adresa-telefon', 'form-contact'),
(97, 'subiect', 'form-contact'),
(98, 'cod-verificare', 'form-contact'),
(99, 'search', 'form-contact'),
(100, 'modelul-formularul', 'form-contact'),
(101, 'date-contact', 'top-contacts'),
(102, 'viziteaza', 'top-contacts'),
(103, 'modules', 'frontend'),
(104, 'calendar', 'modules'),
(105, 'luni', 'calendar'),
(106, 'marti', 'calendar'),
(107, 'miercuri', 'calendar'),
(108, 'joi', 'calendar'),
(109, 'vineri', 'calendar'),
(110, 'simbata', 'calendar'),
(111, 'duminica', 'calendar'),
(112, 'firechat', 'modules'),
(113, 'functionar', 'firechat'),
(114, 'discuta-cu-primar', 'firechat'),
(115, 'cv-form', 'modules'),
(116, 'cv', 'cv-form'),
(117, 'newsletter', 'modules'),
(118, 'aboneazatate-la-buletin', 'newsletter'),
(119, 'email-dvs', 'newsletter'),
(120, 'person', 'modules'),
(121, 'atentie', 'person'),
(122, 'info-atentie', 'person'),
(123, 'online-audienta', 'person'),
(124, 'aparteneta', 'person'),
(125, 'sectorul', 'person'),
(126, 'secretarul', 'person'),
(127, 'data-nasterii', 'person'),
(128, 'starea-civila', 'person'),
(129, 'studii', 'person'),
(130, 'activitate-politica', 'person'),
(131, 'contact', 'person'),
(132, 'actelocale', 'modules'),
(133, 'search-button', 'actelocale'),
(134, 'search-label', 'actelocale'),
(135, 'page-result', 'actelocale'),
(136, 'months', 'frontend'),
(137, 'ianuarie', 'months'),
(138, 'februarie', 'months'),
(139, 'martie', 'months'),
(140, 'aprilie', 'months'),
(141, 'mai', 'months'),
(142, 'iunie', 'months'),
(143, 'iulie', 'months'),
(144, 'august', 'months'),
(145, 'septembrie', 'months'),
(146, 'octombrie', 'months'),
(147, 'noiembrie', 'months'),
(148, 'decembrie', 'months'),
(149, 'acte-search', 'actelocale'),
(150, 'acte-nr', 'actelocale'),
(151, 'acte-title', 'actelocale'),
(152, 'acte-tip', 'actelocale'),
(153, 'acte-emitent', 'actelocale'),
(154, 'acte-data', 'actelocale'),
(155, 'fire-save', 'firechat'),
(156, 'fire-click', 'firechat'),
(157, 'fire-reg', 'firechat'),
(158, 'fire-rlu', 'firechat'),
(159, 'fire-email', 'firechat'),
(160, 'fire-out', 'firechat'),
(161, 'jobrequest', 'modules'),
(162, 'jobreq', 'jobrequest'),
(163, 'news-dez', 'newsletter'),
(164, 'newsletter-msg', 'newsletter'),
(165, 'nr', 'person'),
(166, 'nume-prenume', 'person'),
(167, 'functia', 'person'),
(168, 'apartenenta-politica', 'person'),
(169, 'sondaje', 'modules'),
(170, 'introduceti-codul-previne-voturile-automate', 'sondaje'),
(171, 'alte-sondaje', 'sondaje'),
(172, 'poll-msg-succ', 'sondaje'),
(173, 'poll-raspunsuri', 'sondaje'),
(174, 'you-have-already-voted', 'sondaje'),
(175, 'poll-not-found', 'sondaje'),
(176, 'plingeri', 'modules'),
(177, 'atentie-', 'plingeri'),
(178, 'atent-msg', 'plingeri'),
(179, 'formular-de-completare', 'plingeri'),
(180, 'numele-prenume', 'plingeri'),
(181, 'email-1', 'plingeri'),
(182, 'adresa-postala-telefon-', 'plingeri'),
(183, 'subiect-1', 'plingeri'),
(184, 'mesaj', 'plingeri'),
(185, 'cod-de-verificare', 'plingeri'),
(186, 'public', 'plingeri'),
(187, 'privat', 'plingeri'),
(188, 'trimite', 'plingeri'),
(189, 'cautare-1', 'frontend'),
(190, 'rezultatul-cautarii', 'cautare-1'),
(191, 'rezultatele-cautarii-pentru-', 'cautare-1'),
(192, 'afisate-', 'cautare-1'),
(193, '-din-', 'cautare-1'),
(194, 'acasa', 'pages-1'),
(195, 'elemente', 'frontend'),
(196, 'paginatia', 'elemente'),
(197, 'previous', 'paginatia'),
(198, 'next', 'paginatia'),
(199, 'validarea', 'elemente'),
(200, 'cimpul-attribute-este-abligator', 'validarea'),
(201, 'the-attribute-must-be-a-valid-email-address', 'validarea'),
(202, 'feeds', 'menu'),
(203, 'var', 'menu'),
(204, 'extensions', 'menu'),
(205, 'users', 'menu'),
(206, 'languages', 'menu'),
(207, 'settings', 'menu'),
(208, 'log', 'menu'),
(209, 'layout-1', 'backend'),
(210, 'hello-', 'layout-1'),
(211, 'select-file', 'layout-1'),
(212, 'close', 'layout-1'),
(213, 'title', 'layout-1'),
(214, 'enter-your-username-and-password', 'layout-1'),
(215, 'sign-in', 'layout-1'),
(216, 'username', 'layout-1'),
(217, 'password', 'layout-1'),
(218, 'compartimente', 'backend'),
(219, 'feeds-1', 'compartimente'),
(220, 'create-new-post', 'feeds-1'),
(221, 'post-list', 'feeds-1'),
(222, 'title-1', 'post-list'),
(223, 'date', 'post-list'),
(224, 'current-feed', 'feeds-1'),
(225, 'create-new-feed', 'feeds-1'),
(226, 'addfeed', 'feeds-1'),
(227, 'name', 'addfeed'),
(228, 'enabled', 'addfeed'),
(229, 'limit-type', 'addfeed'),
(230, 'pagination', 'limit-type'),
(231, 'strict-limit', 'limit-type'),
(232, 'limit', 'addfeed'),
(233, 'order-type', 'addfeed'),
(234, 'none', 'order-type'),
(235, 'ascendent', 'order-type'),
(236, 'descendent', 'order-type'),
(237, 'order-by', 'addfeed'),
(238, 'date-1', 'order-by'),
(241, 'title-2', 'order-by'),
(242, 'views', 'order-by'),
(243, 'set-aditional-fields', 'feeds-1'),
(244, 'edit-feed', 'feeds-1'),
(245, 'trash-post', 'feeds-1'),
(246, 'list-1', 'feeds-1'),
(247, 'name-3', 'list-1'),
(248, 'state', 'list-1'),
(249, 'action', 'list-1'),
(250, 'active', 'state'),
(251, 'inactive', 'state'),
(252, 'edit-post', 'feeds-1'),
(253, 'varianta-in', 'edit-post'),
(254, 'media', 'edit-post'),
(255, 'general', 'edit-post'),
(258, 'date-3', 'edit-post'),
(259, 'to-home-page', 'edit-post'),
(260, 'to-home-page-1', 'edit-post'),
(261, 'frontend-link', 'edit-post'),
(262, 'title-3', 'edit-post'),
(263, 'uri', 'edit-post'),
(264, 'text', 'edit-post'),
(265, 'enabled-1', 'edit-post'),
(266, 'files', 'compartimente'),
(267, '-select-file-from-computer', 'files'),
(268, '-select-file-from-server', 'files'),
(269, 'icon', 'files'),
(271, 'name1', 'files'),
(272, 'type', 'files'),
(273, 'size', 'files'),
(274, 'action-1', 'files'),
(275, 'no-files', 'files'),
(276, 'log-1', 'compartimente'),
(277, 'date-4', 'log-1'),
(278, 'message-1', 'log-1'),
(279, 'user-2', 'log-1'),
(280, 'ip', 'log-1'),
(281, 'anonim', 'log-1'),
(282, 'close-1', 'log-1'),
(283, 'log-item-details', 'log-1'),
(284, 'module-1', 'compartimente'),
(285, 'name-4', 'module-1'),
(286, 'state-1', 'module-1'),
(287, 'pages-2', 'compartimente'),
(288, 'formular-1', 'pages-2'),
(289, 'general-1', 'formular-1'),
(290, 'language-1', 'formular-1'),
(291, 'files-1', 'formular-1'),
(292, 'attachment', 'formular-1'),
(293, 'create-new-page', 'pages-2'),
(294, 'create-3', 'pages-2'),
(295, 'form-3', 'pages-2'),
(296, 'delete', 'pages-2'),
(297, 'afisare-fisiere-', 'formular-1'),
(298, 'afisare-cautare-', 'formular-1'),
(299, 'parent-', 'formular-1'),
(300, 'clone-', 'formular-1'),
(301, 'redirect-to-', 'formular-1'),
(302, 'view-mod', 'formular-1'),
(303, 'properties', 'formular-1'),
(304, 'date--4', 'formular-1'),
(305, 'general-node-', 'formular-1'),
(306, 'home-page-', 'formular-1'),
(307, 'have-socials-', 'formular-1'),
(308, 'have-comments', 'formular-1'),
(309, 'close-2', 'formular-1'),
(310, 'view-mod-help', 'formular-1'),
(311, 'nume-2', 'formular-1'),
(312, 'info-1', 'formular-1'),
(313, 'screen', 'formular-1'),
(314, 'frontend-link-', 'formular-1'),
(315, 'title--3', 'formular-1'),
(316, 'uri-', 'formular-1'),
(317, 'text-', 'formular-1'),
(318, 'enabled--1', 'formular-1'),
(319, 'settings-1', 'compartimente'),
(320, 'template-color-schema', 'settings-1'),
(321, 'location', 'settings-1'),
(322, 'users-1', 'compartimente'),
(323, 'username-1', 'users-1'),
(324, 'email-4', 'users-1'),
(325, 'password-1', 'users-1'),
(326, 'save', 'users-1'),
(327, 'edit-details', 'users-1'),
(328, 'change-password', 'users-1'),
(329, 'new-password', 'users-1'),
(330, 'this-user-can', 'users-1'),
(331, 'new-user', 'users-1'),
(332, 'disable', 'module-1'),
(333, 'enabled-3', 'module-1'),
(334, 'acte-locale', 'compartimente'),
(335, 'new-record', 'acte-locale'),
(336, 'nr-5', 'acte-locale'),
(337, 'title-5', 'acte-locale'),
(338, 'type-1', 'acte-locale'),
(339, 'date-6', 'acte-locale'),
(340, 'emitent', 'acte-locale'),
(341, 'document-1', 'acte-locale'),
(342, 'calendar-1', 'compartimente'),
(343, 'edit-event', 'calendar-1'),
(344, 'general-3', 'calendar-1'),
(345, 'varianta-in-1', 'calendar-1'),
(346, 'period-', 'calendar-1'),
(347, 'event-date-', 'calendar-1'),
(348, 'group-', 'calendar-1'),
(349, 'enabled--3', 'calendar-1'),
(350, 'title--5', 'calendar-1'),
(351, 'event-lang-not-found', 'calendar-1'),
(352, 'create-new-event', 'calendar-1'),
(353, 'event-name-in-', 'calendar-1'),
(354, 'creaza-eveniment', 'calendar-1'),
(355, 'chat-2', 'compartimente'),
(356, 'login-failed', 'chat-2'),
(357, 'login-succeeded', 'chat-2'),
(358, 'send-chat-on-email', 'chat-2'),
(359, 'exitchat', 'chat-2'),
(360, 'accesible', 'compartimente'),
(361, 'gallery', 'compartimente'),
(362, 'general-4', 'gallery'),
(363, 'fisiere-1', 'gallery'),
(364, 'name--3', 'gallery'),
(365, 'create-gallery', 'gallery'),
(366, 'recrut', 'compartimente'),
(367, 'post-1', 'recrut'),
(368, 'name-6', 'recrut'),
(369, 'cv-2', 'recrut'),
(370, 'date-7', 'recrut'),
(371, 'disabled', 'recrut'),
(372, 'enabled-5', 'recrut'),
(373, 'newsletter-2', 'compartimente'),
(374, 'email-5', 'newsletter-2'),
(375, 'subscribe-date', 'newsletter-2'),
(376, 'enabled-6', 'newsletter-2'),
(377, 'export', 'newsletter-2'),
(378, 'send-this-post', 'newsletter-2'),
(379, 'persons', 'compartimente'),
(380, 'persons-1', 'persons'),
(381, 'person-groups', 'persons'),
(382, 'audience', 'persons'),
(383, 'edit-person-group', 'persons'),
(384, 'gname', 'persons'),
(385, 'gdescription', 'persons'),
(386, 'phone--1', 'persons'),
(387, 'email--5', 'persons'),
(388, 'birth-date-', 'persons'),
(389, 'accesibil-pentru-audienta-', 'persons'),
(390, 'feed-', 'persons'),
(391, 'user--1', 'persons'),
(392, 'groups-', 'persons'),
(393, 'photo', 'persons'),
(394, 'chat-icon', 'persons'),
(395, 'drag', 'persons'),
(396, 'drag-1', 'persons'),
(397, 'nume-3', 'persons'),
(398, 'lang-2', 'persons'),
(399, 'value', 'persons'),
(400, 'delete-1', 'persons'),
(401, 'no-lang', 'persons'),
(402, 'create-new-group', 'persons'),
(403, 'create-group', 'persons'),
(404, 'name-in', 'persons'),
(405, 'first-name-', 'persons'),
(406, 'last-name-', 'persons'),
(407, 'function-', 'persons'),
(408, 'civil-state-', 'persons'),
(409, 'studies-', 'persons'),
(410, 'activity-', 'persons'),
(411, 'sector-', 'persons'),
(412, 'motto-', 'persons'),
(413, 'text--1', 'persons'),
(414, 'consilier', 'persons'),
(415, 'name-8', 'persons'),
(416, 'phone-2', 'persons'),
(417, 'email-7', 'persons'),
(418, 'date-8', 'persons'),
(419, 'general-5', 'persons'),
(420, 'dynamic-fields', 'persons'),
(421, 'polls', 'compartimente'),
(422, 'poll-form', 'polls'),
(423, 'general-6', 'polls'),
(424, 'title-7', 'polls'),
(425, 'date-created', 'polls'),
(426, 'enabled-7', 'polls'),
(427, 'create-new-poll', 'polls'),
(428, 'active-1', 'polls'),
(429, 'delete--1', 'polls'),
(430, 'question-', 'polls'),
(431, 'answer', 'polls'),
(432, 'social-complaints', 'compartimente'),
(433, 'page-4', 'social-complaints'),
(434, 'username-2', 'social-complaints'),
(435, 'email-8', 'social-complaints'),
(436, 'address-1', 'social-complaints'),
(437, 'title-8', 'social-complaints'),
(438, 'text-3', 'social-complaints'),
(439, 'response', 'social-complaints'),
(440, 'date-10', 'social-complaints'),
(441, 'private', 'social-complaints'),
(442, 'enabled-8', 'social-complaints'),
(443, 'vars', 'compartimente'),
(444, 'key', 'vars'),
(445, 'name-9', 'vars'),
(446, 'action-2', 'vars'),
(447, 'no-vars', 'vars'),
(448, 'delete-user', 'users-1'),
(449, 'allow-pcomment', 'edit-post'),
(450, 'hovecomments', 'edit-post'),
(451, 'havesocials', 'edit-post'),
(452, 'editfiledetails', 'files'),
(453, 'save-1', 'files'),
(454, 'is-alert', 'edit-post'),
(455, 'data-expirarii-alertei', 'edit-post'),
(456, 'website-activ', 'settings-1'),
(457, 'pentru-a-accesa-website-ul-folositi-linkul', 'settings-1'),
(458, 'click-aici', 'settings-1'),
(459, 'template-set', 'settings-1'),
(460, 'template-2', 'settings-1'),
(461, 'template-b', 'settings-1'),
(462, 'stiri', 'pages-1'),
(463, 'template-4', 'compartimente'),
(464, 'confirm-tpl', 'template-4'),
(465, 'upload-new-template', 'template-4'),
(466, 'invalid-file', 'template-4'),
(467, 'invalid-zip', 'template-4'),
(468, 'installphp-is-required', 'template-4'),
(469, 'undefined-app-name', 'template-4'),
(470, 'undefined-template-name-or-already-exists', 'template-4'),
(471, 'template-not-found-in-zip', 'template-4'),
(472, 'tpl-succeful', 'template-4'),
(473, 'template-deleted', 'template-4'),
(474, 'template-not-found-1', 'template-4'),
(475, 'alerte', 'layout'),
(476, 'confirm-alert', 'alerte'),
(477, 'general-7', 'settings-1'),
(478, 'aparenta', 'settings-1'),
(479, 'location-1', 'settings-1'),
(480, 'comments', 'settings-1'),
(481, 'inca', 'settings-1'),
(482, 'sitename', 'settings-1'),
(483, 'cachelife', 'settings-1'),
(484, 'disqus-shortname', 'settings-1'),
(485, 'ment-text', 'settings-1'),
(486, 'home-logo-in-', 'settings-1'),
(487, 'home-logo-small', 'settings-1'),
(488, 'logo', 'settings-1'),
(489, 'favicon', 'settings-1'),
(490, 'map', 'layout'),
(491, 'create-new-gallery', 'gallery'),
(492, 'page-5', 'layout'),
(493, 'restore', 'edit-post'),
(494, 'trash-1', 'edit-post'),
(495, 'delete-this-post', 'edit-post'),
(496, 'delete-this-post-1', 'edit-post'),
(497, 'view-sub', 'vars'),
(498, 'key-1', 'vars'),
(499, 'text-in-', 'vars'),
(500, 'create-10', 'vars'),
(501, 'create-new-var', 'vars'),
(502, 'firechat-settings', 'chat-2'),
(503, 'firechat-host', 'chat-2'),
(504, 'module-edit', 'module-1'),
(505, 'event-list', 'calendar-1'),
(506, 'event-group', 'calendar-1');

-- --------------------------------------------------------

--
-- Table structure for table `apl_var_lang`
--

DROP TABLE IF EXISTS `apl_var_lang`;
CREATE TABLE IF NOT EXISTS `apl_var_lang` (
  `id` int(11) NOT NULL AUTO_INCREMENT,
  `var_key` varchar(250) NOT NULL,
  `value` text NOT NULL,
  `lang_id` int(11) NOT NULL,
  PRIMARY KEY (`id`)
) ENGINE=InnoDB  DEFAULT CHARSET=utf8 AUTO_INCREMENT=2100 ;

--
-- Dumping data for table `apl_var_lang`
--

INSERT INTO `apl_var_lang` (`id`, `var_key`, `value`, `lang_id`) VALUES
(1, 'frontend', 'Frontend', 1),
(2, 'frontend', 'Frontend', 2),
(3, 'backend', 'Backend', 1),
(4, 'backend', 'Backend - OpenAPL', 2),
(5, 'menu', 'Meniu', 1),
(6, 'menu', 'Меню', 2),
(7, 'pages', 'Pagini', 1),
(8, 'pages', 'Страницы', 2),
(9, 'layout', 'Machetă amplasare', 1),
(10, 'layout', 'Макет', 2),
(12, 'discuta', 'Discută', 1),
(13, 'discuta', 'Обсудите', 2),
(15, 'social-links', 'Instrumente de socializare', 1),
(16, 'social-links', 'Социальные инструменты', 2),
(18, 'facebook', 'Facebook', 1),
(19, 'facebook', 'Facebook', 2),
(21, 'facebook-link', 'https://www.facebook.com/', 1),
(22, 'facebook-link', 'https://www.facebook.com/', 2),
(24, 'odnoklassniki', 'Odnoklassniki', 1),
(25, 'odnoklassniki', 'Odnoklassniki', 2),
(30, 'odnoklassniki-link-1', 'http://www.odnoklassniki.ru/', 1),
(31, 'odnoklassniki-link-1', 'http://www.odnoklassniki.ru/', 2),
(33, 'vkontakte', 'Vkontakte', 1),
(34, 'vkontakte', 'Vkontakte', 2),
(36, 'vkontakte-link', 'https://vk.com/', 1),
(37, 'vkontakte-link', 'https://vk.com/', 2),
(39, 'twitter', 'Twitter', 1),
(40, 'twitter', 'Twitter', 2),
(42, 'twitter-link', 'https://twitter.com/', 1),
(43, 'twitter-link', 'https://twitter.com/', 2),
(45, 'gplus', 'Google+', 1),
(46, 'gplus', 'Google+', 2),
(48, 'gplus-link', 'https://plus.google.com/', 1),
(49, 'gplus-link', 'https://plus.google.com/', 2),
(51, 'rss', 'Rss', 1),
(52, 'rss', 'Rss', 2),
(54, 'rss-link', '/ro/rss', 1),
(55, 'rss-link', '/ru/rss', 2),
(57, 'online', 'Online', 1),
(58, 'online', 'Oн-лайн', 2),
(60, 'offline', 'Offline', 1),
(61, 'offline', 'Oф-лайн', 2),
(63, 'nr-phone', '(0-2xx) xx-xx-xx', 1),
(64, 'nr-phone', '(0-2xx) xx-xx-xx', 2),
(66, 'cautare', 'Căutare prin site', 1),
(67, 'cautare', 'Поиск', 2),
(72, 'cititi', 'Citiți mai multe', 1),
(73, 'cititi', 'Подробнее ', 2),
(75, 'licentiere-cc', 'despre licențiere CC, sau', 1),
(76, 'licentiere-cc', 'прочитаете как ', 2),
(78, 'licenta', 'utilizați licența', 1),
(79, 'licenta', 'использывать лицензию', 2),
(81, 'licenta-link', 'https://www.google.md/', 1),
(82, 'licenta-link', 'https://www.google.md/', 2),
(84, 'material', 'pentru propriul dvs. material.', 1),
(85, 'material', 'для вашего собственного материала.', 2),
(87, 'submit', 'Trimite', 1),
(88, 'submit', 'Отправить', 2),
(90, 'top-contacts', 'Contact', 1),
(91, 'top-contacts', 'Контакт', 2),
(93, 'contact-us', 'Contactează-ne', 1),
(94, 'contact-us', 'Cвяжитесь с нами', 2),
(96, 'contacts', 'Contacte', 1),
(97, 'contacts', 'Контакты', 2),
(99, 'phone-anti', 'Telefon Anticameră', 1),
(100, 'phone-anti', 'Телефон Приёмная', 2),
(102, 'nr-anti', '(0-2xx) xx-xx-xx', 1),
(103, 'nr-anti', '(0-2xx) xx-xx-xx', 2),
(105, 'email', 'Email', 1),
(106, 'email', 'Емейл', 2),
(108, 'email-address', 'info@xxxxxxxx.md', 1),
(109, 'email-address', 'info@xxxxxxxxxxx.md', 2),
(111, 'relatii', 'Relații cu publicul', 1),
(112, 'relatii', 'Cвязи с общественностью', 2),
(114, 'nr-relatii', '(0-2xx) xx-xx-xx', 1),
(115, 'nr-relatii', '(0-2xx) xx-xx-xx', 2),
(117, 'fax', 'Fax', 1),
(118, 'fax', 'Факс', 2),
(120, 'nr-fax', '(0-2xx) xx-xx-xx', 1),
(121, 'nr-fax', '(0-2xx) xx-xx-xx', 2),
(123, 'all-nr-phone', 'Mai multe date de contact', 1),
(124, 'all-nr-phone', 'Другие контактные данные', 2),
(126, 'orar-autobus', 'Orarul rutelor de autobus', 1),
(127, 'orar-autobus', 'Расписание рейсов автобусов', 2),
(129, 'address', 'Adresa primăriei Orașului XXXXXX', 1),
(130, 'address', 'Адрес Примэрии города XXXXXX', 2),
(132, 'street', 'Strada xxxxxxxxx', 1),
(133, 'street', 'Улица xxxxxxxxxxxxxx', 2),
(135, 'city', 'Orașul XXXXXX', 1),
(136, 'city', 'Город XXXXXX', 2),
(138, 'form-contact', 'Formular de contact', 1),
(139, 'form-contact', 'Форма обратной связи', 2),
(141, 'write-us', 'Scrieți-ne direct', 1),
(142, 'write-us', 'Напишите нам непосредственно', 2),
(144, 'success', 'Mesajul dumneavoastră a fost expediat cu succes', 1),
(145, 'success', 'Ваше сообщение было успешно отправлено', 2),
(147, 'name-last-name', 'Nume Prenume', 1),
(148, 'name-last-name', 'Фамилия Имя', 2),
(150, 'message', 'Mesaj', 1),
(151, 'message', 'Сообщение', 2),
(153, 'orar-link', 'http://www.autogara.md/orar/', 1),
(154, 'orar-link', 'http://www.autogara.md/orar/', 2),
(156, 'pages-1', 'Pagini', 1),
(157, 'pages-1', 'Страницы', 2),
(159, 'statut', 'Statut', 1),
(160, 'statut', 'Статус', 2),
(162, 'oferte', 'Primim oferte', 1),
(163, 'oferte', 'Прием предложений', 2),
(165, 'oferte-expirate', 'Ofertă expirată', 1),
(166, 'oferte-expirate', 'Предложение истекло', 2),
(168, 'documente', 'Documente', 1),
(169, 'documente', 'Документы', 2),
(171, 'articole-null', 'Nu sunt articole', 1),
(172, 'articole-null', 'Запрашиваемая статья не найдена', 2),
(174, 'error', 'Eroare', 1),
(175, 'error', 'Ошибка', 2),
(177, 'sorry', 'Ne pare rău', 1),
(178, 'sorry', 'Нам жаль', 2),
(180, 'pagina-solicitata', 'pagina solicitată, nu a putut fi găsită!', 1),
(181, 'pagina-solicitata', 'запрашиваемая страница не найдена!', 2),
(183, 'denumire-link', 'link', 1),
(184, 'denumire-link', 'ссылка', 2),
(186, 'actualizat', 'Actualizat', 1),
(187, 'actualizat', 'Oбновленный', 2),
(189, 'data', 'Data', 1),
(190, 'data', 'Число', 2),
(192, 'ora', 'Ora', 1),
(193, 'ora', 'Время', 2),
(195, 'locatia', 'Locația', 1),
(196, 'locatia', 'Место', 2),
(198, 'denumire-proiect', 'Denumire proiect', 1),
(199, 'denumire-proiect', 'Название проекта', 2),
(201, 'proiect', 'proiect', 1),
(202, 'proiect', 'проект', 2),
(204, 'data-proiect', 'Data de start și finalizare', 1),
(205, 'data-proiect', 'Даты начала и завершения', 2),
(207, 'domeniu', 'Domeniu', 1),
(208, 'domeniu', 'Область', 2),
(210, 'stadiul', 'Stadiul de realizare proiect', 1),
(211, 'stadiul', 'Стадия реализации проекта', 2),
(213, 'valoarea-proiectului', 'Valoarea proiectului', 1),
(214, 'valoarea-proiectului', 'Cтоимость проекта', 2),
(216, 'parteneri', 'Parteneri', 1),
(217, 'parteneri', 'Партнёры', 2),
(219, 'relevanta', 'Relevanța și impactul regional al proiectului', 1),
(220, 'relevanta', 'Региональная значимость и влияние проекта', 2),
(222, 'activitati-proiecte', 'Activități principale', 1),
(223, 'activitati-proiecte', 'Основные виды деятельности', 2),
(225, 'produsele-proiectului', 'Produsele proiectului ', 1),
(226, 'produsele-proiectului', 'Продукты проекта', 2),
(228, 'rezultatele-proiectului', 'Rezultatele proiectului', 1),
(229, 'rezultatele-proiectului', 'Результаты проекта', 2),
(231, 'obiectivele-proiectului', 'Obiectivele proiectului', 1),
(232, 'obiectivele-proiectului', 'Задачи проекта', 2),
(234, 'valoarea-totala', 'Valoarea totală a proiectului', 1),
(235, 'valoarea-totala', 'Общая стоимость проекта', 2),
(237, 'fisiere', 'Fișiere', 1),
(238, 'fisiere', 'Файлы', 2),
(240, 'telefon', 'Telefon', 1),
(241, 'telefon', 'Телефон', 2),
(243, 'serviciu', 'Serviciu', 1),
(244, 'serviciu', 'Услуга', 2),
(246, 'termen-limita', 'Termen limita de aplicare ', 1),
(247, 'termen-limita', 'Срок подачи заявок', 2),
(249, 'toate-sedinte', 'Toate ședințele', 1),
(250, 'toate-sedinte', 'Все заседания', 2),
(252, 'arhiva', 'arhivă', 1),
(253, 'arhiva', 'архив', 2),
(255, 'chat-online', 'chat-online', 1),
(256, 'chat-online', 'онлайн-чат', 2),
(258, 'cum-ne-gasiti', 'Cum ne găsiți', 1),
(259, 'cum-ne-gasiti', 'Как нас найти ', 2),
(261, 'legatura-directa', 'Datele de contact ale primăriei', 1),
(262, 'legatura-directa', 'Контактная информация о примэрии', 2),
(264, 'adresa', 'adresa', 1),
(265, 'adresa', 'адрес', 2),
(267, 'vorbeste-direct', 'Vorbeste direct cu un reprezentant al primăriei', 1),
(268, 'vorbeste-direct', 'Поговорите непосредственно с представителем примэрии', 2),
(270, 'chat', 'Discută on-line', 1),
(271, 'chat', 'Общайтесь в режиме онлайн', 2),
(273, 'anunturi', 'Anunțuri', 1),
(274, 'anunturi', 'Объявления', 2),
(276, 'raporteaza-abuz', 'Raportează un abuz', 1),
(277, 'raporteaza-abuz', 'Информируйте о нарушении', 2),
(279, 'scrieti-direct', 'Scrieți-ne un mesaj', 1),
(280, 'scrieti-direct', 'Оставьте нам сообщение', 2),
(282, 'adresa-telefon', 'Adresa Poștală / Telefon', 1),
(283, 'adresa-telefon', 'Почтовый адрес / ', 2),
(285, 'subiect', 'Subiect', 1),
(286, 'subiect', 'Тема', 2),
(288, 'cod-verificare', 'Cod de verificare', 1),
(289, 'cod-verificare', 'Код подтверждения', 2),
(291, 'search', 'Caută', 1),
(292, 'search', 'Поиск', 2),
(294, 'modelul-formularul', 'Caută modelul / formularul', 1),
(295, 'modelul-formularul', 'Поиск образца / бланка', 2),
(297, 'date-contact', 'datele de Contact ale primăriei', 1),
(298, 'date-contact', 'Контактные данные примэрии', 2),
(300, 'frontend', 'Frontend', 6),
(301, 'backend', 'Backend - OpenAPL', 6),
(302, 'menu', 'Menu', 6),
(303, 'pages', 'Pages', 6),
(304, 'layout', 'Layout', 6),
(305, 'discuta', 'Discuss', 6),
(306, 'social-links', 'Socialization tools', 6),
(307, 'facebook', 'Facebook', 6),
(308, 'facebook-link', 'https://www.facebook.com/', 6),
(309, 'odnoklassniki', 'Odnoklassniki', 6),
(310, 'odnoklassniki-link', '', 6),
(311, 'odnoklassniki-link-1', 'http://www.odnoklassniki.ru/', 6),
(312, 'vkontakte', 'Vkontakte', 6),
(313, 'vkontakte-link', 'https://vk.com/', 6),
(314, 'twitter', 'Twitter', 6),
(315, 'twitter-link', 'https://twitter.com/', 6),
(316, 'gplus', 'Google+', 6),
(317, 'gplus-link', 'https://plus.google.com/', 6),
(318, 'rss', 'Rss', 6),
(319, 'rss-link', '/en/rss', 6),
(320, 'online', 'Online', 6),
(321, 'offline', 'Offline', 6),
(322, 'nr-phone', '(0-2xx) xx-xx-xx', 6),
(323, 'cautare', 'Searching', 6),
(324, 'cititi', 'Read more', 6),
(325, 'licentiere-cc', 'about how to', 6),
(326, 'licenta', 'use the license', 6),
(327, 'licenta-link', 'https://www.google.md/', 6),
(328, 'material', 'for your own material.', 6),
(329, 'submit', 'Send', 6),
(330, 'top-contacts', 'Contact', 6),
(331, 'contact-us', 'Contact us', 6),
(332, 'contacts', 'Contacts', 6),
(333, 'phone-anti', 'Outer office telephone', 6),
(334, 'nr-anti', '(0-2xx) xx-xx-xx', 6),
(335, 'email', 'Email', 6),
(336, 'email-address', 'info@xxxxxxxxxxxx.md', 6),
(337, 'relatii', 'Public relations', 6),
(338, 'nr-relatii', '(0-2xx) xx-xx-xx', 6),
(339, 'fax', 'Fax', 6),
(340, 'nr-fax', '(0-2xx) xx-xx-xx', 6),
(341, 'all-nr-phone', 'More contact details', 6),
(342, 'orar-autobus', 'Bus routes schedule', 6),
(343, 'address', 'Address of XXXXXX Mayoralty', 6),
(344, 'street', 'xxxxxxxxx street, xxxxxxxxx', 6),
(345, 'city', 'XXXXXX town', 6),
(346, 'form-contact', 'Contact form', 6),
(347, 'write-us', 'Write to us directly', 6),
(348, 'success', 'Your message has been successfully sent', 6),
(349, 'name-last-name', 'Name First name', 6),
(350, 'message', 'Message', 6),
(351, 'orar-link', 'http://www.autogara.md/orar/', 6),
(352, 'pages-1', 'Pages', 6),
(353, 'statut', 'Statut', 6),
(354, 'oferte', 'Receiving an offer', 6),
(355, 'oferte-expirate', 'Offer has expired', 6),
(356, 'documente', 'Documents', 6),
(357, 'articole-null', 'No articles found', 6),
(358, 'error', 'Error', 6),
(359, 'sorry', 'We''re sorry', 6),
(360, 'pagina-solicitata', 'no pages found!', 6),
(361, 'denumire-link', 'link', 6),
(362, 'actualizat', 'Updated', 6),
(363, 'data', 'Date', 6),
(364, 'ora', 'Time', 6),
(365, 'locatia', 'Location', 6),
(366, 'denumire-proiect', 'Project name', 6),
(367, 'proiect', 'project', 6),
(368, 'data-proiect', 'Start and completion date', 6),
(369, 'domeniu', 'Field', 6),
(370, 'stadiul', 'Stage of project implementation', 6),
(371, 'valoarea-proiectului', 'Project value', 6),
(372, 'parteneri', 'Partners', 6),
(373, 'relevanta', 'Regional relevance and impact of the project', 6),
(374, 'activitati-proiecte', 'Main activities', 6),
(375, 'produsele-proiectului', 'Project output', 6),
(376, 'rezultatele-proiectului', 'Project results', 6),
(377, 'obiectivele-proiectului', 'Project objectives', 6),
(378, 'valoarea-totala', 'Total value of the project', 6),
(379, 'fisiere', 'Files', 6),
(380, 'telefon', 'Telephone', 6),
(381, 'serviciu', 'Service', 6),
(382, 'termen-limita', 'Application deadline', 6),
(383, 'toate-sedinte', 'All sessions', 6),
(384, 'arhiva', 'archive', 6),
(385, 'chat-online', 'online chat', 6),
(386, 'cum-ne-gasiti', 'How to find us', 6),
(387, 'legatura-directa', 'Contacts of mayoralty', 6),
(388, 'adresa', 'address', 6),
(389, 'vorbeste-direct', 'Talk directly to a representative of the mayoralty', 6),
(390, 'chat', 'Online chat', 6),
(391, 'anunturi', 'Announcements', 6),
(392, 'raporteaza-abuz', 'Report a fraud', 6),
(393, 'scrieti-direct', 'Write us a message', 6),
(394, 'adresa-telefon', 'Mailing address / Telephone', 6),
(395, 'subiect', 'Subject', 6),
(396, 'cod-verificare', 'Verification Code', 6),
(397, 'search', 'Search', 6),
(398, 'modelul-formularul', 'Search for sample / form', 6),
(399, 'date-contact', 'Contact details of the mayoralty', 6),
(400, 'frontend', 'Frontend', 7),
(401, 'backend', 'Backend - OpenAPL', 7),
(402, 'menu', '', 7),
(403, 'pages', '', 7),
(404, 'layout', '', 7),
(405, 'discuta', '', 7),
(406, 'social-links', '', 7),
(407, 'facebook', 'Facebook', 7),
(408, 'facebook-link', 'https://www.facebook.com/', 7),
(409, 'odnoklassniki', 'Odnoklassniki', 7),
(410, 'odnoklassniki-link', '', 7),
(411, 'odnoklassniki-link-1', 'http://www.odnoklassniki.ru/', 7),
(412, 'vkontakte', 'Vkontakte', 7),
(413, 'vkontakte-link', 'https://vk.com/', 7),
(414, 'twitter', 'Twitter', 7),
(415, 'twitter-link', 'https://twitter.com/', 7),
(416, 'gplus', 'Google+', 7),
(417, 'gplus-link', 'https://plus.google.com/', 7),
(418, 'rss', 'Rss', 7),
(419, 'rss-link', '/bg/rss', 7),
(420, 'online', '', 7),
(421, 'offline', '', 7),
(422, 'nr-phone', '(0-2xx) xx-xx-xx', 7),
(423, 'cautare', '', 7),
(424, 'cititi', '', 7),
(425, 'licentiere-cc', '', 7),
(426, 'licenta', '', 7),
(427, 'licenta-link', 'https://www.google.md/', 7),
(428, 'material', '', 7),
(429, 'submit', '', 7),
(430, 'top-contacts', '', 7),
(431, 'contact-us', '', 7),
(432, 'contacts', '', 7),
(433, 'phone-anti', '', 7),
(434, 'nr-anti', '(0-2xx) xx-xx-xx', 7),
(435, 'email', '', 7),
(436, 'email-address', 'info@xxxxxxxxxx.md', 7),
(437, 'relatii', '', 7),
(438, 'nr-relatii', '(0-2xx) xx-xx-xx', 7),
(439, 'fax', '', 7),
(440, 'nr-fax', '(0-2xx) xx-xx-xx', 7),
(441, 'all-nr-phone', '', 7),
(442, 'orar-autobus', '', 7),
(443, 'address', '', 7),
(444, 'street', '', 7),
(445, 'city', '', 7),
(446, 'form-contact', '', 7),
(447, 'write-us', '', 7),
(448, 'success', '', 7),
(449, 'name-last-name', '', 7),
(450, 'message', '', 7),
(451, 'orar-link', 'http://www.autogara.md/orar/', 7),
(452, 'pages-1', '', 7),
(453, 'statut', '', 7),
(454, 'oferte', '', 7),
(455, 'oferte-expirate', '', 7),
(456, 'documente', '', 7),
(457, 'articole-null', '', 7),
(458, 'error', '', 7),
(459, 'sorry', '', 7),
(460, 'pagina-solicitata', '', 7),
(461, 'denumire-link', '', 7),
(462, 'actualizat', '', 7),
(463, 'data', '', 7),
(464, 'ora', '', 7),
(465, 'locatia', '', 7),
(466, 'denumire-proiect', '', 7),
(467, 'proiect', '', 7),
(468, 'data-proiect', '', 7),
(469, 'domeniu', '', 7),
(470, 'stadiul', '', 7),
(471, 'valoarea-proiectului', '', 7),
(472, 'parteneri', '', 7),
(473, 'relevanta', '', 7),
(474, 'activitati-proiecte', '', 7),
(475, 'produsele-proiectului', '', 7),
(476, 'rezultatele-proiectului', '', 7),
(477, 'obiectivele-proiectului', '', 7),
(478, 'valoarea-totala', '', 7),
(479, 'fisiere', '', 7),
(480, 'telefon', '', 7),
(481, 'serviciu', '', 7),
(482, 'termen-limita', '', 7),
(483, 'toate-sedinte', '', 7),
(484, 'arhiva', '', 7),
(485, 'chat-online', '', 7),
(486, 'cum-ne-gasiti', '', 7),
(487, 'legatura-directa', '', 7),
(488, 'adresa', '', 7),
(489, 'vorbeste-direct', '', 7),
(490, 'chat', '', 7),
(491, 'anunturi', '', 7),
(492, 'raporteaza-abuz', '', 7),
(493, 'scrieti-direct', '', 7),
(494, 'adresa-telefon', '', 7),
(495, 'subiect', '', 7),
(496, 'cod-verificare', '', 7),
(497, 'search', '', 7),
(498, 'modelul-formularul', '', 7),
(499, 'date-contact', '', 7),
(500, 'viziteaza', 'Vizitează-ne', 1),
(501, 'viziteaza', 'Как найти нас', 2),
(502, 'viziteaza', 'How to reach us', 6),
(503, 'viziteaza', '', 7),
(504, 'modules', 'Module', 1),
(505, 'modules', 'Модули', 2),
(506, 'modules', 'Modules', 6),
(507, 'modules', '', 7),
(508, 'calendar', 'Calendar', 1),
(509, 'calendar', 'Календарь', 2),
(510, 'calendar', 'Calendar', 6),
(511, 'calendar', '', 7),
(512, 'luni', 'lu', 1),
(513, 'luni', 'пн', 2),
(514, 'luni', 'm', 6),
(515, 'luni', '', 7),
(516, 'marti', 'ma', 1),
(517, 'marti', 'вт', 2),
(518, 'marti', 't', 6),
(519, 'marti', '', 7),
(520, 'miercuri', 'mi', 1),
(521, 'miercuri', 'ср', 2),
(522, 'miercuri', 'w', 6),
(523, 'miercuri', '', 7),
(524, 'joi', 'jo', 1),
(525, 'joi', 'чт', 2),
(526, 'joi', 'th', 6),
(527, 'joi', '', 7),
(528, 'vineri', 'vi', 1),
(529, 'vineri', 'пт', 2),
(530, 'vineri', 'f', 6),
(531, 'vineri', '', 7),
(532, 'simbata', 'sâ', 1),
(533, 'simbata', 'сб', 2),
(534, 'simbata', 'sa', 6),
(535, 'simbata', '', 7),
(536, 'duminica', 'du', 1),
(537, 'duminica', 'вс', 2),
(538, 'duminica', 's', 6),
(539, 'duminica', '', 7),
(540, 'firechat', 'Discută on-line', 1),
(541, 'firechat', 'Общайтесь в режиме онлайн', 2),
(542, 'firechat', 'Online chat', 6),
(543, 'firechat', '', 7),
(544, 'functionar', 'Funcționar', 1),
(545, 'functionar', 'Государственный служащий', 2),
(546, 'functionar', 'Public offical', 6),
(547, 'functionar', '', 7),
(548, 'discuta-cu-primar', 'Discută on-line cu primarul', 1),
(549, 'discuta-cu-primar', 'Общайтесь с примаром в режиме онлайн', 2),
(550, 'discuta-cu-primar', 'Chst with the mayor online', 6),
(551, 'discuta-cu-primar', '', 7),
(552, 'cv-form', 'CV ', 1),
(553, 'cv-form', 'Резюме', 2),
(554, 'cv-form', 'CV', 6),
(555, 'cv-form', '', 7),
(556, 'cv', 'Încarcă CV', 1),
(557, 'cv', 'Загрузка резюме', 2),
(558, 'cv', 'Upload CV', 6),
(559, 'cv', '', 7),
(560, 'newsletter', 'Buletin informativ', 1),
(561, 'newsletter', 'Информационный бюллетень', 2),
(562, 'newsletter', 'Newsletter', 6),
(563, 'newsletter', '', 7),
(564, 'aboneazatate-la-buletin', 'Abonează-te la buletinul informativ al primăriei', 1),
(565, 'aboneazatate-la-buletin', 'Подписаться на информационный бюллетень примэрии', 2),
(566, 'aboneazatate-la-buletin', 'Subscribe to the mayoralty newsletter', 6),
(567, 'aboneazatate-la-buletin', '', 7),
(568, 'email-dvs', 'Email-ul Dvs.', 1),
(569, 'email-dvs', 'Электронная почта', 2),
(570, 'email-dvs', 'Email', 6),
(571, 'email-dvs', '', 7),
(572, 'person', 'Persoane', 1),
(573, 'person', 'Человек', 2),
(574, 'person', 'Persons', 6),
(575, 'person', '', 7),
(576, 'atentie', 'ATENȚIE !', 1),
(577, 'atentie', 'ВНИМАНИЕ!', 2),
(578, 'atentie', 'WARNING!', 6),
(579, 'atentie', '', 7),
(580, 'info-atentie', 'Pentru a solicita o audiență la unul din functionari, vă rugăm să completați formularul de cerere, iar noi vă vom comunica prin e-mail data și ora audienței programate.', 1),
(581, 'info-atentie', 'Чтобы записаться на приём к государственному служащему,пожалуйста, заполните форму заявки, и мы сообщим по электронной почте дату и время запланированной встрече.', 2),
(582, 'info-atentie', 'To request an audience with one of the public officials, please complete the application form and we will communicate you via email the date and time of the scheduled audience.', 6),
(583, 'info-atentie', '', 7),
(584, 'online-audienta', 'Programează-te online pentru o audiență', 1),
(585, 'online-audienta', 'Онлайн регистрация на приём', 2),
(586, 'online-audienta', 'Online registration for an audience', 6),
(587, 'online-audienta', '', 7),
(588, 'aparteneta', 'Apartenență politică, contacte', 1),
(589, 'aparteneta', 'Политическая принадлежность, контакты', 2),
(590, 'aparteneta', 'Political affiliation, contacts', 6),
(591, 'aparteneta', '', 7),
(592, 'sectorul', 'Sectorul', 1),
(593, 'sectorul', 'Сектор', 2),
(594, 'sectorul', 'District', 6),
(595, 'sectorul', '', 7),
(596, 'secretarul', 'Secretarul', 1),
(597, 'secretarul', 'Секретарь', 2),
(598, 'secretarul', 'Secretary', 6),
(599, 'secretarul', '', 7),
(600, 'data-nasterii', 'Data nașterii', 1),
(601, 'data-nasterii', 'Дата рождения', 2),
(602, 'data-nasterii', 'Date of birth', 6),
(603, 'data-nasterii', '', 7),
(604, 'starea-civila', 'Starea civilă', 1),
(605, 'starea-civila', 'Гражданскоео состояние', 2),
(606, 'starea-civila', 'Civil status', 6),
(607, 'starea-civila', '', 7),
(608, 'studii', 'Studii', 1),
(609, 'studii', 'Образование', 2),
(610, 'studii', 'Education', 6),
(611, 'studii', '', 7),
(612, 'activitate-politica', 'Activitate politică', 1),
(613, 'activitate-politica', 'Политическая деятельность', 2),
(614, 'activitate-politica', 'Political activity', 6),
(615, 'activitate-politica', '', 7),
(616, 'contact', 'Date de contact', 1),
(617, 'contact', 'Контактные данные', 2),
(618, 'contact', 'Contact details', 6),
(619, 'contact', '', 7),
(620, 'actelocale', 'Actelocale.md', 1),
(621, 'actelocale', 'Actelocale.md', 2),
(622, 'actelocale', 'Actelocale.md', 6),
(623, 'actelocale', 'Actelocale.md', 7),
(624, 'search-button', 'Caută', 1),
(625, 'search-button', 'Поиск', 2),
(626, 'search-button', 'Search', 6),
(627, 'search-button', '', 7),
(628, 'search-label', 'Caută', 1),
(629, 'search-label', 'Поиск', 2),
(630, 'search-label', 'Search', 6),
(631, 'search-label', '', 7),
(632, 'page-result', 'Rezultate pe pagină', 1),
(633, 'page-result', 'Результаты на странице', 2),
(634, 'page-result', 'Results on page', 6),
(635, 'page-result', '', 7),
(636, 'months', 'Lunile anului', 1),
(637, 'months', 'Месяца года', 2),
(638, 'months', 'Months', 6),
(639, 'months', '', 7),
(640, 'ianuarie', 'Ianuarie', 1),
(641, 'ianuarie', 'Январь', 2),
(642, 'ianuarie', 'January', 6),
(643, 'ianuarie', '', 7),
(644, 'februarie', 'Februarie', 1),
(645, 'februarie', 'Февраль', 2),
(646, 'februarie', 'February', 6),
(647, 'februarie', '', 7),
(648, 'martie', 'Martie', 1),
(649, 'martie', 'Март', 2),
(650, 'martie', 'March', 6),
(651, 'martie', '', 7),
(652, 'aprilie', 'Aprilie', 1),
(653, 'aprilie', 'Апрель', 2),
(654, 'aprilie', 'April', 6),
(655, 'aprilie', '', 7),
(656, 'mai', 'Mai', 1),
(657, 'mai', 'Май', 2),
(658, 'mai', 'May', 6),
(659, 'mai', '', 7),
(660, 'iunie', 'Iunie', 1),
(661, 'iunie', 'Июнь', 2),
(662, 'iunie', 'June', 6),
(663, 'iunie', '', 7),
(664, 'iulie', 'Iulie', 1),
(665, 'iulie', 'Июль', 2),
(666, 'iulie', 'July', 6),
(667, 'iulie', '', 7),
(668, 'august', 'August', 1),
(669, 'august', 'Август', 2),
(670, 'august', 'August', 6),
(671, 'august', '', 7),
(672, 'septembrie', 'Septembrie', 1),
(673, 'septembrie', 'Сентябрь', 2),
(674, 'septembrie', 'September', 6),
(675, 'septembrie', '', 7),
(676, 'octombrie', 'Octombrie', 1),
(677, 'octombrie', 'Октябрь', 2),
(678, 'octombrie', 'October', 6),
(679, 'octombrie', '', 7),
(680, 'noiembrie', 'Noiembrie', 1),
(681, 'noiembrie', 'Ноябрь', 2),
(682, 'noiembrie', 'November', 6),
(683, 'noiembrie', '', 7),
(684, 'decembrie', 'Decembrie', 1),
(685, 'decembrie', 'Декабрь', 2),
(686, 'decembrie', 'December', 6),
(687, 'decembrie', '', 7),
(688, 'acte-search', 'Pagina', 1),
(689, 'acte-search', 'Страница', 2),
(690, 'acte-search', 'Page', 6),
(691, 'acte-search', '', 7),
(692, 'acte-nr', 'Nr.', 1),
(693, 'acte-nr', '№', 2),
(694, 'acte-nr', 'No.', 6),
(695, 'acte-nr', '', 7),
(696, 'acte-title', 'Titlu ', 1),
(697, 'acte-title', 'Заглавие', 2),
(698, 'acte-title', 'Title', 6),
(699, 'acte-title', '', 7),
(700, 'acte-tip', 'Tip ', 1),
(701, 'acte-tip', 'Тип', 2),
(702, 'acte-tip', 'Type', 6),
(703, 'acte-tip', '', 7),
(704, 'acte-emitent', 'Emitent', 1),
(705, 'acte-emitent', 'Эмитент', 2),
(706, 'acte-emitent', 'Issuer', 6),
(707, 'acte-emitent', '', 7),
(708, 'acte-data', 'Data', 1),
(709, 'acte-data', 'Дата', 2),
(710, 'acte-data', 'Date', 6),
(711, 'acte-data', '', 7),
(712, 'fire-save', 'Expediază pe mail o copie a discuției. ', 1),
(713, 'fire-save', 'Отправить емейл с копией разговора?', 2),
(714, 'fire-save', 'Receive an email with a copy of this discussion?', 6),
(715, 'fire-save', '', 7),
(716, 'fire-click', 'clik aici', 1),
(717, 'fire-click', 'нажмите здесь', 2),
(718, 'fire-click', 'clik here', 6),
(719, 'fire-click', '', 7),
(720, 'fire-reg', 'Această discuție chat se înregistrează', 1),
(721, 'fire-reg', 'Этот чат разговор записывается', 2),
(722, 'fire-reg', 'This chat conversation is recorded', 6),
(723, 'fire-reg', '', 7),
(724, 'fire-rlu', 'Sigur doriti să expediați mesajele pe ', 1),
(725, 'fire-rlu', 'Вы действительно хотите отправить эти сообщения на ', 2),
(726, 'fire-rlu', 'Are you sure you want to send messages to', 6),
(727, 'fire-rlu', '', 7),
(728, 'fire-email', 'Mesajul Dvs. a fost trimis cu succes', 1),
(729, 'fire-email', 'Ваше сообщение было успешно отправлено', 2),
(730, 'fire-email', 'Thank you! Your message has been successfully sent', 6),
(731, 'fire-email', '', 7),
(732, 'fire-out', 'a părăsit  discuția on-line', 1),
(733, 'fire-out', 'покинул чат', 2),
(734, 'fire-out', 'left the conversation', 6),
(735, 'fire-out', '', 7),
(736, 'jobrequest', 'Cereri', 1),
(737, 'jobrequest', 'Запросы', 2),
(738, 'jobrequest', 'Requests', 6),
(739, 'jobrequest', '', 7),
(740, 'jobreq', 'Anunț vacant, Numele Prenumele: ', 1),
(741, 'jobreq', 'Вакансия, Фамилия Имя:', 2),
(742, 'jobreq', 'Vacancy job, Name First name: ', 6),
(743, 'jobreq', '', 7),
(744, 'news-dez', 'Dezabonare buletin informativ', 1),
(745, 'news-dez', 'Отмена подписки на информационный бюллетень', 2),
(746, 'news-dez', 'Cancel subscription to newsletter', 6),
(747, 'news-dez', '', 7),
(748, 'newsletter-msg', 'Emailul Dumneavoastră a fost eliminat din opțiunea de recepționare a noutăților prin newsletter', 1),
(749, 'newsletter-msg', 'Ваш емаил был удалён из списка получателей новостей информационного бюллетеня', 2),
(750, 'newsletter-msg', 'Your email is unsubscribed from website newsletter', 6),
(751, 'newsletter-msg', '', 7),
(752, 'nr', 'Nr.', 1),
(753, 'nr', '№', 2),
(754, 'nr', 'No.', 6),
(755, 'nr', '', 7),
(756, 'nume-prenume', 'Nume Prenume', 1),
(757, 'nume-prenume', 'Фамилия Имя', 2),
(758, 'nume-prenume', 'Name First name', 6),
(759, 'nume-prenume', '', 7),
(760, 'functia', 'Funcția', 1),
(761, 'functia', 'Должность', 2),
(762, 'functia', 'Job position', 6),
(763, 'functia', '', 7),
(764, 'apartenenta-politica', 'Apartenența politică', 1),
(765, 'apartenenta-politica', 'Политическая принадлежность', 2),
(766, 'apartenenta-politica', 'Political affiliation', 6),
(767, 'apartenenta-politica', '', 7),
(768, 'sondaje', 'Sondaje', 1),
(769, 'sondaje', 'Опросы', 2),
(770, 'sondaje', 'Surveys', 6),
(771, 'sondaje', '', 7),
(772, 'introduceti-codul-previne-voturile-automate', 'Introduceți codul, previne voturile automate', 1),
(773, 'introduceti-codul-previne-voturile-automate', 'Введите код, для предотвращения автоматического голосования', 2),
(774, 'introduceti-codul-previne-voturile-automate', 'Introduce the code, prevent automatic votes', 6),
(775, 'introduceti-codul-previne-voturile-automate', '', 7),
(776, 'alte-sondaje', 'Alte sondaje', 1),
(777, 'alte-sondaje', 'Другие опросы', 2),
(778, 'alte-sondaje', 'Other surveys', 6),
(779, 'alte-sondaje', '', 7),
(780, 'poll-msg-succ', 'Răspunsurile dumneavoastră au fost înregistrate cu succes! Vă mulțumim! Puteți urmări rezultatele curente ale sondajului:', 1),
(781, 'poll-msg-succ', 'Ваши ответы были успешно записаны! Спасибо! Вы можете проверить текущие результаты опроса:', 2),
(782, 'poll-msg-succ', 'Your answers were successfully recorded! Thank you! You can track the current results of the survey:', 6),
(783, 'poll-msg-succ', '', 7),
(784, 'poll-raspunsuri', 'răspunsuri', 1),
(785, 'poll-raspunsuri', 'ответы', 2),
(786, 'poll-raspunsuri', 'answers', 6),
(787, 'poll-raspunsuri', '', 7),
(788, 'you-have-already-voted', 'Votul Dumneavoastră deja a fost înregistrat', 1),
(789, 'you-have-already-voted', 'Ваш голос зарегестрирован', 2),
(790, 'you-have-already-voted', 'You have already voted', 6),
(791, 'you-have-already-voted', '', 7),
(792, 'poll-not-found', 'Sondajul nu a fost găsit', 1),
(793, 'poll-not-found', 'Опрос не найден', 2),
(794, 'poll-not-found', 'Survey not found', 6),
(795, 'poll-not-found', '', 7),
(796, 'plingeri', 'Plângeri', 1),
(797, 'plingeri', 'Жалобы', 2),
(798, 'plingeri', 'Complaints', 6),
(799, 'plingeri', '', 7),
(800, 'atentie-', 'ATENȚIE ! ', 1),
(801, 'atentie-', 'ВНИМАНИЕ!', 2),
(802, 'atentie-', 'WARNING!', 6),
(803, 'atentie-', '', 7),
(804, 'atent-msg', 'Petițiile anonime sau cele în care nu sunt trecute datele de identificare ale persoanei nu se iau în considerare și se clasează potrivit prezentei ordonanțe, administratorul site-ului rezervându-și dreptul de a nu le face publice.', 1),
(805, 'atent-msg', 'Анонимные заявления или те, в которых не указаны персональные данные пользователя, не принимаются во внимание и  определяются в соответствии с данным постановлением, тем самым администратор сайта оставляет за собой право не публиковать их.', 2),
(806, 'atent-msg', 'Anonymous petitions or those with no identification data of the person are not taken into account and are classified according to the present ordinance, the administrator reserves its right of not making them publicly.', 6),
(807, 'atent-msg', '', 7),
(808, 'formular-de-completare', 'Formular de completare', 1),
(809, 'formular-de-completare', 'Бланк', 2),
(810, 'formular-de-completare', 'Blank', 6),
(811, 'formular-de-completare', '', 7),
(812, 'numele-prenume', 'Numele Prenume*', 1),
(813, 'numele-prenume', 'Имя Фамилия*', 2),
(814, 'numele-prenume', 'Name First name*', 6),
(815, 'numele-prenume', '', 7),
(816, 'email-1', 'Email*', 1),
(817, 'email-1', 'Электронный адрес*', 2),
(818, 'email-1', 'Email*', 6),
(819, 'email-1', '', 7),
(820, 'adresa-postala-telefon-', 'Adresa Poștală / Telefon ', 1),
(821, 'adresa-postala-telefon-', 'Почтовый адрес / Телефон', 2),
(822, 'adresa-postala-telefon-', 'Postal address / Telephone', 6),
(823, 'adresa-postala-telefon-', '', 7),
(824, 'subiect-1', 'Subiect*', 1),
(825, 'subiect-1', 'Тема*', 2),
(826, 'subiect-1', 'Subject*', 6),
(827, 'subiect-1', '', 7),
(828, 'mesaj', 'Mesaj', 1),
(829, 'mesaj', 'Сообщение', 2),
(830, 'mesaj', 'Message', 6),
(831, 'mesaj', '', 7),
(832, 'cod-de-verificare', 'Cod de verificare*', 1),
(833, 'cod-de-verificare', 'Проверочный код*', 2),
(834, 'cod-de-verificare', 'Verification code*', 6),
(835, 'cod-de-verificare', '', 7),
(836, 'public', 'Public', 1),
(837, 'public', 'Общественный', 2),
(838, 'public', 'Public', 6),
(839, 'public', '', 7),
(840, 'privat', 'Privat', 1),
(841, 'privat', 'Частный', 2),
(842, 'privat', 'Private', 6),
(843, 'privat', '', 7),
(844, 'trimite', 'trimite', 1),
(845, 'trimite', 'отправить', 2),
(846, 'trimite', 'send', 6),
(847, 'trimite', '', 7),
(848, 'cautare-1', 'Cautare', 1),
(849, 'cautare-1', 'Пойск', 2),
(850, 'cautare-1', 'Search', 6),
(851, 'cautare-1', '', 7),
(852, 'rezultatul-cautarii', 'Rezultatul căutării', 1),
(853, 'rezultatul-cautarii', 'Результаты пойска', 2),
(854, 'rezultatul-cautarii', 'Search results', 6),
(855, 'rezultatul-cautarii', '', 7),
(856, 'rezultatele-cautarii-pentru-', 'Rezultatele căutării pentru ', 1),
(857, 'rezultatele-cautarii-pentru-', 'Результаты пойска ', 2),
(858, 'rezultatele-cautarii-pentru-', 'Find results for', 6),
(859, 'rezultatele-cautarii-pentru-', '', 7),
(860, 'afisate-', 'Afișate ', 1),
(861, 'afisate-', 'Результаты', 2),
(862, 'afisate-', 'Results', 6),
(863, 'afisate-', '', 7),
(864, '-din-', ' din ', 1),
(865, '-din-', ' из', 2),
(866, '-din-', ' out of', 6),
(867, '-din-', '', 7),
(868, 'acasa', 'Principala', 1),
(869, 'acasa', 'Главная', 2),
(870, 'acasa', 'Home', 6),
(871, 'acasa', '', 7),
(872, 'elemente', 'Elemente', 1),
(873, 'elemente', 'Элементы', 2),
(874, 'elemente', 'Elements', 6),
(875, 'elemente', '', 7),
(876, 'paginatia', 'Paginația', 1),
(877, 'paginatia', 'Пагинация', 2),
(878, 'paginatia', 'Pagination', 6),
(879, 'paginatia', '', 7),
(880, 'previous', '&amp;laquo; Precedenta', 1),
(881, 'previous', '&amp;laquo; Предыдущая', 2),
(882, 'previous', '&amp;laquo; Previous', 6),
(883, 'previous', '&amp;laquo; ', 7),
(884, 'next', 'Următoarea &amp;raquo;', 1),
(885, 'next', 'Следующая &amp;raquo;', 2),
(886, 'next', 'Next &amp;raquo;', 6),
(887, 'next', ' &amp;raquo;', 7),
(888, 'validarea', 'Validarea', 1),
(889, 'validarea', 'Утверждение', 2),
(890, 'validarea', 'Validation', 6),
(891, 'validarea', '', 7),
(892, 'cimpul-attribute-este-abligator', 'Câmpul :attribute  este obligator.', 1),
(893, 'cimpul-attribute-este-abligator', 'Поле :attribute обязательна', 2),
(894, 'cimpul-attribute-este-abligator', 'Field :attribute is compulsory', 6),
(895, 'cimpul-attribute-este-abligator', ' :attribute', 7),
(896, 'the-attribute-must-be-a-valid-email-address', 'Câmpul :attribute trebuie să fie un email valid', 1),
(897, 'the-attribute-must-be-a-valid-email-address', 'Поле :attribute должна быть действительным адресом электронной почты', 2),
(898, 'the-attribute-must-be-a-valid-email-address', 'Field :attribute must be a valid email', 6),
(899, 'the-attribute-must-be-a-valid-email-address', '', 7),
(900, 'feeds', 'Grupe de postări', 1),
(901, 'feeds', 'Группы публикации', 2),
(902, 'feeds', 'Group of posts', 6),
(903, 'feeds', '', 7),
(904, 'var', 'Variabile', 1),
(905, 'var', 'Переменные', 2),
(906, 'var', 'Variables', 6),
(907, 'var', '', 7),
(908, 'extensions', 'Extensii', 1),
(909, 'extensions', 'Расширения', 2),
(910, 'extensions', 'Extensions', 6),
(911, 'extensions', '', 7),
(912, 'users', 'Utilizatori', 1),
(913, 'users', 'Пользователи', 2),
(914, 'users', 'Users', 6),
(915, 'users', '', 7),
(916, 'languages', 'Limbi', 1),
(917, 'languages', 'Языки', 2),
(918, 'languages', 'Languages', 6),
(919, 'languages', '', 7),
(920, 'settings', 'Setări', 1),
(921, 'settings', 'Настройки', 2),
(922, 'settings', 'Settings', 6),
(923, 'settings', '', 7),
(924, 'log', 'Loguri', 1),
(925, 'log', 'Записи', 2),
(926, 'log', 'Logs', 6),
(927, 'log', '', 7),
(928, 'layout-1', 'Machetă amplasare', 1),
(929, 'layout-1', 'Макет', 2),
(930, 'layout-1', 'Layout', 6),
(931, 'layout-1', '', 7),
(932, 'hello-', 'Salut, ', 1),
(933, 'hello-', 'Привет,', 2),
(934, 'hello-', 'Hello,', 6),
(935, 'hello-', '', 7),
(936, 'select-file', 'Selectează fișier', 1),
(937, 'select-file', 'Выбрать файл', 2),
(938, 'select-file', 'Select file', 6),
(939, 'select-file', '', 7),
(940, 'close', 'Închide', 1),
(941, 'close', 'Закрыть', 2),
(942, 'close', 'Close', 6),
(943, 'close', '', 7),
(944, 'title', 'OpenApL CMS', 1),
(945, 'title', 'Панель управления содержимым', 2),
(946, 'title', 'Content Management System', 6),
(947, 'title', '', 7),
(948, 'enter-your-username-and-password', 'Introduceți numele de utilizator și parola', 1),
(949, 'enter-your-username-and-password', 'Введите имя пользователя и пароль', 2),
(950, 'enter-your-username-and-password', 'Introduce user name and password', 6),
(951, 'enter-your-username-and-password', '', 7),
(952, 'sign-in', 'Înregistrare', 1),
(953, 'sign-in', 'Регистрация', 2),
(954, 'sign-in', 'Log in', 6),
(955, 'sign-in', '', 7),
(956, 'username', 'Nume de utilizator', 1),
(957, 'username', 'Имя пользователя', 2),
(958, 'username', 'User name', 6),
(959, 'username', '', 7),
(960, 'password', 'Parola', 1),
(961, 'password', 'Пароль', 2),
(962, 'password', 'Password', 6),
(963, 'password', '', 7),
(964, 'compartimente', 'Compartimente', 1),
(965, 'compartimente', 'Разделы', 2),
(966, 'compartimente', 'Sections', 6),
(967, 'compartimente', '', 7),
(968, 'feeds-1', 'Grupe de postări', 1),
(969, 'feeds-1', 'Группы публикации', 2),
(970, 'feeds-1', 'Group of posts', 6),
(971, 'feeds-1', '', 7),
(972, 'create-new-post', 'Crează o postare nouă', 1),
(973, 'create-new-post', 'Создать новую публикацию', 2),
(974, 'create-new-post', 'Create new post', 6),
(975, 'create-new-post', '', 7),
(976, 'post-list', 'Lista de postări', 1),
(977, 'post-list', 'Список публикации', 2),
(978, 'post-list', 'List of posts', 6),
(979, 'post-list', '', 7),
(980, 'title-1', 'Titlul', 1),
(981, 'title-1', 'Заголовок', 2),
(982, 'title-1', 'Title', 6),
(983, 'title-1', '', 7),
(984, 'date', 'Data', 1),
(985, 'date', 'Дата', 2),
(986, 'date', 'Date', 6),
(987, 'date', '', 7),
(988, 'current-feed', 'Grupa curentă', 1),
(989, 'current-feed', 'Текущая группа', 2),
(990, 'current-feed', 'Current group', 6),
(991, 'current-feed', '', 7),
(992, 'create-new-feed', 'Crează un grup nou', 1),
(993, 'create-new-feed', 'Создать новую группу', 2),
(994, 'create-new-feed', 'Create new group', 6),
(995, 'create-new-feed', '', 7),
(996, 'addfeed', 'Adăugare grupă', 1),
(997, 'addfeed', 'Добавить группу', 2),
(998, 'addfeed', 'Add group', 6),
(999, 'addfeed', '', 7),
(1000, 'name', 'Nume', 1),
(1001, 'name', 'Название', 2),
(1002, 'name', 'Name', 6),
(1003, 'name', '', 7),
(1004, 'enabled', 'Activ', 1),
(1005, 'enabled', 'Активный', 2),
(1006, 'enabled', 'Active', 6),
(1007, 'enabled', '', 7),
(1008, 'limit-type', 'Tip de limită', 1),
(1009, 'limit-type', 'Тип ограничения', 2),
(1010, 'limit-type', 'Limit type', 6),
(1011, 'limit-type', '', 7),
(1012, 'pagination', 'Paginație', 1),
(1013, 'pagination', 'Пагинация', 2),
(1014, 'pagination', 'Pagination', 6),
(1015, 'pagination', '', 7),
(1016, 'strict-limit', 'Limită strictă', 1),
(1017, 'strict-limit', 'Строгое ограничение', 2),
(1018, 'strict-limit', 'Strict limit', 6),
(1019, 'strict-limit', '', 7),
(1020, 'limit', 'Limita:', 1),
(1021, 'limit', 'Ограничение:', 2),
(1022, 'limit', 'Limit:', 6),
(1023, 'limit', '', 7),
(1024, 'order-type', 'Tipul de ordonare:', 1),
(1025, 'order-type', 'Порядковый тип:', 2),
(1026, 'order-type', 'Order type:', 6),
(1027, 'order-type', '', 7),
(1028, 'none', 'Fără ordonare', 1),
(1029, 'none', 'В беспорядке ', 2),
(1030, 'none', 'Without order', 6),
(1031, 'none', '', 7),
(1032, 'ascendent', 'ASCENDENT', 1),
(1033, 'ascendent', 'ПО ВОЗРАСТАНИЯ', 2),
(1034, 'ascendent', 'ASCENDING', 6),
(1035, 'ascendent', '', 7),
(1036, 'descendent', 'DESCENDENT', 1),
(1037, 'descendent', 'ПО УБЫВАНИЯ', 2),
(1038, 'descendent', 'DESCENDING', 6),
(1039, 'descendent', '', 7),
(1040, 'order-by', 'Ordonare după', 1),
(1041, 'order-by', 'Последовательность по', 2),
(1042, 'order-by', 'Order by', 6),
(1043, 'order-by', '', 7),
(1044, 'date-1', 'Dată', 1),
(1045, 'date-1', 'Дата', 2),
(1046, 'date-1', 'Date', 6),
(1047, 'date-1', '', 7),
(1048, 'title-2', 'Titlu', 1),
(1049, 'title-2', 'Заголовок', 2),
(1050, 'title-2', 'Title', 6),
(1051, 'title-2', '', 7),
(1052, 'views', 'Numărul de vizualizări', 1),
(1053, 'views', 'Количество просмотров', 2),
(1054, 'views', 'Number of views', 6),
(1055, 'views', '', 7),
(1056, 'set-aditional-fields', 'Setează câmpuri adăugătoare', 1),
(1057, 'set-aditional-fields', 'Установить дополнительные поля', 2),
(1058, 'set-aditional-fields', 'Set additional fields', 6),
(1059, 'set-aditional-fields', '', 7),
(1060, 'edit-feed', 'Editare grupă', 1),
(1061, 'edit-feed', 'Изменить группу', 2),
(1062, 'edit-feed', 'Edit group', 6),
(1063, 'edit-feed', '', 7),
(1064, 'trash-post', 'Postări anulate', 1),
(1065, 'trash-post', 'Отмененные записи', 2),
(1066, 'trash-post', 'Canceled posts', 6),
(1067, 'trash-post', '', 7),
(1068, 'list-1', 'Grupe', 1),
(1069, 'list-1', 'Группы', 2),
(1070, 'list-1', 'Groups', 6),
(1071, 'list-1', '', 7),
(1072, 'name-3', 'Nume', 1),
(1073, 'name-3', 'Названия', 2),
(1074, 'name-3', 'Name', 6),
(1075, 'name-3', '', 7),
(1076, 'state', 'Stare', 1),
(1077, 'state', 'Статус', 2),
(1078, 'state', 'Status', 6),
(1079, 'state', '', 7),
(1080, 'action', 'Acțiune', 1),
(1081, 'action', 'Действие', 2),
(1082, 'action', 'Action', 6),
(1083, 'action', '', 7),
(1084, 'active', 'Activ', 1),
(1085, 'active', 'Активный', 2),
(1086, 'active', 'Active', 6),
(1087, 'active', '', 7),
(1088, 'inactive', 'Inactiv', 1),
(1089, 'inactive', 'Неактивный', 2),
(1090, 'inactive', 'Inactive', 6),
(1091, 'inactive', '', 7),
(1092, 'edit-post', 'Editare postare', 1),
(1093, 'edit-post', 'Изменить запись', 2),
(1094, 'edit-post', 'Edit post', 6),
(1095, 'edit-post', '', 7),
(1096, 'varianta-in', '', 1),
(1097, 'varianta-in', 'Версия на', 2),
(1098, 'varianta-in', 'Version in', 6),
(1099, 'varianta-in', '', 7),
(1100, 'media', 'Imagine', 1),
(1101, 'media', 'Картинка', 2),
(1102, 'media', 'Image', 6),
(1103, 'media', '', 7),
(1104, 'general', 'General', 1),
(1105, 'general', 'Общий', 2),
(1106, 'general', 'General', 6),
(1107, 'general', '', 7),
(1108, 'date-3', 'Date', 1),
(1109, 'date-3', 'Данные', 2),
(1110, 'date-3', 'Data', 6),
(1111, 'date-3', '', 7),
(1112, 'to-home-page', 'Plasează pe pagina principală', 1),
(1113, 'to-home-page', 'Разместить на главную страницу', 2),
(1114, 'to-home-page', 'Place to homepage', 6),
(1115, 'to-home-page', '', 7),
(1116, 'to-home-page-1', 'Plasează pe pagina principală', 1),
(1117, 'to-home-page-1', 'Разместить на главную страницу', 2),
(1118, 'to-home-page-1', 'Place to homepage', 6),
(1119, 'to-home-page-1', '', 7),
(1120, 'frontend-link', 'Adresa de pe site', 1),
(1121, 'frontend-link', 'Адрес на сайте', 2),
(1122, 'frontend-link', 'Address on the website', 6),
(1123, 'frontend-link', '', 7),
(1124, 'title-3', 'Titlu', 1),
(1125, 'title-3', 'Заголовок', 2),
(1126, 'title-3', 'Title', 6),
(1127, 'title-3', '', 7),
(1128, 'uri', 'Uri', 1),
(1129, 'uri', 'Uri', 2),
(1130, 'uri', 'Uri', 6),
(1131, 'uri', 'Uri', 7),
(1132, 'text', 'Text', 1),
(1133, 'text', 'Текст', 2),
(1134, 'text', 'Text', 6),
(1135, 'text', '', 7),
(1136, 'enabled-1', 'Activ', 1),
(1137, 'enabled-1', 'Активный', 2),
(1138, 'enabled-1', 'Active', 6),
(1139, 'enabled-1', '', 7),
(1140, 'files', 'Fișiere', 1),
(1141, 'files', 'Файлы', 2),
(1142, 'files', 'Files', 6),
(1143, 'files', '', 7),
(1144, '-select-file-from-computer', 'Selectează de pe calculator', 1),
(1145, '-select-file-from-computer', 'Загрузить файл с компьютера', 2),
(1146, '-select-file-from-computer', 'Select from computer', 6),
(1147, '-select-file-from-computer', '', 7),
(1148, '-select-file-from-server', 'Selectează de pe server', 1),
(1149, '-select-file-from-server', 'Загрузить файл с сервера', 2),
(1150, '-select-file-from-server', 'Select file from server', 6),
(1151, '-select-file-from-server', '', 7),
(1152, 'icon', 'Imagine', 1),
(1153, 'icon', 'Изображение', 2),
(1154, 'icon', 'Image', 6),
(1155, 'icon', '', 7),
(1156, 'name1', 'Nume', 1),
(1157, 'name1', 'Названия', 2),
(1158, 'name1', 'Name', 6),
(1159, 'name1', '', 7),
(1160, 'type', 'Tip', 1),
(1161, 'type', 'Тип', 2),
(1162, 'type', 'Type', 6),
(1163, 'type', '', 7),
(1164, 'size', 'Mărime', 1),
(1165, 'size', 'Размер', 2),
(1166, 'size', 'Size', 6),
(1167, 'size', '', 7),
(1168, 'action-1', 'Acțiune', 1),
(1169, 'action-1', 'Действие', 2),
(1170, 'action-1', 'Action', 6),
(1171, 'action-1', '', 7),
(1172, 'no-files', 'Nu sunt fișiere', 1),
(1173, 'no-files', 'Файлов не найдено', 2),
(1174, 'no-files', 'Files not found', 6),
(1175, 'no-files', '', 7),
(1176, 'log-1', 'Log', 1),
(1177, 'log-1', 'Запись', 2),
(1178, 'log-1', 'Log', 6),
(1179, 'log-1', '', 7),
(1180, 'date-4', 'Date', 1),
(1181, 'date-4', 'Данные', 2),
(1182, 'date-4', 'Data', 6),
(1183, 'date-4', '', 7),
(1184, 'message-1', 'Mesaj', 1),
(1185, 'message-1', 'Сообщение', 2),
(1186, 'message-1', 'Message', 6),
(1187, 'message-1', '', 7),
(1188, 'user-2', 'Utilizator', 1),
(1189, 'user-2', 'Пользователь', 2),
(1190, 'user-2', 'User', 6),
(1191, 'user-2', '', 7),
(1192, 'ip', 'IP', 1),
(1193, 'ip', 'IP', 2),
(1194, 'ip', 'IP', 6),
(1195, 'ip', 'IP', 7),
(1196, 'anonim', 'Anonim', 1),
(1197, 'anonim', 'Аноним', 2),
(1198, 'anonim', 'Anonym', 6),
(1199, 'anonim', '', 7),
(1200, 'close-1', 'Închide', 1),
(1201, 'close-1', 'Закрыть', 2),
(1202, 'close-1', 'Close', 6),
(1203, 'close-1', '', 7),
(1204, 'log-item-details', 'Detalii acțiune', 1),
(1205, 'log-item-details', 'Подробности действия', 2),
(1206, 'log-item-details', 'Action details', 6),
(1207, 'log-item-details', '', 7),
(1208, 'module-1', 'Lista de module', 1),
(1209, 'module-1', 'Список модулей', 2),
(1210, 'module-1', 'List of modules', 6),
(1211, 'module-1', '', 7),
(1212, 'name-4', 'Nume', 1),
(1213, 'name-4', 'Фамилия', 2),
(1214, 'name-4', 'Name', 6),
(1215, 'name-4', '', 7),
(1216, 'state-1', 'Stare', 1),
(1217, 'state-1', 'Статус', 2),
(1218, 'state-1', 'Status', 6),
(1219, 'state-1', '', 7),
(1220, 'pages-2', 'Pagini', 1),
(1221, 'pages-2', 'Страницы', 2),
(1222, 'pages-2', 'Pages', 6),
(1223, 'pages-2', '', 7),
(1224, 'formular-1', 'Formular', 1),
(1225, 'formular-1', 'Формуляр', 2),
(1226, 'formular-1', 'Form', 6),
(1227, 'formular-1', '', 7),
(1228, 'general-1', 'General', 1),
(1229, 'general-1', 'Общий', 2),
(1230, 'general-1', 'General', 6),
(1231, 'general-1', '', 7),
(1232, 'language-1', '', 1),
(1233, 'language-1', '', 2),
(1234, 'language-1', '', 6),
(1235, 'language-1', '', 7),
(1236, 'files-1', 'Fișiere', 1),
(1237, 'files-1', 'Файлы', 2),
(1238, 'files-1', 'Files', 6),
(1239, 'files-1', '', 7),
(1240, 'attachment', 'Atașamente', 1),
(1241, 'attachment', 'Прикреплённые файлы', 2),
(1242, 'attachment', 'Attachments', 6),
(1243, 'attachment', '', 7),
(1244, 'create-new-page', 'Crează o pagină nouă', 1),
(1245, 'create-new-page', 'Создать новую страницу', 2),
(1246, 'create-new-page', 'Create new page', 6),
(1247, 'create-new-page', '', 7),
(1248, 'create-3', 'Crează', 1),
(1249, 'create-3', 'Создать', 2),
(1250, 'create-3', 'Create', 6),
(1251, 'create-3', '', 7),
(1252, 'form-3', 'Editare pagină', 1),
(1253, 'form-3', 'Редактирование страниц', 2),
(1254, 'form-3', 'Page edit form', 6),
(1255, 'form-3', '', 7),
(1256, 'delete', 'Șterge', 1),
(1257, 'delete', 'Удалить', 2),
(1258, 'delete', 'Delete', 6),
(1259, 'delete', '', 7),
(1260, 'afisare-fisiere-', 'Afișare fișiere: ', 1),
(1261, 'afisare-fisiere-', 'Показать файлы:', 2),
(1262, 'afisare-fisiere-', 'Show files:', 6),
(1263, 'afisare-fisiere-', '', 7),
(1264, 'afisare-cautare-', 'Afișare cautare: ', 1),
(1265, 'afisare-cautare-', 'Результаты поиска:', 2),
(1266, 'afisare-cautare-', 'Show search results:', 6),
(1267, 'afisare-cautare-', '', 7),
(1268, 'parent-', 'Părinte: ', 1),
(1269, 'parent-', 'Корневой каталог:', 2),
(1270, 'parent-', 'Parent:', 6),
(1271, 'parent-', '', 7),
(1272, 'clone-', 'Clonă: ', 1),
(1273, 'clone-', 'Клон:', 2),
(1274, 'clone-', 'Clone:', 6),
(1275, 'clone-', '', 7),
(1276, 'redirect-to-', 'Redirecționează către: ', 1),
(1277, 'redirect-to-', 'Переадресовывать:', 2),
(1278, 'redirect-to-', 'Forward:', 6),
(1279, 'redirect-to-', '', 7),
(1280, 'view-mod', 'Tipul de vizualizare:', 1),
(1281, 'view-mod', 'Тип просмотра:', 2),
(1282, 'view-mod', 'Type of view:', 6),
(1283, 'view-mod', '', 7),
(1284, 'properties', 'Proprietăți:', 1),
(1285, 'properties', 'Свойства:', 2),
(1286, 'properties', 'Properties:', 6),
(1287, 'properties', '', 7),
(1288, 'date--4', 'Dată', 1),
(1289, 'date--4', 'Дата', 2),
(1290, 'date--4', 'Date', 6),
(1291, 'date--4', '', 7),
(1292, 'general-node-', 'Meniu principal:', 1),
(1293, 'general-node-', 'Главное меню:', 2),
(1294, 'general-node-', 'Main menu:', 6),
(1295, 'general-node-', '', 7),
(1296, 'home-page-', 'Este pagina principală:', 1),
(1297, 'home-page-', 'Главная страница:', 2),
(1298, 'home-page-', 'Homepage:', 6),
(1299, 'home-page-', '', 7),
(1300, 'have-socials-', 'Activeaza butoanele sociale:', 1),
(1301, 'have-socials-', 'Включить социальные кнопки:', 2),
(1302, 'have-socials-', 'Enable social buttons:', 6),
(1303, 'have-socials-', '', 7),
(1304, 'have-comments', 'Activeaza comentariile: ', 1),
(1305, 'have-comments', 'Включить комментарии:', 2),
(1306, 'have-comments', 'Enable comments:', 6),
(1307, 'have-comments', '', 7),
(1308, 'close-2', 'Închide', 1),
(1309, 'close-2', 'Закрыть', 2),
(1310, 'close-2', 'Close', 6),
(1311, 'close-2', '', 7),
(1312, 'view-mod-help', 'Ajutor', 1),
(1313, 'view-mod-help', 'Помощь', 2),
(1314, 'view-mod-help', 'Help', 6),
(1315, 'view-mod-help', '', 7),
(1316, 'nume-2', 'NUME', 1),
(1317, 'nume-2', 'НАЗВАНИЕ', 2),
(1318, 'nume-2', 'NAME', 6),
(1319, 'nume-2', '', 7),
(1320, 'info-1', 'INFORMAȚII', 1),
(1321, 'info-1', 'ИНФОРМАЦИЯ', 2),
(1322, 'info-1', 'INFO', 6),
(1323, 'info-1', '', 7),
(1324, 'screen', 'IMAGINE', 1),
(1325, 'screen', 'ИЗОБРАЖЕНИЕ', 2),
(1326, 'screen', 'IMAGE', 6),
(1327, 'screen', '', 7),
(1328, 'frontend-link-', 'Linkul de pe sait:', 1),
(1329, 'frontend-link-', 'Ссылка с сайта:', 2);
INSERT INTO `apl_var_lang` (`id`, `var_key`, `value`, `lang_id`) VALUES
(1330, 'frontend-link-', 'Link on the site:', 6),
(1331, 'frontend-link-', '', 7),
(1332, 'title--3', 'Titlu: ', 1),
(1333, 'title--3', 'Заголовок:', 2),
(1334, 'title--3', 'Title:', 6),
(1335, 'title--3', '', 7),
(1336, 'uri-', 'Uri: ', 1),
(1337, 'uri-', 'Uri: ', 2),
(1338, 'uri-', 'Uri: ', 6),
(1339, 'uri-', 'Uri: ', 7),
(1340, 'text-', 'Text: ', 1),
(1341, 'text-', 'Текст:', 2),
(1342, 'text-', 'Text: ', 6),
(1343, 'text-', '', 7),
(1344, 'enabled--1', 'Activ: ', 1),
(1345, 'enabled--1', 'Активный:', 2),
(1346, 'enabled--1', 'Active:', 6),
(1347, 'enabled--1', '', 7),
(1348, 'settings-1', 'Setări', 1),
(1349, 'settings-1', 'Настройки', 2),
(1350, 'settings-1', 'Settings', 6),
(1351, 'settings-1', '', 7),
(1352, 'template-color-schema', 'Schema de culori: ', 1),
(1353, 'template-color-schema', 'Цветовая гамма:', 2),
(1354, 'template-color-schema', 'Colour scheme:', 6),
(1355, 'template-color-schema', '', 7),
(1356, 'location', 'Locația:', 1),
(1357, 'location', 'Местоположение:', 2),
(1358, 'location', 'Location:', 6),
(1359, 'location', '', 7),
(1360, 'users-1', 'Utilizatori', 1),
(1361, 'users-1', 'Пользователи', 2),
(1362, 'users-1', 'Users', 6),
(1363, 'users-1', '', 7),
(1364, 'username-1', 'Nume de utilizator', 1),
(1365, 'username-1', 'Имя пользователя', 2),
(1366, 'username-1', 'User name', 6),
(1367, 'username-1', '', 7),
(1368, 'email-4', 'Email', 1),
(1369, 'email-4', 'Емейл', 2),
(1370, 'email-4', 'Email', 6),
(1371, 'email-4', 'Email', 7),
(1372, 'password-1', 'Parola', 1),
(1373, 'password-1', 'Пароль', 2),
(1374, 'password-1', 'Password', 6),
(1375, 'password-1', '', 7),
(1376, 'save', 'Salvează', 1),
(1377, 'save', 'Сохранить', 2),
(1378, 'save', 'Save', 6),
(1379, 'save', '', 7),
(1380, 'edit-details', 'Editează utilizator:', 1),
(1381, 'edit-details', 'Изменить имя пользователя:', 2),
(1382, 'edit-details', 'Edit user:', 6),
(1383, 'edit-details', '', 7),
(1384, 'change-password', 'Modifică parola', 1),
(1385, 'change-password', 'Изменить пароль', 2),
(1386, 'change-password', 'Change password', 6),
(1387, 'change-password', '', 7),
(1388, 'new-password', 'Parola nouă', 1),
(1389, 'new-password', 'Новый пароль', 2),
(1390, 'new-password', 'New password', 6),
(1391, 'new-password', '', 7),
(1392, 'this-user-can', 'Acces la:', 1),
(1393, 'this-user-can', 'Возможности:', 2),
(1394, 'this-user-can', 'Possibilities:', 6),
(1395, 'this-user-can', '', 7),
(1396, 'new-user', 'Utilizator nou:', 1),
(1397, 'new-user', 'Новый пользователь:', 2),
(1398, 'new-user', 'New user:', 6),
(1399, 'new-user', '', 7),
(1400, 'disable', 'Dezactivează', 1),
(1401, 'disable', 'Отключить', 2),
(1402, 'disable', 'Disable', 6),
(1403, 'disable', '', 7),
(1404, 'enabled-3', 'Activează', 1),
(1405, 'enabled-3', 'Включить', 2),
(1406, 'enabled-3', 'Enable', 6),
(1407, 'enabled-3', '', 7),
(1408, 'acte-locale', 'Acte locale', 1),
(1409, 'acte-locale', 'Документы принятые на местном уровне', 2),
(1410, 'acte-locale', 'Local documents', 6),
(1411, 'acte-locale', '', 7),
(1412, 'new-record', 'Crează o înregistrare', 1),
(1413, 'new-record', 'Создать запись', 2),
(1414, 'new-record', 'Record', 6),
(1415, 'new-record', '', 7),
(1416, 'nr-5', 'Nr.', 1),
(1417, 'nr-5', '№', 2),
(1418, 'nr-5', 'No.', 6),
(1419, 'nr-5', '№', 7),
(1420, 'title-5', 'Titlu', 1),
(1421, 'title-5', 'Заголовок', 2),
(1422, 'title-5', 'Title', 6),
(1423, 'title-5', '', 7),
(1424, 'type-1', 'Tip', 1),
(1425, 'type-1', 'Тип', 2),
(1426, 'type-1', 'Type', 6),
(1427, 'type-1', '', 7),
(1428, 'date-6', 'Dată', 1),
(1429, 'date-6', 'Дата', 2),
(1430, 'date-6', 'Date', 6),
(1431, 'date-6', '', 7),
(1432, 'emitent', 'Emitent', 1),
(1433, 'emitent', 'Эмитент', 2),
(1434, 'emitent', 'Issuer', 6),
(1435, 'emitent', '', 7),
(1436, 'document-1', 'Document', 1),
(1437, 'document-1', 'Документ', 2),
(1438, 'document-1', 'Document', 6),
(1439, 'document-1', '', 7),
(1440, 'calendar-1', 'Calendar', 1),
(1441, 'calendar-1', 'Календарь', 2),
(1442, 'calendar-1', 'Calendar', 6),
(1443, 'calendar-1', '', 7),
(1444, 'edit-event', 'Editează eveniment: ', 1),
(1445, 'edit-event', 'Изменить событие:', 2),
(1446, 'edit-event', 'Edit event:', 6),
(1447, 'edit-event', '', 7),
(1448, 'general-3', 'General', 1),
(1449, 'general-3', 'Общий', 2),
(1450, 'general-3', 'General', 6),
(1451, 'general-3', '', 7),
(1452, 'varianta-in-1', 'Varianta în', 1),
(1453, 'varianta-in-1', 'Версия на', 2),
(1454, 'varianta-in-1', 'Version in', 6),
(1455, 'varianta-in-1', '', 7),
(1456, 'period-', 'Perioadă:', 1),
(1457, 'period-', 'Период:', 2),
(1458, 'period-', 'Period:', 6),
(1459, 'period-', '', 7),
(1460, 'event-date-', 'Data evenimentului:', 1),
(1461, 'event-date-', 'Дата события:', 2),
(1462, 'event-date-', 'Date of event:', 6),
(1463, 'event-date-', '', 7),
(1464, 'group-', 'Grupa: ', 1),
(1465, 'group-', 'Группа:', 2),
(1466, 'group-', 'Group:', 6),
(1467, 'group-', '', 7),
(1468, 'enabled--3', 'Activ:', 1),
(1469, 'enabled--3', 'Активный:', 2),
(1470, 'enabled--3', 'Active:', 6),
(1471, 'enabled--3', '', 7),
(1472, 'title--5', 'Titlu:', 1),
(1473, 'title--5', 'Заголовок:', 2),
(1474, 'title--5', 'Title:', 6),
(1475, 'title--5', '', 7),
(1476, 'event-lang-not-found', 'Eveniment inexistent', 1),
(1477, 'event-lang-not-found', 'Событие не найдено', 2),
(1478, 'event-lang-not-found', 'Event not found', 6),
(1479, 'event-lang-not-found', '', 7),
(1480, 'create-new-event', 'Creză eveniment nou', 1),
(1481, 'create-new-event', 'Создать новое событие', 2),
(1482, 'create-new-event', 'Creat new event', 6),
(1483, 'create-new-event', '', 7),
(1484, 'event-name-in-', 'Denumire evenimentului în ', 1),
(1485, 'event-name-in-', 'Название события на', 2),
(1486, 'event-name-in-', 'Name of event in', 6),
(1487, 'event-name-in-', '', 7),
(1488, 'creaza-eveniment', 'Crează eveniment', 1),
(1489, 'creaza-eveniment', 'Создать событие', 2),
(1490, 'creaza-eveniment', 'Create event', 6),
(1491, 'creaza-eveniment', '', 7),
(1492, 'chat-2', 'Discută online', 1),
(1493, 'chat-2', 'Онлайн чат', 2),
(1494, 'chat-2', 'Chat online', 6),
(1495, 'chat-2', '', 7),
(1496, 'login-failed', 'Eroare de logare!', 1),
(1497, 'login-failed', 'Ошибка при регистрации!', 2),
(1498, 'login-failed', 'Log in error!', 6),
(1499, 'login-failed', '', 7),
(1500, 'login-succeeded', 'Logare reușită!', 1),
(1501, 'login-succeeded', 'Успешная регистрация!', 2),
(1502, 'login-succeeded', 'Log in successful!', 6),
(1503, 'login-succeeded', '', 7),
(1504, 'send-chat-on-email', 'Trimite mesajele pe email?', 1),
(1505, 'send-chat-on-email', 'Отправка сообщений на емейл?', 2),
(1506, 'send-chat-on-email', 'Send messages to email?', 6),
(1507, 'send-chat-on-email', '', 7),
(1508, 'exitchat', ' a părăsit chat-ul', 1),
(1509, 'exitchat', ' пакинул чат', 2),
(1510, 'exitchat', ' has left the conversation', 6),
(1511, 'exitchat', '', 7),
(1512, 'accesible', 'Accesibil:', 1),
(1513, 'accesible', 'Доступный:', 2),
(1514, 'accesible', 'Available:', 6),
(1515, 'accesible', '', 7),
(1516, 'gallery', 'Galerie', 1),
(1517, 'gallery', 'Галерея', 2),
(1518, 'gallery', 'Gallery', 6),
(1519, 'gallery', '', 7),
(1520, 'general-4', 'General', 1),
(1521, 'general-4', 'Общий', 2),
(1522, 'general-4', 'General', 6),
(1523, 'general-4', '', 7),
(1524, 'fisiere-1', 'Fișiere', 1),
(1525, 'fisiere-1', 'Файлы', 2),
(1526, 'fisiere-1', 'Files', 6),
(1527, 'fisiere-1', '', 7),
(1528, 'name--3', 'Nume Galerie', 1),
(1529, 'name--3', 'Название галереи', 2),
(1530, 'name--3', 'Gallery name', 6),
(1531, 'name--3', '', 7),
(1532, 'create-gallery', 'Crează', 1),
(1533, 'create-gallery', 'Создать', 2),
(1534, 'create-gallery', 'Create', 6),
(1535, 'create-gallery', '', 7),
(1536, 'recrut', 'Angajări', 1),
(1537, 'recrut', 'Набор кадров', 2),
(1538, 'recrut', 'Employment', 6),
(1539, 'recrut', '', 7),
(1540, 'post-1', 'Postul', 1),
(1541, 'post-1', 'Должность', 2),
(1542, 'post-1', 'Job position', 6),
(1543, 'post-1', '', 7),
(1544, 'name-6', 'Nume', 1),
(1545, 'name-6', 'Фамилия', 2),
(1546, 'name-6', 'Name', 6),
(1547, 'name-6', '', 7),
(1548, 'cv-2', 'CV', 1),
(1549, 'cv-2', 'Резюме', 2),
(1550, 'cv-2', 'CV', 6),
(1551, 'cv-2', '', 7),
(1552, 'date-7', 'Dată', 1),
(1553, 'date-7', 'Дата', 2),
(1554, 'date-7', 'Date', 6),
(1555, 'date-7', '', 7),
(1556, 'disabled', 'Inactiv', 1),
(1557, 'disabled', 'Неактивный', 2),
(1558, 'disabled', 'Inactive', 6),
(1559, 'disabled', '', 7),
(1560, 'enabled-5', 'Activ', 1),
(1561, 'enabled-5', 'Активный', 2),
(1562, 'enabled-5', 'Active', 6),
(1563, 'enabled-5', '', 7),
(1564, 'newsletter-2', 'Buletin informativ', 1),
(1565, 'newsletter-2', 'Информационный бюллетень', 2),
(1566, 'newsletter-2', 'Newsletter', 6),
(1567, 'newsletter-2', '', 7),
(1568, 'email-5', 'Email', 1),
(1569, 'email-5', 'Емейл', 2),
(1570, 'email-5', 'Email', 6),
(1571, 'email-5', '', 7),
(1572, 'subscribe-date', 'Dată', 1),
(1573, 'subscribe-date', 'Дата', 2),
(1574, 'subscribe-date', 'Date', 6),
(1575, 'subscribe-date', '', 7),
(1576, 'enabled-6', 'Activ', 1),
(1577, 'enabled-6', 'Активный', 2),
(1578, 'enabled-6', 'Active', 6),
(1579, 'enabled-6', '', 7),
(1580, 'export', 'Exportă', 1),
(1581, 'export', 'Экспортировать', 2),
(1582, 'export', 'Exportă', 6),
(1583, 'export', '', 7),
(1584, 'send-this-post', 'Trimite postarea', 1),
(1585, 'send-this-post', 'Отправить запись', 2),
(1586, 'send-this-post', 'Send post', 6),
(1587, 'send-this-post', '', 7),
(1588, 'persons', 'Persoane', 1),
(1589, 'persons', 'Человек', 2),
(1590, 'persons', 'Persons', 6),
(1591, 'persons', '', 7),
(1592, 'persons-1', 'Lista de persoane', 1),
(1593, 'persons-1', 'Список лиц', 2),
(1594, 'persons-1', 'List of persons', 6),
(1595, 'persons-1', '', 7),
(1596, 'person-groups', 'Grupe de persoane', 1),
(1597, 'person-groups', 'Группы лиц', 2),
(1598, 'person-groups', 'Groups of persons', 6),
(1599, 'person-groups', '', 7),
(1600, 'audience', 'Înregistrări pentru audiență', 1),
(1601, 'audience', 'Запись на приём', 2),
(1602, 'audience', 'Register for an appointment', 6),
(1603, 'audience', '', 7),
(1604, 'edit-person-group', 'Editare grup de persoane', 1),
(1605, 'edit-person-group', 'Изменить группу лиц', 2),
(1606, 'edit-person-group', 'Edit group of persons', 6),
(1607, 'edit-person-group', '', 7),
(1608, 'gname', 'Nume grup', 1),
(1609, 'gname', 'Название групы', 2),
(1610, 'gname', 'Name of group', 6),
(1611, 'gname', '', 7),
(1612, 'gdescription', 'Descriere grup', 1),
(1613, 'gdescription', 'Описание группы', 2),
(1614, 'gdescription', 'Descriprion of group', 6),
(1615, 'gdescription', '', 7),
(1616, 'phone--1', 'Telefon: ', 1),
(1617, 'phone--1', 'Телефон:', 2),
(1618, 'phone--1', 'Telephone:', 6),
(1619, 'phone--1', '', 7),
(1620, 'email--5', 'Email:', 1),
(1621, 'email--5', 'Емейл:', 2),
(1622, 'email--5', 'Email:', 6),
(1623, 'email--5', '', 7),
(1624, 'birth-date-', 'Data nașterii: ', 1),
(1625, 'birth-date-', 'Дата рождения:', 2),
(1626, 'birth-date-', 'Date of birth:', 6),
(1627, 'birth-date-', '', 7),
(1628, 'accesibil-pentru-audienta-', 'Accesibil: ', 1),
(1629, 'accesibil-pentru-audienta-', 'Доступный:', 2),
(1630, 'accesibil-pentru-audienta-', 'Aavailable:', 6),
(1631, 'accesibil-pentru-audienta-', '', 7),
(1632, 'feed-', 'Grupă de postări: ', 1),
(1633, 'feed-', 'Группа записей:', 2),
(1634, 'feed-', 'Group of posts:', 6),
(1635, 'feed-', '', 7),
(1636, 'user--1', 'Utilizator pentru convorbiri:', 1),
(1637, 'user--1', 'Чат пользователь:', 2),
(1638, 'user--1', 'Conversation user:', 6),
(1639, 'user--1', '', 7),
(1640, 'groups-', 'Grupe de persoane: ', 1),
(1641, 'groups-', 'Группы лиц:', 2),
(1642, 'groups-', 'Groups of persons:', 6),
(1643, 'groups-', '', 7),
(1644, 'photo', 'Poza principală: ', 1),
(1645, 'photo', 'Главная фотография:', 2),
(1646, 'photo', 'Main picture:', 6),
(1647, 'photo', '', 7),
(1648, 'chat-icon', 'Iconița din chat: ', 1),
(1649, 'chat-icon', 'Иконка чата:', 2),
(1650, 'chat-icon', 'Chat icon:', 6),
(1651, 'chat-icon', '', 7),
(1652, 'drag', 'Poziția', 1),
(1653, 'drag', 'Расположение', 2),
(1654, 'drag', 'Position', 6),
(1655, 'drag', '', 7),
(1656, 'drag-1', 'Trage', 1),
(1657, 'drag-1', 'Тянуть', 2),
(1658, 'drag-1', 'Drag', 6),
(1659, 'drag-1', '', 7),
(1660, 'nume-3', 'Nume câmp', 1),
(1661, 'nume-3', 'Название поля', 2),
(1662, 'nume-3', 'Field name', 6),
(1663, 'nume-3', '', 7),
(1664, 'lang-2', 'Limba', 1),
(1665, 'lang-2', 'Язык', 2),
(1666, 'lang-2', 'Language', 6),
(1667, 'lang-2', '', 7),
(1668, 'value', 'Valoare', 1),
(1669, 'value', 'Значение', 2),
(1670, 'value', 'Value', 6),
(1671, 'value', '', 7),
(1672, 'delete-1', 'Șterge', 1),
(1673, 'delete-1', 'Удалить', 2),
(1674, 'delete-1', 'Delete', 6),
(1675, 'delete-1', '', 7),
(1676, 'no-lang', 'Fără limbă', 1),
(1677, 'no-lang', 'Без языка', 2),
(1678, 'no-lang', 'No language', 6),
(1679, 'no-lang', '', 7),
(1680, 'create-new-group', 'Crează un grup nou', 1),
(1681, 'create-new-group', 'Создать новую группу', 2),
(1682, 'create-new-group', 'Create new group', 6),
(1683, 'create-new-group', '', 7),
(1684, 'create-group', 'Crează grup', 1),
(1685, 'create-group', 'Создать группу', 2),
(1686, 'create-group', 'Create group', 6),
(1687, 'create-group', '', 7),
(1688, 'name-in', 'Nume în ', 1),
(1689, 'name-in', 'Названия на', 2),
(1690, 'name-in', 'Name in', 6),
(1691, 'name-in', '', 7),
(1692, 'first-name-', 'Prenume', 1),
(1693, 'first-name-', 'Имя', 2),
(1694, 'first-name-', 'First name', 6),
(1695, 'first-name-', '', 7),
(1696, 'last-name-', 'Nume: ', 1),
(1697, 'last-name-', 'Фамилия:', 2),
(1698, 'last-name-', 'Name:', 6),
(1699, 'last-name-', '', 7),
(1700, 'function-', 'Funcție: ', 1),
(1701, 'function-', 'Должность:', 2),
(1702, 'function-', 'Job position:', 6),
(1703, 'function-', '', 7),
(1704, 'civil-state-', 'Stare civilă: ', 1),
(1705, 'civil-state-', 'Гражданское состояние:', 2),
(1706, 'civil-state-', 'Civil status:', 6),
(1707, 'civil-state-', '', 7),
(1708, 'studies-', 'Studii: ', 1),
(1709, 'studies-', 'Образование:', 2),
(1710, 'studies-', 'Education:', 6),
(1711, 'studies-', '', 7),
(1712, 'activity-', 'Activitate: ', 1),
(1713, 'activity-', 'Деятельность:', 2),
(1714, 'activity-', 'Activity:', 6),
(1715, 'activity-', '', 7),
(1716, 'sector-', 'Sector: ', 1),
(1717, 'sector-', 'Сектор:', 2),
(1718, 'sector-', 'Sector: ', 6),
(1719, 'sector-', '', 7),
(1720, 'motto-', 'Deviză: ', 1),
(1721, 'motto-', 'Девиз:', 2),
(1722, 'motto-', 'Motto: ', 6),
(1723, 'motto-', '', 7),
(1724, 'text--1', 'Text: ', 1),
(1725, 'text--1', 'Текст:', 2),
(1726, 'text--1', 'Text: ', 6),
(1727, 'text--1', '', 7),
(1728, 'consilier', 'Consilier', 1),
(1729, 'consilier', 'Советник', 2),
(1730, 'consilier', 'Councilor', 6),
(1731, 'consilier', '', 7),
(1732, 'name-8', 'Nume', 1),
(1733, 'name-8', 'Фамилия', 2),
(1734, 'name-8', 'Name', 6),
(1735, 'name-8', '', 7),
(1736, 'phone-2', 'Telefon', 1),
(1737, 'phone-2', 'Телефон', 2),
(1738, 'phone-2', 'Telephone', 6),
(1739, 'phone-2', '', 7),
(1740, 'email-7', 'Email', 1),
(1741, 'email-7', 'Емейл', 2),
(1742, 'email-7', 'Email', 6),
(1743, 'email-7', '', 7),
(1744, 'date-8', 'Data', 1),
(1745, 'date-8', 'Дата', 2),
(1746, 'date-8', 'Date', 6),
(1747, 'date-8', '', 7),
(1748, 'general-5', 'General', 1),
(1749, 'general-5', 'Общий', 2),
(1750, 'general-5', 'General', 6),
(1751, 'general-5', '', 7),
(1752, 'dynamic-fields', 'Câmpuri adiționale', 1),
(1753, 'dynamic-fields', 'Дополнительные поля', 2),
(1754, 'dynamic-fields', 'Additional fields', 6),
(1755, 'dynamic-fields', '', 7),
(1756, 'polls', 'Sondaje', 1),
(1757, 'polls', 'Опросы', 2),
(1758, 'polls', 'Surveys', 6),
(1759, 'polls', '', 7),
(1760, 'poll-form', 'Editare pagină', 1),
(1761, 'poll-form', 'Едитирование страниц', 2),
(1762, 'poll-form', 'Edit form', 6),
(1763, 'poll-form', '', 7),
(1764, 'general-6', 'General', 1),
(1765, 'general-6', 'Общий', 2),
(1766, 'general-6', 'General', 6),
(1767, 'general-6', '', 7),
(1768, 'title-7', 'Titlu', 1),
(1769, 'title-7', 'Заголовок', 2),
(1770, 'title-7', 'Title', 6),
(1771, 'title-7', '', 7),
(1772, 'date-created', 'Data creării', 1),
(1773, 'date-created', 'Дата создания', 2),
(1774, 'date-created', 'Date of creation', 6),
(1775, 'date-created', '', 7),
(1776, 'enabled-7', 'Activ', 1),
(1777, 'enabled-7', 'Активный', 2),
(1778, 'enabled-7', 'Ongoing vote', 6),
(1779, 'enabled-7', '', 7),
(1780, 'create-new-poll', 'Crează un sondaj nou', 1),
(1781, 'create-new-poll', 'Создать новый опрос', 2),
(1782, 'create-new-poll', 'Create new survey', 6),
(1783, 'create-new-poll', '', 7),
(1784, 'active-1', 'Afișat pe site: ', 1),
(1785, 'active-1', 'Доступный:', 2),
(1786, 'active-1', 'Available on site:', 6),
(1787, 'active-1', '', 7),
(1788, 'delete--1', 'Șterge', 1),
(1789, 'delete--1', 'Удалить', 2),
(1790, 'delete--1', 'Delete', 6),
(1791, 'delete--1', '', 7),
(1792, 'question-', 'Întrebări', 1),
(1793, 'question-', 'Вопросы', 2),
(1794, 'question-', 'Questions', 6),
(1795, 'question-', '', 7),
(1796, 'answer', 'Răspunsuri', 1),
(1797, 'answer', 'Ответы', 2),
(1798, 'answer', 'Answers', 6),
(1799, 'answer', '', 7),
(1800, 'social-complaints', 'Plângeri', 1),
(1801, 'social-complaints', 'Жалобы', 2),
(1802, 'social-complaints', 'Complaints', 6),
(1803, 'social-complaints', '', 7),
(1804, 'page-4', 'Pagina', 1),
(1805, 'page-4', 'Страница', 2),
(1806, 'page-4', 'Page', 6),
(1807, 'page-4', '', 7),
(1808, 'username-2', 'Nume', 1),
(1809, 'username-2', 'Фамилия', 2),
(1810, 'username-2', 'Name', 6),
(1811, 'username-2', '', 7),
(1812, 'email-8', 'Email', 1),
(1813, 'email-8', 'Емейл', 2),
(1814, 'email-8', 'Email', 6),
(1815, 'email-8', '', 7),
(1816, 'address-1', 'Adresă', 1),
(1817, 'address-1', 'Адрес', 2),
(1818, 'address-1', 'Address', 6),
(1819, 'address-1', '', 7),
(1820, 'title-8', 'Titlu', 1),
(1821, 'title-8', 'Заголовок', 2),
(1822, 'title-8', 'Title', 6),
(1823, 'title-8', '', 7),
(1824, 'text-3', 'Text', 1),
(1825, 'text-3', 'Текст', 2),
(1826, 'text-3', 'Text', 6),
(1827, 'text-3', '', 7),
(1828, 'response', 'Răspuns', 1),
(1829, 'response', 'Ответ', 2),
(1830, 'response', 'Answer', 6),
(1831, 'response', '', 7),
(1832, 'date-10', 'Dată', 1),
(1833, 'date-10', 'Дата', 2),
(1834, 'date-10', 'Date', 6),
(1835, 'date-10', '', 7),
(1836, 'private', 'Este privat', 1),
(1837, 'private', 'Частный', 2),
(1838, 'private', 'Private', 6),
(1839, 'private', '', 7),
(1840, 'enabled-8', 'Activ', 1),
(1841, 'enabled-8', 'Активный', 2),
(1842, 'enabled-8', 'Active', 6),
(1843, 'enabled-8', '', 7),
(1844, 'vars', 'Variabile', 1),
(1845, 'vars', 'Переменные', 2),
(1846, 'vars', 'Variables', 6),
(1847, 'vars', '', 7),
(1848, 'key', 'Nume', 1),
(1849, 'key', 'Название', 2),
(1850, 'key', 'Name', 6),
(1851, 'key', '', 7),
(1852, 'name-9', 'Nume', 1),
(1853, 'name-9', 'Название', 2),
(1854, 'name-9', 'Name', 6),
(1855, 'name-9', '', 7),
(1856, 'action-2', 'Acțiune', 1),
(1857, 'action-2', 'Действие', 2),
(1858, 'action-2', 'Action', 6),
(1859, 'action-2', '', 7),
(1860, 'no-vars', 'Nu sunt variabile', 1),
(1861, 'no-vars', 'Нет переменых', 2),
(1862, 'no-vars', 'No variables', 6),
(1863, 'no-vars', '', 7),
(1864, 'delete-user', 'Ștergeți acest utilizator?', 1),
(1865, 'delete-user', '', 2),
(1866, 'delete-user', '', 6),
(1867, 'delete-user', '', 7),
(1868, 'allow-pcomment', 'Activează comentarea textului', 1),
(1869, 'allow-pcomment', '', 2),
(1870, 'allow-pcomment', '', 6),
(1871, 'allow-pcomment', '', 7),
(1872, 'hovecomments', 'Activează comentariile', 1),
(1873, 'hovecomments', '', 2),
(1874, 'hovecomments', '', 6),
(1875, 'hovecomments', '', 7),
(1876, 'havesocials', 'Activează rețelele sociale', 1),
(1877, 'havesocials', '', 2),
(1878, 'havesocials', '', 6),
(1879, 'havesocials', '', 7),
(1880, 'editfiledetails', 'Editează detaliile despre fișier', 1),
(1881, 'editfiledetails', '', 2),
(1882, 'editfiledetails', '', 6),
(1883, 'editfiledetails', '', 7),
(1884, 'save-1', 'Salvează', 1),
(1885, 'save-1', '', 2),
(1886, 'save-1', '', 6),
(1887, 'save-1', '', 7),
(1888, 'is-alert', 'Este alertă', 1),
(1889, 'is-alert', '', 2),
(1890, 'is-alert', '', 6),
(1891, 'is-alert', '', 7),
(1892, 'data-expirarii-alertei', 'Data expirării alertei', 1),
(1893, 'data-expirarii-alertei', '', 2),
(1894, 'data-expirarii-alertei', '', 6),
(1895, 'data-expirarii-alertei', '', 7),
(1896, 'website-activ', 'Website activ:', 1),
(1897, 'website-activ', '', 2),
(1898, 'website-activ', '', 6),
(1899, 'website-activ', '', 7),
(1900, 'pentru-a-accesa-website-ul-folositi-linkul', 'Pentru a accesa website-ul folositi linkul:', 1),
(1901, 'pentru-a-accesa-website-ul-folositi-linkul', '', 2),
(1902, 'pentru-a-accesa-website-ul-folositi-linkul', '', 6),
(1903, 'pentru-a-accesa-website-ul-folositi-linkul', '', 7),
(1904, 'click-aici', 'click aici', 1),
(1905, 'click-aici', '', 2),
(1906, 'click-aici', '', 6),
(1907, 'click-aici', '', 7),
(1908, 'template-set', 'Setari template', 1),
(1909, 'template-set', '', 2),
(1910, 'template-set', '', 6),
(1911, 'template-set', '', 7),
(1912, 'template-2', 'Frontend template:', 1),
(1913, 'template-2', '', 2),
(1914, 'template-2', '', 6),
(1915, 'template-2', '', 7),
(1916, 'template-b', 'Backend template:', 1),
(1917, 'template-b', '', 2),
(1918, 'template-b', '', 6),
(1919, 'template-b', '', 7),
(1920, 'stiri', 'Știri', 1),
(1921, 'stiri', '', 2),
(1922, 'stiri', '', 6),
(1923, 'stiri', '', 7),
(1924, 'template-4', 'Teme', 1),
(1925, 'template-4', '', 2),
(1926, 'template-4', '', 6),
(1927, 'template-4', '', 7),
(1928, 'confirm-tpl', 'Sigur doriți să ștergeți acest template?', 1),
(1929, 'confirm-tpl', '', 2),
(1930, 'confirm-tpl', '', 6),
(1931, 'confirm-tpl', '', 7),
(1932, 'upload-new-template', 'încarcă un template nou', 1),
(1933, 'upload-new-template', '', 2),
(1934, 'upload-new-template', '', 6),
(1935, 'upload-new-template', '', 7),
(1936, 'invalid-file', 'Fișier invalid', 1),
(1937, 'invalid-file', '', 2),
(1938, 'invalid-file', '', 6),
(1939, 'invalid-file', '', 7),
(1940, 'invalid-zip', 'Arhivă invalidă', 1),
(1941, 'invalid-zip', '', 2),
(1942, 'invalid-zip', '', 6),
(1943, 'invalid-zip', '', 7),
(1944, 'installphp-is-required', 'Fișierul install.php este obligatoriu', 1),
(1945, 'installphp-is-required', '', 2),
(1946, 'installphp-is-required', '', 6),
(1947, 'installphp-is-required', '', 7),
(1948, 'undefined-app-name', 'Numele aplicației este nedefinit', 1),
(1949, 'undefined-app-name', '', 2),
(1950, 'undefined-app-name', '', 6),
(1951, 'undefined-app-name', '', 7),
(1952, 'undefined-template-name-or-already-exists', 'Template nedefinit sau deja existent', 1),
(1953, 'undefined-template-name-or-already-exists', '', 2),
(1954, 'undefined-template-name-or-already-exists', '', 6),
(1955, 'undefined-template-name-or-already-exists', '', 7),
(1956, 'template-not-found-in-zip', 'Tema nu a fost gasită în arhivă', 1),
(1957, 'template-not-found-in-zip', '', 2),
(1958, 'template-not-found-in-zip', '', 6),
(1959, 'template-not-found-in-zip', '', 7),
(1960, 'tpl-succeful', 'Tema a fost instalată', 1),
(1961, 'tpl-succeful', '', 2),
(1962, 'tpl-succeful', '', 6),
(1963, 'tpl-succeful', '', 7),
(1964, 'template-deleted', 'Template șters cu succes', 1),
(1965, 'template-deleted', '', 2),
(1966, 'template-deleted', '', 6),
(1967, 'template-deleted', '', 7),
(1968, 'template-not-found-1', 'Tema nu a fost gasită', 1),
(1969, 'template-not-found-1', '', 2),
(1970, 'template-not-found-1', '', 6),
(1971, 'template-not-found-1', '', 7),
(1972, 'alerte', 'alerte!', 1),
(1973, 'alerte', '', 2),
(1974, 'alerte', '', 6),
(1975, 'alerte', '', 7),
(1976, 'confirm-alert', 'Am facut cunoștință', 1),
(1977, 'confirm-alert', '', 2),
(1978, 'confirm-alert', '', 6),
(1979, 'confirm-alert', '', 7),
(1980, 'general-7', 'General', 1),
(1981, 'general-7', '', 2),
(1982, 'general-7', '', 6),
(1983, 'general-7', '', 7),
(1984, 'aparenta', 'Aparența', 1),
(1985, 'aparenta', '', 2),
(1986, 'aparenta', '', 6),
(1987, 'aparenta', '', 7),
(1988, 'location-1', 'Locația', 1),
(1989, 'location-1', '', 2),
(1990, 'location-1', '', 6),
(1991, 'location-1', '', 7),
(1992, 'comments', 'Comentarii', 1),
(1993, 'comments', '', 2),
(1994, 'comments', '', 6),
(1995, 'comments', '', 7),
(1996, 'inca', 'Mentenanță', 1),
(1997, 'inca', '', 2),
(1998, 'inca', '', 6),
(1999, 'inca', '', 7),
(2000, 'sitename', 'Nume site', 1),
(2001, 'sitename', '', 2),
(2002, 'sitename', '', 6),
(2003, 'sitename', '', 7),
(2004, 'cachelife', 'Memoria cash expira în (min):', 1),
(2005, 'cachelife', '', 2),
(2006, 'cachelife', '', 6),
(2007, 'cachelife', '', 7),
(2008, 'disqus-shortname', 'Utilizatorul Disqus', 1),
(2009, 'disqus-shortname', '', 2),
(2010, 'disqus-shortname', '', 6),
(2011, 'disqus-shortname', '', 7),
(2012, 'ment-text', 'Text mentenanță:', 1),
(2013, 'ment-text', '', 2),
(2014, 'ment-text', '', 6),
(2015, 'ment-text', '', 7),
(2016, 'home-logo-in-', 'Logo pentru', 1),
(2017, 'home-logo-in-', '', 2),
(2018, 'home-logo-in-', '', 6),
(2019, 'home-logo-in-', '', 7),
(2020, 'home-logo-small', 'Logo mic', 1),
(2021, 'home-logo-small', '', 2),
(2022, 'home-logo-small', '', 6),
(2023, 'home-logo-small', '', 7),
(2024, 'logo', 'Logo', 1),
(2025, 'logo', '', 2),
(2026, 'logo', '', 6),
(2027, 'logo', '', 7),
(2028, 'favicon', 'Favicon', 1),
(2029, 'favicon', '', 2),
(2030, 'favicon', '', 6),
(2031, 'favicon', '', 7),
(2032, 'map', 'Harta', 1),
(2033, 'map', '', 2),
(2034, 'map', '', 6),
(2035, 'map', '', 7),
(2036, 'create-new-gallery', 'Create new gallery', 1),
(2037, 'create-new-gallery', '', 2),
(2038, 'create-new-gallery', '', 6),
(2039, 'create-new-gallery', '', 7),
(2040, 'page-5', 'Pagina', 1),
(2041, 'page-5', '', 2),
(2042, 'page-5', '', 6),
(2043, 'page-5', '', 7),
(2044, 'restore', 'Restaureaza postarea', 1),
(2045, 'restore', '', 2),
(2046, 'restore', '', 6),
(2047, 'restore', '', 7),
(2048, 'trash-1', 'Arunca in cosul de gunoi', 1),
(2049, 'trash-1', '', 2),
(2050, 'trash-1', '', 6),
(2051, 'trash-1', '', 7),
(2052, 'delete-this-post', 'Sterge acest post?', 1),
(2053, 'delete-this-post', '', 2),
(2054, 'delete-this-post', '', 6),
(2055, 'delete-this-post', '', 7),
(2056, 'delete-this-post-1', 'Sterge definitiv', 1),
(2057, 'delete-this-post-1', '', 2),
(2058, 'delete-this-post-1', '', 6),
(2059, 'delete-this-post-1', '', 7),
(2060, 'view-sub', 'Vezi subvariabilele', 1),
(2061, 'view-sub', '', 2),
(2062, 'view-sub', '', 6),
(2063, 'view-sub', '', 7),
(2064, 'key-1', 'Cheie', 1),
(2065, 'key-1', '', 2),
(2066, 'key-1', '', 6),
(2067, 'key-1', '', 7),
(2068, 'text-in-', 'Text in ', 1),
(2069, 'text-in-', '', 2),
(2070, 'text-in-', '', 6),
(2071, 'text-in-', '', 7),
(2072, 'create-10', 'Creaza variabila', 1),
(2073, 'create-10', '', 2),
(2074, 'create-10', '', 6),
(2075, 'create-10', '', 7),
(2076, 'create-new-var', 'Creaza o variabila noua', 1),
(2077, 'create-new-var', '', 2),
(2078, 'create-new-var', '', 6),
(2079, 'create-new-var', '', 7),
(2080, 'firechat-settings', 'Setari Firechat', 1),
(2081, 'firechat-settings', '', 2),
(2082, 'firechat-settings', '', 6),
(2083, 'firechat-settings', '', 7),
(2084, 'firechat-host', 'Chat host', 1),
(2085, 'firechat-host', '', 2),
(2086, 'firechat-host', '', 6),
(2087, 'firechat-host', '', 7),
(2088, 'module-edit', 'Editeaza', 1),
(2089, 'module-edit', '', 2),
(2090, 'module-edit', '', 6),
(2091, 'module-edit', '', 7),
(2092, 'event-list', 'Lista de evenimente', 1),
(2093, 'event-list', '', 2),
(2094, 'event-list', '', 6),
(2095, 'event-list', '', 7),
(2096, 'event-group', 'Grupe de evenimente', 1),
(2097, 'event-group', '', 2),
(2098, 'event-group', '', 6),
(2099, 'event-group', '', 7);

/*!40101 SET CHARACTER_SET_CLIENT=@OLD_CHARACTER_SET_CLIENT */;
/*!40101 SET CHARACTER_SET_RESULTS=@OLD_CHARACTER_SET_RESULTS */;
/*!40101 SET COLLATION_CONNECTION=@OLD_COLLATION_CONNECTION */;
